-- MySQL dump 10.13  Distrib 5.5.57, for debian-linux-gnu (x86_64)
--
-- Host: 0.0.0.0    Database: grepom2
-- ------------------------------------------------------
-- Server version	5.5.57-0ubuntu0.14.04.1

/*!40101 SET @OLD_CHARACTER_SET_CLIENT=@@CHARACTER_SET_CLIENT */;
/*!40101 SET @OLD_CHARACTER_SET_RESULTS=@@CHARACTER_SET_RESULTS */;
/*!40101 SET @OLD_COLLATION_CONNECTION=@@COLLATION_CONNECTION */;
/*!40101 SET NAMES utf8 */;
/*!40103 SET @OLD_TIME_ZONE=@@TIME_ZONE */;
/*!40103 SET TIME_ZONE='+00:00' */;
/*!40014 SET @OLD_UNIQUE_CHECKS=@@UNIQUE_CHECKS, UNIQUE_CHECKS=0 */;
/*!40014 SET @OLD_FOREIGN_KEY_CHECKS=@@FOREIGN_KEY_CHECKS, FOREIGN_KEY_CHECKS=0 */;
/*!40101 SET @OLD_SQL_MODE=@@SQL_MODE, SQL_MODE='NO_AUTO_VALUE_ON_ZERO' */;
/*!40111 SET @OLD_SQL_NOTES=@@SQL_NOTES, SQL_NOTES=0 */;

--
-- Table structure for table `absences`
--

DROP TABLE IF EXISTS `absences`;
/*!40101 SET @saved_cs_client     = @@character_set_client */;
/*!40101 SET character_set_client = utf8 */;
CREATE TABLE `absences` (
  `id` int(10) unsigned NOT NULL AUTO_INCREMENT,
  `bureauexecutif_id` int(11) NOT NULL,
  `motif` varchar(255) COLLATE utf8_unicode_ci NOT NULL,
  `justif` int(11) NOT NULL,
  `created_at` timestamp NULL DEFAULT NULL,
  `updated_at` timestamp NULL DEFAULT NULL,
  `deleted_at` timestamp NULL DEFAULT NULL,
  PRIMARY KEY (`id`)
) ENGINE=InnoDB DEFAULT CHARSET=utf8 COLLATE=utf8_unicode_ci;
/*!40101 SET character_set_client = @saved_cs_client */;

--
-- Dumping data for table `absences`
--

LOCK TABLES `absences` WRITE;
/*!40000 ALTER TABLE `absences` DISABLE KEYS */;
/*!40000 ALTER TABLE `absences` ENABLE KEYS */;
UNLOCK TABLES;

--
-- Table structure for table `adherents`
--

DROP TABLE IF EXISTS `adherents`;
/*!40101 SET @saved_cs_client     = @@character_set_client */;
/*!40101 SET character_set_client = utf8 */;
CREATE TABLE `adherents` (
  `id` int(10) unsigned NOT NULL AUTO_INCREMENT,
  `num_adh` varchar(255) COLLATE utf8_unicode_ci NOT NULL,
  `personne_id` varchar(255) COLLATE utf8_unicode_ci NOT NULL,
  `date_adhesion` datetime DEFAULT NULL,
  `date_resiliation` datetime DEFAULT NULL,
  `adherenttype_id` int(11) DEFAULT NULL,
  `carte` tinyint(1) NOT NULL DEFAULT '0' COMMENT '0: en attente/1: délivrée/2: reçue',
  `carte_delivree` tinyint(1) DEFAULT NULL,
  `carte_recu` tinyint(1) DEFAULT NULL,
  PRIMARY KEY (`id`),
  UNIQUE KEY `num` (`num_adh`),
  UNIQUE KEY `id` (`id`)
) ENGINE=InnoDB AUTO_INCREMENT=268 DEFAULT CHARSET=utf8 COLLATE=utf8_unicode_ci;
/*!40101 SET character_set_client = @saved_cs_client */;

--
-- Dumping data for table `adherents`
--

LOCK TABLES `adherents` WRITE;
/*!40000 ALTER TABLE `adherents` DISABLE KEYS */;
INSERT INTO `adherents` VALUES (1,'1','1','2017-05-18 00:00:00',NULL,1,2,0,0),(2,'2','2','2017-05-18 22:23:02',NULL,1,2,0,0),(3,'3','3','2017-05-18 22:23:02',NULL,1,1,0,0),(4,'4','4','2017-05-18 22:23:02',NULL,1,1,0,0),(5,'5','5','2017-05-18 22:23:02',NULL,1,0,0,0),(6,'6','6','2017-05-18 22:23:02',NULL,1,0,0,0),(7,'7','7','2017-05-18 22:23:02',NULL,1,0,0,0),(8,'8','8','2017-05-18 22:23:02',NULL,1,0,0,0),(9,'9','9','2017-05-18 22:23:02',NULL,1,0,0,0),(10,'10','10','2017-05-18 22:23:02',NULL,1,0,0,0),(11,'11','11','2017-05-18 22:23:02',NULL,1,0,0,0),(12,'12','12','2017-05-18 22:23:02',NULL,1,0,0,0),(13,'13','13','2017-05-18 22:23:02',NULL,1,0,0,0),(14,'14','14','2017-05-18 22:23:02',NULL,1,0,0,0),(15,'15','15','2017-05-18 22:23:02',NULL,1,0,0,0),(16,'16','16','2017-05-18 22:23:02',NULL,1,0,0,0),(17,'17','17','2017-05-18 22:23:02',NULL,1,0,0,0),(18,'18','18','2017-05-18 22:23:02',NULL,1,0,0,0),(19,'19','19','2017-05-18 22:23:02',NULL,1,0,0,0),(20,'20','20','2017-05-18 22:23:02',NULL,1,0,0,0),(21,'21','21','2017-05-18 22:23:02',NULL,1,0,0,0),(22,'22','22','2017-05-18 22:23:02',NULL,1,0,0,0),(23,'23','23','2017-05-18 22:23:02',NULL,1,0,0,0),(24,'24','24','2017-05-18 22:23:02',NULL,1,0,0,0),(25,'25','25','2017-05-18 22:23:02',NULL,1,0,0,0),(26,'26','26','2017-05-18 22:23:02',NULL,1,0,0,0),(27,'27','27','2017-05-18 22:23:02',NULL,1,0,0,0),(28,'28','28','2017-05-18 22:23:02',NULL,1,0,0,0),(29,'29','29','2017-05-18 22:23:02',NULL,1,0,0,0),(30,'30','30','2017-05-18 22:23:02',NULL,1,0,0,0),(31,'31','31','2017-05-18 22:23:02',NULL,1,0,0,0),(32,'32','32','2017-05-18 00:00:00',NULL,1,0,0,0),(33,'33','33','2017-05-18 22:23:02',NULL,1,0,0,0),(34,'34','34','2017-05-18 22:23:02',NULL,1,0,0,0),(35,'35','35','2017-05-18 22:23:02',NULL,1,0,0,0),(36,'36','36','2017-05-18 22:23:02',NULL,1,0,0,0),(37,'37','37','2017-05-18 22:23:02',NULL,1,0,0,0),(38,'38','38','2017-05-18 22:23:02',NULL,1,0,0,0),(39,'39','39','2017-05-18 22:23:02',NULL,1,0,0,0),(40,'40','40','2017-05-18 22:23:02',NULL,1,0,0,0),(41,'41','41','2017-05-18 22:23:02',NULL,1,0,0,0),(42,'42','42','2017-05-18 22:23:02',NULL,1,0,0,0),(43,'43','43','2017-05-18 22:23:02',NULL,1,0,0,0),(44,'44','44','2017-05-18 22:23:02',NULL,1,0,0,0),(45,'45','45','2017-05-18 22:23:02',NULL,1,0,0,0),(46,'46','46','2017-05-18 22:23:02',NULL,1,0,0,0),(47,'47','47','2017-05-18 22:23:02',NULL,1,0,0,0),(48,'48','48','2017-05-18 22:23:02',NULL,1,0,0,0),(49,'49','49','2017-05-18 22:23:02',NULL,1,0,0,0),(50,'50','50','2017-05-18 22:23:02',NULL,1,0,0,0),(51,'51','51','2017-05-18 00:00:00',NULL,1,0,0,0),(52,'52','52','2017-05-18 22:23:02',NULL,1,0,0,0),(53,'53','53','2017-05-18 22:23:02',NULL,1,0,0,0),(54,'54','54','2017-05-18 22:23:02',NULL,1,0,0,0),(55,'55','55','2017-05-18 22:23:02',NULL,1,0,0,0),(56,'56','56','2017-05-18 22:23:02',NULL,1,0,0,0),(57,'57','57','2017-05-18 22:23:02',NULL,1,0,0,0),(58,'58','58','2017-05-18 22:23:02',NULL,1,0,0,0),(59,'59','59','2017-05-18 22:23:02',NULL,1,0,0,0),(60,'60','60','2017-05-18 22:23:02',NULL,1,0,0,0),(61,'61','61','2017-05-18 22:23:02',NULL,1,0,0,0),(62,'62','62','2017-05-18 22:23:02',NULL,1,0,0,0),(63,'63','63','2017-05-18 22:23:02',NULL,1,0,0,0),(64,'64','64','2017-05-18 22:23:02',NULL,1,0,0,0),(65,'65','65','2017-05-18 22:23:02',NULL,1,0,0,0),(66,'66','66','2017-05-18 22:23:02',NULL,1,0,0,0),(67,'67','67','2017-05-18 22:23:02',NULL,1,0,0,0),(68,'68','68','2017-05-18 22:23:02',NULL,1,0,0,0),(69,'69','69','2017-05-18 22:23:02',NULL,1,0,0,0),(70,'70','70','2017-05-18 22:23:02',NULL,1,0,0,0),(71,'71','71','2017-05-18 22:23:02',NULL,1,0,0,0),(72,'72','72','2017-05-18 22:23:02',NULL,1,0,0,0),(73,'73','73','2017-05-18 22:23:02',NULL,1,0,0,0),(74,'74','74','2017-05-18 22:23:02',NULL,1,0,0,0),(75,'75','75','2017-05-18 22:23:02',NULL,1,0,0,0),(76,'76','76','2017-05-18 22:23:02',NULL,1,0,0,0),(77,'77','77','2017-05-18 22:23:02',NULL,1,0,0,0),(78,'78','78','2017-05-18 22:23:02',NULL,1,0,0,0),(79,'79','79','2017-05-18 22:23:02',NULL,1,0,0,0),(80,'80','80','2017-05-18 22:23:02',NULL,1,0,0,0),(81,'81','81','2017-05-18 22:23:02',NULL,1,0,0,0),(82,'82','82','2017-05-18 22:23:02',NULL,1,0,0,0),(83,'83','83','2017-05-18 22:23:02',NULL,1,0,0,0),(84,'84','84','2017-05-18 22:23:02',NULL,1,0,0,0),(85,'85','85','2017-05-18 22:23:02',NULL,1,0,0,0),(86,'86','86','2017-05-18 22:23:02',NULL,1,0,0,0),(87,'87','87','2017-05-18 22:23:02',NULL,1,0,0,0),(88,'88','88','2017-05-18 22:23:02',NULL,1,0,0,0),(89,'89','89','2017-05-18 22:23:02',NULL,1,0,0,0),(90,'90','90','2017-05-18 22:23:02',NULL,1,0,0,0),(91,'91','91','2017-05-18 22:23:02',NULL,1,0,0,0),(92,'92','92','2017-05-18 22:23:02',NULL,1,0,0,0),(93,'93','93','2017-05-18 22:23:02',NULL,1,0,0,0),(94,'94','94','2017-05-18 22:23:02',NULL,1,0,0,0),(95,'95','95','2017-05-18 22:23:02',NULL,1,0,0,0),(96,'96','96','2017-05-18 22:23:02',NULL,1,0,0,0),(97,'97','97','2017-05-18 22:23:02',NULL,1,0,0,0),(98,'98','98','2017-05-18 22:23:02',NULL,1,0,0,0),(99,'99','99','2017-05-18 22:23:02',NULL,1,0,0,0),(100,'100','100','2017-05-18 22:23:02',NULL,1,0,0,0),(101,'101','101','2017-05-18 22:23:02',NULL,1,0,0,0),(102,'102','102','2017-05-18 22:23:02',NULL,1,0,0,0),(103,'103','103','2017-05-18 22:23:02',NULL,1,0,0,0),(104,'104','104','2017-05-18 22:23:02',NULL,1,0,0,0),(105,'105','105','2017-05-18 22:23:02',NULL,1,0,0,0),(106,'106','106','2017-05-18 22:23:02',NULL,1,0,0,0),(107,'107','107','2017-05-18 22:23:02',NULL,1,0,0,0),(108,'108','108','2017-05-18 22:23:02',NULL,1,0,0,0),(109,'109','109','2017-05-18 22:23:02',NULL,1,0,0,0),(110,'110','110','2017-05-18 22:23:02',NULL,1,0,0,0),(111,'111','111','2017-05-18 22:23:02',NULL,1,0,0,0),(112,'112','112','2017-05-18 22:23:02',NULL,1,0,0,0),(113,'113','113','2017-05-18 22:23:02',NULL,1,0,0,0),(114,'114','114','2017-05-18 22:23:02',NULL,1,0,0,0),(115,'115','115','2017-05-18 22:23:02',NULL,1,0,0,0),(116,'116','116','2017-05-18 22:23:02',NULL,1,0,0,0),(117,'117','117','2017-05-18 22:23:02',NULL,1,0,0,0),(118,'118','118','2017-05-18 22:23:02',NULL,1,0,0,0),(119,'119','119','2017-05-18 22:23:02',NULL,1,0,0,0),(120,'120','120','2017-05-18 22:23:02',NULL,1,0,0,0),(121,'121','121','2017-05-18 22:23:02',NULL,1,0,0,0),(122,'122','122','2017-05-18 22:23:02',NULL,1,0,0,0),(123,'123','123','2017-05-18 22:23:02',NULL,1,0,0,0),(124,'124','124','2017-05-18 22:23:02',NULL,1,0,0,0),(125,'125','125','2017-05-18 22:23:02',NULL,1,0,0,0),(126,'126','126','2017-05-18 22:23:02',NULL,1,0,0,0),(127,'127','127','2017-05-18 22:23:02',NULL,1,0,0,0),(128,'128','128','2017-05-18 22:23:02',NULL,1,0,0,0),(129,'129','129','2017-05-18 22:23:02',NULL,1,0,0,0),(130,'130','130','2017-05-18 22:23:02',NULL,1,0,0,0),(131,'131','131','2017-05-18 22:23:02',NULL,1,0,0,0),(132,'132','132','2017-05-18 22:23:02',NULL,1,0,0,0),(133,'133','133','2017-05-18 22:23:02',NULL,1,0,0,0),(134,'134','134','2017-05-18 22:23:02',NULL,1,0,0,0),(135,'135','135','2017-05-18 22:23:02',NULL,1,0,0,0),(136,'136','136','2017-05-18 22:23:02',NULL,1,0,0,0),(137,'137','137','2017-05-18 22:23:02',NULL,1,0,0,0),(138,'138','138','2017-05-18 22:23:02',NULL,1,0,0,0),(139,'139','139','2017-05-18 22:23:02',NULL,1,0,0,0),(140,'140','140','2017-05-18 22:23:02',NULL,1,0,0,0),(141,'141','141','2017-05-18 22:23:02',NULL,1,0,0,0),(142,'142','142','2017-05-18 22:23:02',NULL,1,0,0,0),(143,'143','143','2017-05-18 22:23:02',NULL,1,0,0,0),(144,'144','144','2017-05-18 22:23:02',NULL,1,0,0,0),(145,'145','145','2017-05-18 22:23:02',NULL,1,0,0,0),(146,'146','146','2017-05-18 22:23:02',NULL,1,0,0,0),(147,'147','147','2017-05-18 22:23:02',NULL,1,0,0,0),(148,'148','148','2017-05-18 22:23:02',NULL,1,0,0,0),(149,'149','149','2017-05-18 22:23:02',NULL,1,0,0,0),(150,'150','150','2017-05-18 22:23:02',NULL,1,0,0,0),(151,'151','151','2017-05-18 22:23:02',NULL,1,0,0,0),(152,'152','152','2017-05-18 22:23:02',NULL,1,0,0,0),(153,'153','153','2017-05-18 22:23:02',NULL,1,0,0,0),(154,'154','154','2017-05-18 22:23:02',NULL,1,0,0,0),(155,'155','155','2017-05-18 22:23:02',NULL,1,0,0,0),(156,'156','156','2017-05-18 22:23:02',NULL,1,0,0,0),(157,'157','157','2017-05-18 22:23:02',NULL,1,0,0,0),(158,'158','158','2017-05-18 22:23:02',NULL,1,0,0,0),(159,'159','159','2017-05-18 22:23:02',NULL,1,0,0,0),(160,'160','160','2017-05-18 22:23:02',NULL,1,0,0,0),(161,'161','161','2017-05-18 22:23:02',NULL,1,0,0,0),(162,'162','162','2017-05-18 22:23:02',NULL,1,0,0,0),(163,'163','163','2017-05-18 22:23:02',NULL,1,0,0,0),(164,'164','164','2017-05-18 22:23:02',NULL,1,0,0,0),(165,'165','165','2017-05-18 22:23:02',NULL,1,0,0,0),(166,'166','166','2017-05-18 22:23:02',NULL,1,0,0,0),(167,'167','167','2017-05-18 22:23:02',NULL,1,0,0,0),(168,'168','168','2017-05-18 22:23:02',NULL,1,0,0,0),(169,'169','169','2017-05-18 22:23:02',NULL,1,0,0,0),(170,'170','170','2017-05-18 22:23:02',NULL,1,0,0,0),(171,'171','171','2017-05-18 22:23:02',NULL,1,0,0,0),(172,'172','172','2017-05-18 22:23:02',NULL,1,0,0,0),(173,'173','173','2017-05-18 22:23:02',NULL,1,0,0,0),(174,'174','174','2017-05-18 22:23:02',NULL,1,0,0,0),(175,'175','175','2017-05-18 22:23:02',NULL,1,0,0,0),(176,'176','176','2017-05-18 22:23:02',NULL,1,0,0,0),(177,'177','177','2017-05-18 22:23:02',NULL,1,0,0,0),(178,'178','178','2017-05-18 22:23:02',NULL,1,0,0,0),(179,'179','179','2017-05-18 22:23:02',NULL,1,0,0,0),(180,'180','180','2017-05-18 22:23:02',NULL,1,0,0,0),(181,'181','181','2017-05-18 22:23:02',NULL,1,0,0,0),(182,'182','182','2017-05-18 22:23:02',NULL,1,0,0,0),(183,'183','183','2017-05-18 22:23:02',NULL,1,0,0,0),(184,'184','184','2017-05-18 22:23:02',NULL,1,0,0,0),(185,'185','185','2017-05-18 22:23:02',NULL,1,0,0,0),(186,'186','186','2017-05-18 22:23:02',NULL,1,0,0,0),(187,'187','187','2017-05-18 22:23:02',NULL,1,0,0,0),(188,'188','188','2017-05-18 22:23:02',NULL,1,0,0,0),(189,'189','189','2017-05-18 22:23:02',NULL,1,0,0,0),(190,'190','190','2017-05-18 22:23:02',NULL,1,0,0,0),(191,'191','191','2017-05-18 22:23:02',NULL,1,0,0,0),(192,'192','192','2017-05-18 22:23:02',NULL,1,0,0,0),(193,'193','193','2017-05-18 22:23:02',NULL,1,0,0,0),(194,'194','194','2017-05-18 22:23:02',NULL,1,0,0,0),(195,'195','195','2017-05-18 22:23:02',NULL,1,0,0,0),(196,'196','196','2017-05-18 22:23:02',NULL,1,0,0,0),(197,'197','197','2017-05-18 22:23:02',NULL,1,0,0,0),(198,'198','198','2017-05-18 22:23:02',NULL,1,0,0,0),(199,'199','199','2017-05-18 22:23:02',NULL,1,0,0,0),(200,'200','200','2017-05-18 22:23:02',NULL,1,0,0,0),(201,'201','201','2017-05-18 22:23:02',NULL,1,0,0,0),(202,'202','202','2017-05-18 22:23:02',NULL,1,0,0,0),(203,'203','203','2017-05-18 22:23:02',NULL,1,0,0,0),(204,'204','204','2017-05-18 22:23:02',NULL,1,0,0,0),(205,'205','205','2017-05-18 22:23:02',NULL,1,0,0,0),(206,'206','206','2017-05-18 22:23:02',NULL,1,0,0,0),(207,'207','207','2017-05-18 22:23:02',NULL,1,0,0,0),(208,'208','208','2017-05-18 22:23:02',NULL,1,0,0,0),(209,'209','209','2017-05-18 22:23:02',NULL,1,0,0,0),(210,'210','210','2017-05-18 22:23:02',NULL,1,0,0,0),(211,'211','211','2017-05-18 22:23:02',NULL,1,0,0,0),(212,'212','212','2017-05-18 22:23:02',NULL,1,0,0,0),(213,'213','213','2017-05-18 22:23:02',NULL,1,0,0,0),(214,'214','214','2017-05-18 22:23:02',NULL,1,0,0,0),(215,'215','215','2017-05-18 22:23:02',NULL,1,0,0,0),(216,'216','216','2017-05-18 22:23:02',NULL,1,0,0,0),(217,'217','217','2017-05-18 22:23:02',NULL,1,0,0,0),(218,'218','218','2017-05-18 22:23:02',NULL,1,0,0,0),(219,'219','219','2017-05-18 22:23:02',NULL,1,0,0,0),(220,'220','220','2017-05-18 22:23:02',NULL,1,0,0,0),(221,'221','221','2017-05-18 22:23:02',NULL,1,0,0,0),(222,'222','222','2017-05-18 22:23:02',NULL,1,0,0,0),(223,'223','223','2017-05-18 00:00:00',NULL,1,0,0,0),(224,'224','224','2017-05-18 22:23:02',NULL,1,0,0,0),(225,'225','225','2017-05-18 22:23:02',NULL,1,0,0,0),(226,'226','226','2017-05-18 22:23:02',NULL,1,0,0,0),(227,'227','227','2017-05-18 22:23:02',NULL,1,0,0,0),(228,'228','228','2017-05-18 22:23:02',NULL,1,0,0,0),(229,'229','229','2017-05-18 22:23:02',NULL,1,0,0,0),(230,'230','230','2017-05-18 22:23:02',NULL,1,0,0,0),(231,'231','231','2017-05-18 22:23:02',NULL,1,0,0,0),(232,'232','232','2017-05-18 22:23:02',NULL,1,0,0,0),(233,'233','233','2017-05-18 22:23:02',NULL,1,0,0,0),(234,'234','234','2017-05-18 22:23:02',NULL,1,0,0,0),(235,'235','235','2017-05-18 22:23:02',NULL,1,0,0,0),(236,'236','236','2017-05-18 22:23:02',NULL,1,0,0,0),(237,'237','237','2017-05-18 22:23:02',NULL,1,0,0,0),(238,'238','238','2017-05-18 22:23:02',NULL,1,0,0,0),(239,'239','239','2017-05-18 22:23:02',NULL,1,0,0,0),(240,'240','240','2017-05-18 22:23:02',NULL,1,0,0,0),(241,'241','241','2017-05-18 22:23:02',NULL,1,0,0,0),(242,'242','242','2017-05-18 22:23:02',NULL,1,0,0,0),(243,'243','243','2017-05-18 22:23:02',NULL,1,0,0,0),(244,'244','244','2017-05-18 22:23:02',NULL,1,0,0,0),(245,'245','245','2017-05-18 22:23:02',NULL,1,0,0,0),(246,'246','246','2017-05-18 22:23:02',NULL,1,0,0,0),(247,'247','247','2017-05-18 22:23:02',NULL,1,0,0,0),(248,'248','248','2017-05-18 22:23:02',NULL,1,0,0,0),(249,'249','249','2017-05-18 22:23:02',NULL,1,0,0,0),(250,'250','250','2017-05-18 22:23:02',NULL,1,0,0,0),(251,'251','251','2017-05-18 22:23:02',NULL,1,0,0,0),(252,'252','252','2017-05-18 22:23:02',NULL,1,0,0,0),(254,'254','253','2017-05-18 22:23:02',NULL,1,0,0,0),(255,'255','254','2017-05-18 22:23:02',NULL,1,0,0,0),(256,'256','255','2017-05-18 22:23:02',NULL,1,0,0,0),(257,'257','256','2017-05-18 22:23:02',NULL,1,0,0,0),(258,'258','257','2017-05-18 22:23:02',NULL,1,0,0,0),(259,'259','258','2017-05-18 22:23:02',NULL,1,0,0,0),(260,'260','259','2017-05-18 22:23:02',NULL,1,0,0,0),(261,'261','260','2017-05-18 22:23:02',NULL,1,0,0,0),(262,'262','261','2017-05-18 22:23:02',NULL,1,0,0,0),(263,'263','262','2017-05-18 22:23:02',NULL,1,0,0,0),(264,'264','263','2017-05-18 22:23:02',NULL,1,0,0,0),(265,'265','264','2017-05-18 22:23:02',NULL,1,0,0,0),(266,'266','265','2017-05-18 22:23:02',NULL,1,0,0,0),(267,'12333','522','2017-10-04 00:00:00',NULL,4,2,NULL,NULL);
/*!40000 ALTER TABLE `adherents` ENABLE KEYS */;
UNLOCK TABLES;

--
-- Table structure for table `adherenttypes`
--

DROP TABLE IF EXISTS `adherenttypes`;
/*!40101 SET @saved_cs_client     = @@character_set_client */;
/*!40101 SET character_set_client = utf8 */;
CREATE TABLE `adherenttypes` (
  `id` int(10) unsigned NOT NULL AUTO_INCREMENT,
  `type_adh` varchar(255) COLLATE utf8_unicode_ci NOT NULL,
  PRIMARY KEY (`id`)
) ENGINE=InnoDB AUTO_INCREMENT=5 DEFAULT CHARSET=utf8 COLLATE=utf8_unicode_ci;
/*!40101 SET character_set_client = @saved_cs_client */;

--
-- Dumping data for table `adherenttypes`
--

LOCK TABLES `adherenttypes` WRITE;
/*!40000 ALTER TABLE `adherenttypes` DISABLE KEYS */;
INSERT INTO `adherenttypes` VALUES (1,'Membre'),(2,'Membre bienfaiteur'),(3,'Membre d\'honneur'),(4,'Membre de droit');
/*!40000 ALTER TABLE `adherenttypes` ENABLE KEYS */;
UNLOCK TABLES;

--
-- Table structure for table `annees`
--

DROP TABLE IF EXISTS `annees`;
/*!40101 SET @saved_cs_client     = @@character_set_client */;
/*!40101 SET character_set_client = utf8 */;
CREATE TABLE `annees` (
  `annee` int(11) NOT NULL,
  PRIMARY KEY (`annee`)
) ENGINE=InnoDB DEFAULT CHARSET=utf8 COLLATE=utf8_unicode_ci;
/*!40101 SET character_set_client = @saved_cs_client */;

--
-- Dumping data for table `annees`
--

LOCK TABLES `annees` WRITE;
/*!40000 ALTER TABLE `annees` DISABLE KEYS */;
INSERT INTO `annees` VALUES (2015),(2016),(2017);
/*!40000 ALTER TABLE `annees` ENABLE KEYS */;
UNLOCK TABLES;

--
-- Table structure for table `chapitres`
--

DROP TABLE IF EXISTS `chapitres`;
/*!40101 SET @saved_cs_client     = @@character_set_client */;
/*!40101 SET character_set_client = utf8 */;
CREATE TABLE `chapitres` (
  `id` int(10) unsigned NOT NULL AUTO_INCREMENT,
  `parent_id` int(11) DEFAULT '0',
  `titre` varchar(255) COLLATE utf8_unicode_ci NOT NULL,
  `contenu` text COLLATE utf8_unicode_ci NOT NULL,
  `procedure_id` int(11) NOT NULL,
  PRIMARY KEY (`id`)
) ENGINE=InnoDB AUTO_INCREMENT=12 DEFAULT CHARSET=utf8 COLLATE=utf8_unicode_ci;
/*!40101 SET character_set_client = @saved_cs_client */;

--
-- Dumping data for table `chapitres`
--

LOCK TABLES `chapitres` WRITE;
/*!40000 ALTER TABLE `chapitres` DISABLE KEYS */;
INSERT INTO `chapitres` VALUES (1,0,'1. Titre 1','3333',2),(2,0,'2. Titre 2','3333',2),(6,0,'3. Titre 3','3333',2),(7,1,'1.1. Introduction','Ce manuel est bien entendu destiné à être mis à jour au fur et à mesure de l\'évolution du cadre structurel et des changements intervenant dans le processus de traitement des opérations au sein de l’Association.',2),(8,10,'2.1.1 Règles générales relatives aux niveaux de responsabilité','Par définition, trois niveaux de responsabilité sont appliqués pour toutes les opérations administratives, financières et comptables, dans le cadre du principe général de la séparation des fonctions : \n- Le Représentant Légal : c’est dans tous les cas le ',2),(9,10,'2.1.2. Règle générale relative aux paiements ','Par application des bonnes pratiques permettant le renforcement de la gouvernance, de la transparence et de la sécurisation des flux financiers, tous les paiements effectués par l’ANSS nécessitent au moins deux signataires légaux. \nLes signataires légaux ',2),(10,2,'2.1. Règles de gestion ',' Le PABA est élaboré à partir du plan d’action stratégique ;\n Le PABA porte sur une année ;\n La préparation du PABA s’étale sur trois mois et associe tous les partenaires clés de l’ANSS et les membres de l’ANSS ;\n Un comité technique de l’ANSS assure ',2),(11,2,'2.2. La procédure','<p class=\"MsoNormal\" xss=removed><span lang=\"FR\" xss=removed>Les travaux  de l’élaboration du PABA suivent les étapes\nsuivantes : <o></o></span></p><p class=\"MsoNormal\" xss=removed><span lang=\"FR\" xss=removed><o> </o></span></p><p>\n\n\n\n</p><table class=\"MsoNormalTable\" border=\"1\" cellspacing=\"0\" cellpadding=\"0\" xss=removed>\n <tbody><tr>\n  <td width=\"127\" valign=\"top\" xss=removed>\n  <p class=\"MsoNormal\" xss=removed><b><span lang=\"FR\" xss=removed>Période<o></o></span></b></p>\n  </td>\n  <td width=\"282\" valign=\"top\" xss=removed>\n  <p class=\"MsoNormal\" xss=removed><b><span lang=\"FR\" xss=removed>Actions<o></o></span></b></p>\n  </td>\n  <td width=\"205\" valign=\"top\" xss=removed>\n  <p class=\"MsoNormal\" xss=removed><b><span lang=\"FR\" xss=removed>Intervenants<o></o></span></b></p>\n  </td>\n </tr>\n <tr>\n  <td width=\"127\" valign=\"top\" xss=removed>\n  <p class=\"MsoNormal\" xss=removed><span lang=\"FR\" xss=removed>01 Septembre <o></o></span></p>\n  </td>\n  <td width=\"282\" valign=\"top\" xss=removed>\n  <p class=\"MsoNormal\" xss=removed><span lang=\"FR\" xss=removed>Réunion\n  préparatoire à l’élaboration du PABA<o></o></span></p>\n  </td>\n  <td width=\"205\" valign=\"top\" xss=removed>\n  <p class=\"MsoNormal\" xss=removed><span lang=\"FR\" xss=removed>Coordonnateur<o></o></span></p>\n  <p class=\"MsoNormal\" xss=removed><span lang=\"FR\" xss=removed>Chefs de Services<o></o></span></p>\n  </td>\n </tr>\n <tr>\n  <td width=\"127\" valign=\"top\" xss=removed>\n  <p class=\"MsoNormal\" xss=removed><span lang=\"FR\" xss=removed>02 septembre <o></o></span></p>\n  </td>\n  <td width=\"282\" valign=\"top\" xss=removed>\n  <p class=\"MsoNormal\" xss=removed><span lang=\"FR\" xss=removed>Rédaction et\n  diffusion des instructions pour la préparation du PABA<o></o></span></p>\n  </td>\n  <td width=\"205\" valign=\"top\" xss=removed>\n  <p class=\"MsoNormal\" xss=removed><span lang=\"FR\" xss=removed>Chargé des\n  Programmes<o></o></span></p>\n  <p class=\"MsoNormal\" xss=removed><span lang=\"FR-BE\" xss=removed>Responsable Administratif et Financier<o></o></span></p>\n  <p class=\"MsoNormal\" xss=removed><span lang=\"FR\" xss=removed>Coordonnateur<o></o></span></p>\n  </td>\n </tr>\n <tr>\n  <td width=\"127\" valign=\"top\" xss=removed>\n  <p class=\"MsoNormal\" xss=removed><span lang=\"FR\" xss=removed>15 septembre <o></o></span></p>\n  </td>\n  <td width=\"282\" valign=\"top\" xss=removed>\n  <p class=\"MsoNormal\" xss=removed><span lang=\"FR\" xss=removed>Transmission des\n  besoins pour les prévisions budgétaires annuels<o></o></span></p>\n  </td>\n  <td width=\"205\" valign=\"top\" xss=removed>\n  <p class=\"MsoNormal\" xss=removed><span lang=\"FR\" xss=removed>Chefs de services<o></o></span></p>\n  <p class=\"MsoNormal\" xss=removed><span lang=\"FR\" xss=removed><o> </o></span></p>\n  </td>\n </tr>\n <tr>\n  <td width=\"127\" valign=\"top\" xss=removed>\n  <p class=\"MsoNormal\" xss=removed><span lang=\"FR\" xss=removed>20 septembre <o></o></span></p>\n  </td>\n  <td width=\"282\" valign=\"top\" xss=removed>\n  <p class=\"MsoNormal\" xss=removed><span lang=\"FR\" xss=removed>Elaboration du\n  projet de budget<o></o></span></p>\n  </td>\n  <td width=\"205\" valign=\"top\" xss=removed>\n  <p class=\"MsoNormal\" xss=removed><span lang=\"FR\" xss=removed>Comité Technique\n  ad.hoc<o></o></span></p>\n  </td>\n </tr>\n <tr>\n  <td width=\"127\" valign=\"top\" xss=removed>\n  <p class=\"MsoNormal\" xss=removed><span lang=\"FR\" xss=removed>30 septembre <o></o></span></p>\n  </td>\n  <td width=\"282\" valign=\"top\" xss=removed>\n  <p class=\"MsoNormal\" xss=removed><span lang=\"FR\" xss=removed>Discussion du\n  projet de budget au comité  technique de la Coordination<o></o></span></p>\n  </td>\n  <td width=\"205\" valign=\"top\" xss=removed>\n  <p class=\"MsoNormal\" xss=removed><span lang=\"FR\" xss=removed>Comité Technique\n  ad.hoc<o></o></span></p>\n  </td>\n </tr>\n <tr>\n  <td width=\"127\" valign=\"top\" xss=removed>\n  <p class=\"MsoNormal\" xss=removed><span lang=\"FR\" xss=removed>15 octobre<o></o></span></p>\n  </td>\n  <td width=\"282\" valign=\"top\" xss=removed>\n  <p class=\"MsoNormal\" xss=removed><span lang=\"FR\" xss=removed>Examen du projet de\n  budget <o></o></span></p>\n  </td>\n  <td width=\"205\" valign=\"top\" xss=removed>\n  <p class=\"MsoNormal\" xss=removed><span lang=\"FR\" xss=removed>Comité Exécutif<o></o></span></p>\n  </td>\n </tr>\n <tr>\n  <td width=\"127\" valign=\"top\" xss=removed>\n  <p class=\"MsoNormal\" xss=removed><span lang=\"FR\" xss=removed>Octobre <o></o></span></p>\n  </td>\n  <td width=\"282\" valign=\"top\" xss=removed>\n  <p class=\"MsoNormal\" xss=removed><span lang=\"FR\" xss=removed>Adoption du projet\n  du budget<o></o></span></p>\n  </td>\n  <td width=\"205\" valign=\"top\" xss=removed>\n  <p class=\"MsoNormal\" xss=removed><span lang=\"FR\" xss=removed>Assemblée générale<o></o></span></p>\n  </td>\n </tr>\n <tr>\n  <td width=\"127\" valign=\"top\" xss=removed>\n  <p class=\"MsoNormal\" xss=removed><span lang=\"FR\" xss=removed>Décembre <o></o></span></p>\n  </td>\n  <td width=\"282\" valign=\"top\" xss=removed>\n  <p class=\"MsoNormal\" xss=removed><span lang=\"FR\" xss=removed>Diffusion du budget\n  aux différents partenaires<o></o></span></p>\n  </td>\n  <td width=\"205\" valign=\"top\" xss=removed>\n  <p class=\"MsoNormal\" xss=removed><span lang=\"FR\" xss=removed>Coordonnateur<o></o></span></p>\n  </td>\n </tr>\n</tbody></table>',2);
/*!40000 ALTER TABLE `chapitres` ENABLE KEYS */;
UNLOCK TABLES;

--
-- Table structure for table `cnfonctions`
--

DROP TABLE IF EXISTS `cnfonctions`;
/*!40101 SET @saved_cs_client     = @@character_set_client */;
/*!40101 SET character_set_client = utf8 */;
CREATE TABLE `cnfonctions` (
  `id` int(11) NOT NULL AUTO_INCREMENT,
  `cn_fonction` varchar(255) COLLATE utf8_unicode_ci NOT NULL,
  `ba` smallint(6) NOT NULL DEFAULT '0',
  PRIMARY KEY (`id`)
) ENGINE=InnoDB AUTO_INCREMENT=7 DEFAULT CHARSET=utf8 COLLATE=utf8_unicode_ci;
/*!40101 SET character_set_client = @saved_cs_client */;

--
-- Dumping data for table `cnfonctions`
--

LOCK TABLES `cnfonctions` WRITE;
/*!40000 ALTER TABLE `cnfonctions` DISABLE KEYS */;
INSERT INTO `cnfonctions` VALUES (1,'Président',1),(2,'Vice-président',1),(3,'Secrétaire général',1),(4,'Secrétaire générale adjoint',1),(5,'Trésorier',1),(6,'Conseiller',0);
/*!40000 ALTER TABLE `cnfonctions` ENABLE KEYS */;
UNLOCK TABLES;

--
-- Table structure for table `cnmembres`
--

DROP TABLE IF EXISTS `cnmembres`;
/*!40101 SET @saved_cs_client     = @@character_set_client */;
/*!40101 SET character_set_client = utf8 */;
CREATE TABLE `cnmembres` (
  `id` int(10) unsigned NOT NULL AUTO_INCREMENT,
  `adherent_id` int(11) NOT NULL,
  `reunion_id` int(11) DEFAULT NULL,
  `cnfonction_id` int(11) NOT NULL,
  `date-cn` date NOT NULL,
  `mandat` int(11) NOT NULL,
  PRIMARY KEY (`id`)
) ENGINE=InnoDB AUTO_INCREMENT=16 DEFAULT CHARSET=utf8 COLLATE=utf8_unicode_ci;
/*!40101 SET character_set_client = @saved_cs_client */;

--
-- Dumping data for table `cnmembres`
--

LOCK TABLES `cnmembres` WRITE;
/*!40000 ALTER TABLE `cnmembres` DISABLE KEYS */;
INSERT INTO `cnmembres` VALUES (5,87,0,1,'2017-01-01',2017),(6,99,0,2,'2017-01-01',2017),(7,184,NULL,3,'2017-01-01',2017),(8,114,NULL,4,'2017-01-01',2017),(9,165,NULL,5,'2017-01-01',2017),(10,23,NULL,6,'2017-01-02',2017),(11,30,NULL,6,'2017-01-02',2017),(12,248,NULL,6,'2017-01-02',2017),(13,68,NULL,6,'2017-01-01',2017),(14,245,NULL,6,'2017-01-01',2017),(15,243,NULL,6,'2017-01-01',2017);
/*!40000 ALTER TABLE `cnmembres` ENABLE KEYS */;
UNLOCK TABLES;

--
-- Table structure for table `commandebons`
--

DROP TABLE IF EXISTS `commandebons`;
/*!40101 SET @saved_cs_client     = @@character_set_client */;
/*!40101 SET character_set_client = utf8 */;
CREATE TABLE `commandebons` (
  `id` int(11) NOT NULL AUTO_INCREMENT,
  `designation` varchar(255) CHARACTER SET utf8 NOT NULL,
  `commande_id` int(11) NOT NULL,
  `prixU` double NOT NULL,
  `quantite` double NOT NULL,
  `prixT` double NOT NULL,
  PRIMARY KEY (`id`)
) ENGINE=InnoDB AUTO_INCREMENT=5 DEFAULT CHARSET=latin1;
/*!40101 SET character_set_client = @saved_cs_client */;

--
-- Dumping data for table `commandebons`
--

LOCK TABLES `commandebons` WRITE;
/*!40000 ALTER TABLE `commandebons` DISABLE KEYS */;
INSERT INTO `commandebons` VALUES (4,'designation 1',7,500,2,1000);
/*!40000 ALTER TABLE `commandebons` ENABLE KEYS */;
UNLOCK TABLES;

--
-- Table structure for table `commandes`
--

DROP TABLE IF EXISTS `commandes`;
/*!40101 SET @saved_cs_client     = @@character_set_client */;
/*!40101 SET character_set_client = utf8 */;
CREATE TABLE `commandes` (
  `id` int(11) NOT NULL AUTO_INCREMENT,
  `fournisseur` varchar(255) NOT NULL,
  `fournisseur_adr` varchar(255) DEFAULT NULL,
  `num_commande` varchar(255) CHARACTER SET utf8 NOT NULL,
  `objet` varchar(255) CHARACTER SET utf8 DEFAULT NULL,
  `date_commande` date NOT NULL,
  `id_facture` varchar(100) CHARACTER SET utf8 DEFAULT NULL,
  `id_bl` varchar(100) CHARACTER SET utf8 DEFAULT NULL,
  `tva` double NOT NULL DEFAULT '0',
  PRIMARY KEY (`id`),
  UNIQUE KEY `num_commande` (`num_commande`)
) ENGINE=InnoDB AUTO_INCREMENT=7 DEFAULT CHARSET=latin1;
/*!40101 SET character_set_client = @saved_cs_client */;

--
-- Dumping data for table `commandes`
--

LOCK TABLES `commandes` WRITE;
/*!40000 ALTER TABLE `commandes` DISABLE KEYS */;
INSERT INTO `commandes` VALUES (5,'fournisseur 1','','677','Fournitures bureautique','2017-02-14','F677','BL677',20),(6,'fournisseur','','987','Outils HiTech','2017-08-07','F987','BL987',20);
/*!40000 ALTER TABLE `commandes` ENABLE KEYS */;
UNLOCK TABLES;

--
-- Table structure for table `compta_compte`
--

DROP TABLE IF EXISTS `compta_compte`;
/*!40101 SET @saved_cs_client     = @@character_set_client */;
/*!40101 SET character_set_client = utf8 */;
CREATE TABLE `compta_compte` (
  `id` int(11) NOT NULL,
  `libelle` varchar(255) NOT NULL,
  `description` varchar(255) DEFAULT NULL,
  `banque` varchar(255) DEFAULT NULL,
  `type` varchar(255) DEFAULT NULL,
  `solde_initial` float NOT NULL,
  `numero` varchar(255) NOT NULL,
  PRIMARY KEY (`id`)
) ENGINE=InnoDB DEFAULT CHARSET=utf8;
/*!40101 SET character_set_client = @saved_cs_client */;

--
-- Dumping data for table `compta_compte`
--

LOCK TABLES `compta_compte` WRITE;
/*!40000 ALTER TABLE `compta_compte` DISABLE KEYS */;
/*!40000 ALTER TABLE `compta_compte` ENABLE KEYS */;
UNLOCK TABLES;

--
-- Table structure for table `cotisations`
--

DROP TABLE IF EXISTS `cotisations`;
/*!40101 SET @saved_cs_client     = @@character_set_client */;
/*!40101 SET character_set_client = utf8 */;
CREATE TABLE `cotisations` (
  `id` int(10) unsigned NOT NULL AUTO_INCREMENT,
  `recette_id` int(11) NOT NULL,
  `adherent_id` int(11) NOT NULL,
  `montant` varchar(255) COLLATE utf8_unicode_ci DEFAULT NULL,
  `cotisationannee_id` int(11) NOT NULL,
  `date_cotisation` date DEFAULT NULL,
  `numrecu` varchar(255) COLLATE utf8_unicode_ci DEFAULT '0',
  `annee_id` int(11) NOT NULL,
  `modepaiement_id` int(11) DEFAULT NULL,
  `cotisationtype_id` int(11) DEFAULT NULL,
  `receptionpar_id` varchar(8) COLLATE utf8_unicode_ci DEFAULT NULL,
  `remarques` varchar(255) COLLATE utf8_unicode_ci DEFAULT NULL,
  PRIMARY KEY (`id`)
) ENGINE=InnoDB AUTO_INCREMENT=226 DEFAULT CHARSET=utf8 COLLATE=utf8_unicode_ci;
/*!40101 SET character_set_client = @saved_cs_client */;

--
-- Dumping data for table `cotisations`
--

LOCK TABLES `cotisations` WRITE;
/*!40000 ALTER TABLE `cotisations` DISABLE KEYS */;
INSERT INTO `cotisations` VALUES (1,0,3,'100',2015,'2015-01-01','2510',2015,1,1,NULL,NULL),(2,0,4,'100',2015,'2015-01-01','2551',2015,1,1,NULL,NULL),(3,0,8,'100',2015,'2015-01-01','49',2015,1,1,NULL,NULL),(4,0,10,'50',2015,'2015-01-01','55',2015,1,1,NULL,NULL),(5,0,15,'100',2015,'2015-01-01','2524',2015,1,1,NULL,NULL),(6,0,17,'100',2015,'2015-01-01','2512',2015,1,1,NULL,NULL),(7,0,18,'50',2015,'2015-01-01','2595',2015,1,1,NULL,NULL),(8,0,19,'100',2015,'2015-01-01','2503',2015,1,1,NULL,NULL),(9,0,22,'100',2015,'2015-01-01','66',2015,1,1,NULL,NULL),(10,0,28,'100',2015,'2015-01-01','2522',2015,1,1,NULL,NULL),(11,0,31,'50',2015,'2015-01-01','48',2015,1,1,NULL,NULL),(12,0,32,'100',2015,'2015-01-01','50',2015,1,1,NULL,NULL),(13,0,33,'50',2015,'2015-01-01','61',2015,1,1,NULL,NULL),(14,0,40,'100',2015,'2015-01-01','2533',2015,1,1,NULL,NULL),(15,0,41,'100',2015,'2015-01-01','2537',2015,1,1,NULL,NULL),(16,0,46,'100',2015,'2015-01-01','2509',2015,1,1,NULL,NULL),(17,0,47,'100',2015,'2015-01-01','2539',2015,1,1,NULL,NULL),(18,0,48,'100',2015,'2015-01-01','2519',2015,1,1,NULL,NULL),(19,0,49,'50',2015,'2015-01-01','2520',2015,1,1,NULL,NULL),(20,0,51,'50',2015,'2015-01-01','2552',2015,1,1,NULL,NULL),(21,0,53,'100',2015,'2015-01-01','2504',2015,1,1,NULL,NULL),(22,0,54,'100',2015,'2015-01-01','2526',2015,1,1,NULL,NULL),(23,0,55,'100',2015,'2015-01-01','2525',2015,1,1,NULL,NULL),(24,0,59,'100',2015,'2015-01-01','387',2015,1,1,NULL,NULL),(25,0,65,'100',2015,'2015-01-01','2536',2015,1,1,NULL,NULL),(26,0,68,'100',2015,'2015-01-01','2508',2015,1,1,NULL,NULL),(27,0,71,'100',2015,'2015-01-01','2513',2015,1,1,NULL,NULL),(28,0,72,'100',2015,'2015-01-01','2514',2015,1,1,NULL,NULL),(29,0,73,'50',2015,'2015-01-01','2521',2015,1,1,NULL,NULL),(30,0,74,'100',2015,'2015-01-01','65',2015,1,1,NULL,NULL),(31,0,77,'100',2015,'2015-01-01','2516',2015,1,1,NULL,NULL),(32,0,86,'100',2015,'2015-01-01','62',2015,1,1,NULL,NULL),(33,0,88,'100',2015,'2015-01-01','2534',2015,1,1,NULL,NULL),(34,0,95,'100',2015,'2015-01-01','47',2015,1,1,NULL,NULL),(35,0,97,'100',2015,'2015-01-01','2517',2015,1,1,NULL,NULL),(36,0,100,'100',2015,'2015-01-01','2566',2015,1,1,NULL,NULL),(37,0,101,'100',2015,'2015-01-01','67',2015,1,1,NULL,NULL),(38,0,102,'100',2015,'2015-01-01','2542',2015,1,1,NULL,NULL),(39,0,103,'100',2015,'2015-01-01','46',2015,1,1,NULL,NULL),(40,0,104,'100',2015,'2015-01-01','23',2015,1,1,NULL,NULL),(41,0,107,'100',2015,'2015-01-01','54',2015,1,1,NULL,NULL),(42,0,111,'100',2015,'2015-01-01','2562',2015,1,1,NULL,NULL),(43,0,112,'100',2015,'2015-01-01','2511',2015,1,1,NULL,NULL),(44,0,114,'100',2015,'2015-01-01','2527',2015,1,1,NULL,NULL),(45,0,117,'50',2015,'2015-01-01','2532',2015,1,1,NULL,NULL),(46,0,121,'100',2015,'2015-01-01','2565',2015,1,1,NULL,NULL),(47,0,123,'50',2015,'2015-01-01','2556',2015,1,1,NULL,NULL),(48,0,129,'100',2015,'2015-01-01','2564',2015,1,1,NULL,NULL),(49,0,130,'100',2015,'2015-01-01','2545',2015,1,1,NULL,NULL),(50,0,131,'100',2015,'2015-01-01','2853',2015,1,1,NULL,NULL),(51,0,140,'100',2015,'2015-01-01','2540',2015,1,1,NULL,NULL),(52,0,142,'100',2015,'2015-01-01','2547',2015,1,1,NULL,NULL),(53,0,144,'100',2015,'2015-01-01','24',2015,1,1,NULL,NULL),(54,0,149,'100',2015,'2015-01-01','2515',2015,1,1,NULL,NULL),(55,0,152,'100',2015,'2015-01-01','64',2015,1,1,NULL,NULL),(56,0,160,'50',2015,'2015-01-01','2553',2015,1,1,NULL,NULL),(57,0,162,'50',2015,'2015-01-01','2554',2015,1,1,NULL,NULL),(58,0,164,'100',2015,'2015-01-01','2544',2015,1,1,NULL,NULL),(59,0,165,'50',2015,'2015-01-01','2549',2015,1,1,NULL,NULL),(60,0,167,'100',2015,'2015-01-01','2560',2015,1,1,NULL,NULL),(61,0,171,'100',2015,'2015-01-01','2505',2015,1,1,NULL,NULL),(62,0,174,'100',2015,'2015-01-01','2529',2015,1,1,NULL,NULL),(63,0,179,'100',2015,'2015-01-01','2535',2015,1,1,NULL,NULL),(64,0,184,'100',2015,'2015-01-01','2550',2015,1,1,NULL,NULL),(65,0,190,'50',2015,'2015-01-01','2557',2015,1,1,NULL,NULL),(66,0,191,'100',2015,'2015-01-01','58',2015,1,1,NULL,NULL),(67,0,201,'100',2015,'2015-01-01','2546',2015,1,1,NULL,NULL),(68,0,205,'100',2015,'2015-01-01','2548',2015,1,1,NULL,NULL),(69,0,213,'50',2015,'2015-01-01','2502',2015,1,1,NULL,NULL),(70,0,214,'50',2015,'2015-01-01','2501',2015,1,1,NULL,NULL),(71,0,217,'50',2015,'2015-01-01','56',2015,1,1,NULL,NULL),(72,0,220,'10',2015,'2015-01-01','388',2015,1,1,NULL,NULL),(73,0,223,'50',2015,'2015-01-01','59',2015,1,1,NULL,NULL),(74,0,224,'100',2015,'2015-01-01','2530',2015,1,1,NULL,NULL),(75,0,225,'100',2015,'2015-01-01','2531',2015,1,1,NULL,NULL),(76,0,230,'100',2015,'2015-01-01','63',2015,1,1,NULL,NULL),(77,0,231,'100',2015,'2015-01-01','2507',2015,1,1,NULL,NULL),(78,0,232,'100',2015,'2015-01-01','68',2015,1,1,NULL,NULL),(79,0,235,'100',2015,'2015-01-01','25',2015,1,1,NULL,NULL),(80,0,239,'100',2015,'2015-01-01','2506',2015,1,1,NULL,NULL),(81,0,246,'100',2015,'2015-01-01','2538',2015,1,1,NULL,NULL),(82,0,250,'100',2015,'2015-01-01','2538',2015,1,1,NULL,NULL),(83,0,251,'50',2015,'2015-01-01','0',2015,1,1,NULL,NULL),(84,0,260,'100',2015,'2015-01-01','2543',2015,1,1,NULL,NULL),(85,0,263,'100',2015,'2015-01-01','2561',2015,1,1,NULL,NULL),(86,0,264,'100',2015,'2015-01-01','2541',2015,1,1,NULL,NULL),(87,0,265,'100',2015,'2015-01-01','2567',2015,1,1,NULL,NULL),(88,0,266,'100',2015,'2015-01-01','2523',2015,1,1,NULL,NULL),(131,0,7,'50',2016,'2016-01-01','2632',2016,1,1,NULL,NULL),(132,0,15,'100',2016,'2016-01-01',NULL,2016,1,1,NULL,NULL),(133,0,31,'50',2016,'2016-01-01','2568',2016,1,1,NULL,NULL),(134,0,34,'50',2016,'2016-01-01','2578',2016,1,1,NULL,NULL),(135,0,38,'50',2016,'2016-01-01','2631',2016,1,1,NULL,NULL),(136,0,50,'50',2016,'2016-01-01','2639',2016,1,1,NULL,NULL),(137,0,61,'50',2016,'2016-01-01',NULL,2016,1,1,NULL,NULL),(138,0,65,'100',2016,'2016-01-01','2585',2016,1,1,NULL,NULL),(139,0,69,'50',2016,'2016-01-01','2635',2016,1,1,NULL,NULL),(140,0,74,'100',2016,'2016-01-01','2871',2016,1,1,NULL,NULL),(141,0,80,'50',2016,'2016-01-01','2576',2016,1,1,NULL,NULL),(142,0,84,'50',2016,'2016-01-01',NULL,2016,1,1,NULL,NULL),(143,0,86,'100',2016,'2016-01-01','60',2016,1,1,NULL,NULL),(144,0,90,'50',2016,'2016-01-01',NULL,2016,1,1,NULL,NULL),(145,0,101,'100',2016,'2016-01-01','2862',2016,1,1,NULL,NULL),(146,0,104,'100',2016,'2016-01-01','2863',2016,1,1,NULL,NULL),(147,0,105,'50',2016,'2016-01-01','2630',2016,1,1,NULL,NULL),(148,0,106,'50',2016,'2016-01-01','2639',2016,1,1,NULL,NULL),(149,0,110,'50',2016,'2016-01-01','2579',2016,1,1,NULL,NULL),(150,0,127,'100',2016,'2016-01-01','2587',2016,1,1,NULL,NULL),(151,0,131,'100',2016,'2016-01-01','2853',2016,1,1,NULL,NULL),(152,0,135,'100',2016,'2016-01-01',NULL,2016,1,1,NULL,NULL),(153,0,136,'100',2016,'2016-01-01','3430',2016,1,1,NULL,NULL),(154,0,149,'100',2016,'2016-01-01','2864',2016,1,1,NULL,NULL),(155,0,152,'100',2016,'2016-01-01','73',2016,1,1,NULL,NULL),(156,0,171,'100',2016,'2016-01-01','2865',2016,1,1,NULL,NULL),(157,0,177,'100',2016,'2016-01-01',NULL,2016,1,1,NULL,NULL),(158,0,181,'100',2016,'2016-01-01','2628',2016,1,1,NULL,NULL),(159,0,182,'50',2016,'2016-01-01','2634',2016,1,1,NULL,NULL),(160,0,192,'100',2016,'2016-01-01',NULL,2016,1,1,NULL,NULL),(161,0,206,'50',2016,'2016-01-01','2569',2016,1,1,NULL,NULL),(162,0,223,'100',2016,'2016-01-01','2872',2016,1,1,NULL,NULL),(163,0,226,'50',2016,'2016-01-01','2577',2016,1,1,NULL,NULL),(164,0,229,'100',2016,'2016-01-01','2182',2016,1,1,NULL,NULL),(165,0,230,'100',2016,'2016-01-01','72',2016,1,1,NULL,NULL),(166,0,231,'100',2016,'2016-01-01','2580',2016,1,1,NULL,NULL),(167,0,232,'100',2016,'2016-01-01','2866',2016,1,1,NULL,NULL),(168,0,235,'100',2016,'2016-01-01','2867',2016,1,1,NULL,NULL),(169,0,237,'100',2016,'2016-01-01','2591',2016,1,1,NULL,NULL),(170,0,240,'100',2016,'2016-01-01',NULL,2016,1,1,NULL,NULL),(171,0,243,'50',2016,'2016-01-01','2633',2016,1,1,NULL,NULL),(172,0,258,'50',2016,'2016-01-01','2583',2016,1,1,NULL,NULL),(173,0,264,'100',2016,'2016-01-01','2584',2016,1,1,NULL,NULL),(194,0,19,'100',2017,'2017-01-01','2855',2017,1,1,NULL,NULL),(195,0,46,'100',2017,'2017-01-01','2859',2017,1,1,NULL,NULL),(196,0,47,'100',2017,'2017-01-01','2860',2017,1,1,NULL,NULL),(197,0,52,'100',2017,'2017-01-01','2856',2017,1,1,NULL,NULL),(198,0,54,'100',2017,'2017-01-01','2861',2017,1,1,NULL,NULL),(199,0,62,'50',2017,'2017-01-01','2857',2017,1,1,NULL,NULL),(200,0,71,'100',2017,'2017-01-01','2874',2017,1,1,NULL,NULL),(201,0,73,'100',2017,'2017-01-01','2875',2017,1,1,NULL,NULL),(202,0,74,'100',2017,'2017-01-01','2871',2017,1,1,NULL,NULL),(203,0,86,'100',2017,'2017-01-01','60',2017,1,1,NULL,NULL),(204,0,88,'100',2017,'2017-01-01','2868',2017,1,1,NULL,NULL),(205,0,101,'100',2017,'2017-01-01','2862',2017,1,1,NULL,NULL),(206,0,104,'100',2017,'2017-01-01','2863',2017,1,1,NULL,NULL),(207,0,108,'100',2017,'2017-01-01','2852',2017,1,1,NULL,NULL),(208,0,115,'100',2017,'2017-01-01','2851',2017,1,1,NULL,NULL),(209,0,122,'100',2017,'2017-01-01','2878',2017,1,1,NULL,NULL),(210,0,131,'100',2017,'2017-01-01','2553',2017,1,1,NULL,NULL),(211,0,143,'100',2017,'2017-01-01','2858',2017,1,1,NULL,NULL),(212,0,149,'100',2017,'2017-01-01','2864',2017,1,1,NULL,NULL),(213,0,150,'50',2017,'2017-01-01','2854',2017,1,1,NULL,NULL),(214,0,152,'100',2017,'2017-01-01','73',2017,1,1,NULL,NULL),(215,0,171,'100',2017,'2017-01-01','2865',2017,1,1,NULL,NULL),(216,0,200,'100',2017,'2017-01-01','2877',2017,1,1,NULL,NULL),(217,0,201,'100',2017,'2017-01-01','2873',2017,1,1,NULL,NULL),(218,0,221,'100',2017,'2017-01-01','2879',2017,1,1,NULL,''),(219,0,223,'100',2017,'2017-01-01','2872',2017,1,1,NULL,NULL),(220,0,230,'100',2017,'2017-01-01','72',2017,1,1,NULL,NULL),(221,0,232,'100',2017,'2017-01-01','2866',2017,1,1,NULL,NULL),(222,0,235,'100',2017,'2017-01-01','2867',2017,1,1,NULL,NULL),(223,0,250,'100',2017,'2017-01-01','2869',2017,1,1,NULL,NULL),(224,0,262,'100',2017,'2017-01-01','2870',2017,1,1,NULL,NULL),(225,0,263,'100',2017,'2017-01-01','2876',2017,1,1,NULL,NULL);
/*!40000 ALTER TABLE `cotisations` ENABLE KEYS */;
UNLOCK TABLES;

--
-- Table structure for table `cotisationtypes`
--

DROP TABLE IF EXISTS `cotisationtypes`;
/*!40101 SET @saved_cs_client     = @@character_set_client */;
/*!40101 SET character_set_client = utf8 */;
CREATE TABLE `cotisationtypes` (
  `id` int(10) unsigned NOT NULL AUTO_INCREMENT,
  `cotisation_type` varchar(255) COLLATE utf8_unicode_ci NOT NULL,
  `valeur` float NOT NULL,
  PRIMARY KEY (`id`)
) ENGINE=InnoDB AUTO_INCREMENT=9 DEFAULT CHARSET=utf8 COLLATE=utf8_unicode_ci;
/*!40101 SET character_set_client = @saved_cs_client */;

--
-- Dumping data for table `cotisationtypes`
--

LOCK TABLES `cotisationtypes` WRITE;
/*!40000 ALTER TABLE `cotisationtypes` DISABLE KEYS */;
INSERT INTO `cotisationtypes` VALUES (1,'Cotisation normale',120),(2,'Don',0),(8,'test333',333);
/*!40000 ALTER TABLE `cotisationtypes` ENABLE KEYS */;
UNLOCK TABLES;

--
-- Table structure for table `decisions`
--

DROP TABLE IF EXISTS `decisions`;
/*!40101 SET @saved_cs_client     = @@character_set_client */;
/*!40101 SET character_set_client = utf8 */;
CREATE TABLE `decisions` (
  `id` int(10) unsigned NOT NULL AUTO_INCREMENT,
  `reunion_id` int(11) NOT NULL,
  `titre` varchar(255) COLLATE utf8_unicode_ci NOT NULL,
  `contenu` varchar(255) COLLATE utf8_unicode_ci NOT NULL,
  `created_at` timestamp NULL DEFAULT NULL,
  `updated_at` timestamp NULL DEFAULT NULL,
  `deleted_at` timestamp NULL DEFAULT NULL,
  PRIMARY KEY (`id`)
) ENGINE=InnoDB DEFAULT CHARSET=utf8 COLLATE=utf8_unicode_ci;
/*!40101 SET character_set_client = @saved_cs_client */;

--
-- Dumping data for table `decisions`
--

LOCK TABLES `decisions` WRITE;
/*!40000 ALTER TABLE `decisions` DISABLE KEYS */;
/*!40000 ALTER TABLE `decisions` ENABLE KEYS */;
UNLOCK TABLES;

--
-- Table structure for table `depenses`
--

DROP TABLE IF EXISTS `depenses`;
/*!40101 SET @saved_cs_client     = @@character_set_client */;
/*!40101 SET character_set_client = utf8 */;
CREATE TABLE `depenses` (
  `id` int(11) NOT NULL AUTO_INCREMENT,
  `montant` double NOT NULL,
  `nature` varchar(255) NOT NULL,
  `rubrique` varchar(255) DEFAULT NULL,
  `depensesnomenclature_id` int(11) NOT NULL,
  `source` varchar(255) NOT NULL,
  `devise_name` varchar(255) DEFAULT NULL,
  `devise_id` int(11) NOT NULL,
  `date` date NOT NULL,
  `commande_num` varchar(255) DEFAULT NULL,
  `commande_id` int(11) DEFAULT NULL,
  `num_facture` varchar(250) NOT NULL,
  `mode_paiement` varchar(255) DEFAULT NULL,
  `modepaiement_id` int(11) NOT NULL,
  `justificatif_id` int(11) NOT NULL,
  `beneficiaire` varchar(255) NOT NULL,
  PRIMARY KEY (`id`)
) ENGINE=InnoDB AUTO_INCREMENT=8 DEFAULT CHARSET=latin1;
/*!40101 SET character_set_client = @saved_cs_client */;

--
-- Dumping data for table `depenses`
--

LOCK TABLES `depenses` WRITE;
/*!40000 ALTER TABLE `depenses` DISABLE KEYS */;
INSERT INTO `depenses` VALUES (1,3500,'PC','Nomenclature des dépenses 1',5,'13','Dirham',3,'2016-10-10','677',5,'156898','Chèque',1,1,'beneficiaire'),(3,2500,'nature','Nomenclature des dépenses 2',6,'13','Dirham',1,'2017-08-09','677',5,'FF02','Chèque',3,2,'bénéficiaire'),(4,3000,'Nature','Nomenclature des dépenses 3',8,'13','Euro',1,'2017-08-09','677',7,'FF3','Espèces',4,2,'Bénéficiaire'),(5,2000,'Nature 4','Nomenclature des dépenses 4',8,'13','Dirham',1,'2017-09-07','677',6,'12344','Chèque',3,1,'Bénéficiaire 4'),(6,34555,'test',NULL,5,'13',NULL,1,'2017-08-15','1',7,'12345',NULL,1,1,'test'),(7,111,'111',NULL,5,'13',NULL,1,'2017-08-05',NULL,7,'111',NULL,1,1,'111');
/*!40000 ALTER TABLE `depenses` ENABLE KEYS */;
UNLOCK TABLES;

--
-- Table structure for table `depensesnomenclatures`
--

DROP TABLE IF EXISTS `depensesnomenclatures`;
/*!40101 SET @saved_cs_client     = @@character_set_client */;
/*!40101 SET character_set_client = utf8 */;
CREATE TABLE `depensesnomenclatures` (
  `id` int(11) NOT NULL AUTO_INCREMENT,
  `designation` varchar(255) NOT NULL,
  `code` varchar(200) NOT NULL,
  `signification` varchar(255) DEFAULT NULL,
  PRIMARY KEY (`id`),
  UNIQUE KEY `code` (`code`)
) ENGINE=InnoDB AUTO_INCREMENT=9 DEFAULT CHARSET=latin1;
/*!40101 SET character_set_client = @saved_cs_client */;

--
-- Dumping data for table `depensesnomenclatures`
--

LOCK TABLES `depensesnomenclatures` WRITE;
/*!40000 ALTER TABLE `depensesnomenclatures` DISABLE KEYS */;
INSERT INTO `depensesnomenclatures` VALUES (5,'Nomenclature des dépenses 010','code 01','description 01'),(6,'Nomenclature des dépenses 2','code 2','description 2'),(8,'Nomenclature des dépenses 4','code 4','description 4');
/*!40000 ALTER TABLE `depensesnomenclatures` ENABLE KEYS */;
UNLOCK TABLES;

--
-- Table structure for table `deplacements`
--

DROP TABLE IF EXISTS `deplacements`;
/*!40101 SET @saved_cs_client     = @@character_set_client */;
/*!40101 SET character_set_client = utf8 */;
CREATE TABLE `deplacements` (
  `id` int(10) unsigned NOT NULL AUTO_INCREMENT,
  `personne_id` int(11) NOT NULL,
  `objet` varchar(255) COLLATE utf8_unicode_ci NOT NULL,
  `debut` datetime NOT NULL,
  `fin` datetime NOT NULL,
  `duree` varchar(255) COLLATE utf8_unicode_ci NOT NULL,
  PRIMARY KEY (`id`)
) ENGINE=InnoDB DEFAULT CHARSET=utf8 COLLATE=utf8_unicode_ci;
/*!40101 SET character_set_client = @saved_cs_client */;

--
-- Dumping data for table `deplacements`
--

LOCK TABLES `deplacements` WRITE;
/*!40000 ALTER TABLE `deplacements` DISABLE KEYS */;
/*!40000 ALTER TABLE `deplacements` ENABLE KEYS */;
UNLOCK TABLES;

--
-- Table structure for table `devises`
--

DROP TABLE IF EXISTS `devises`;
/*!40101 SET @saved_cs_client     = @@character_set_client */;
/*!40101 SET character_set_client = utf8 */;
CREATE TABLE `devises` (
  `id` int(11) NOT NULL AUTO_INCREMENT,
  `monnaie` varchar(255) NOT NULL,
  `valeur_dh` float NOT NULL,
  `date` date NOT NULL,
  `code` varchar(255) NOT NULL,
  `description` varchar(255) NOT NULL,
  PRIMARY KEY (`id`),
  UNIQUE KEY `code` (`code`)
) ENGINE=InnoDB AUTO_INCREMENT=4 DEFAULT CHARSET=latin1;
/*!40101 SET character_set_client = @saved_cs_client */;

--
-- Dumping data for table `devises`
--

LOCK TABLES `devises` WRITE;
/*!40000 ALTER TABLE `devises` DISABLE KEYS */;
INSERT INTO `devises` VALUES (1,'Dollar',9.64,'2017-07-03','$',''),(2,'Euro',11.01,'2017-07-03','€',''),(3,'Dirham',1,'2017-07-03','Dh','');
/*!40000 ALTER TABLE `devises` ENABLE KEYS */;
UNLOCK TABLES;

--
-- Table structure for table `doc_cat`
--

DROP TABLE IF EXISTS `doc_cat`;
/*!40101 SET @saved_cs_client     = @@character_set_client */;
/*!40101 SET character_set_client = utf8 */;
CREATE TABLE `doc_cat` (
  `id` int(11) NOT NULL AUTO_INCREMENT,
  `designation` varchar(255) NOT NULL,
  PRIMARY KEY (`id`)
) ENGINE=InnoDB AUTO_INCREMENT=3 DEFAULT CHARSET=utf8;
/*!40101 SET character_set_client = @saved_cs_client */;

--
-- Dumping data for table `doc_cat`
--

LOCK TABLES `doc_cat` WRITE;
/*!40000 ALTER TABLE `doc_cat` DISABLE KEYS */;
INSERT INTO `doc_cat` VALUES (1,'Livres'),(2,'Imprimés');
/*!40000 ALTER TABLE `doc_cat` ENABLE KEYS */;
UNLOCK TABLES;

--
-- Table structure for table `doc_sous_cat`
--

DROP TABLE IF EXISTS `doc_sous_cat`;
/*!40101 SET @saved_cs_client     = @@character_set_client */;
/*!40101 SET character_set_client = utf8 */;
CREATE TABLE `doc_sous_cat` (
  `id` int(11) NOT NULL AUTO_INCREMENT,
  `designation` varchar(255) NOT NULL,
  `cat_id` int(11) NOT NULL,
  PRIMARY KEY (`id`)
) ENGINE=InnoDB AUTO_INCREMENT=4 DEFAULT CHARSET=utf8;
/*!40101 SET character_set_client = @saved_cs_client */;

--
-- Dumping data for table `doc_sous_cat`
--

LOCK TABLES `doc_sous_cat` WRITE;
/*!40000 ALTER TABLE `doc_sous_cat` DISABLE KEYS */;
INSERT INTO `doc_sous_cat` VALUES (1,'Histoire',1),(2,'Biologie',1),(3,'Rapport',2);
/*!40000 ALTER TABLE `doc_sous_cat` ENABLE KEYS */;
UNLOCK TABLES;

--
-- Table structure for table `documents`
--

DROP TABLE IF EXISTS `documents`;
/*!40101 SET @saved_cs_client     = @@character_set_client */;
/*!40101 SET character_set_client = utf8 */;
CREATE TABLE `documents` (
  `id` int(11) NOT NULL AUTO_INCREMENT,
  `cat_id` int(11) NOT NULL,
  `annee` int(4) NOT NULL,
  `titre` varchar(255) NOT NULL,
  `ref` varchar(255) NOT NULL,
  `auteurs` varchar(255) NOT NULL,
  PRIMARY KEY (`id`),
  UNIQUE KEY `ref` (`ref`)
) ENGINE=InnoDB AUTO_INCREMENT=4 DEFAULT CHARSET=utf8;
/*!40101 SET character_set_client = @saved_cs_client */;

--
-- Dumping data for table `documents`
--

LOCK TABLES `documents` WRITE;
/*!40000 ALTER TABLE `documents` DISABLE KEYS */;
INSERT INTO `documents` VALUES (1,1,2016,'Document test','Doc0012','Aut1, Aut22'),(3,3,2017,'Rapport exemple','R001','Med, Hamid, Fatima');
/*!40000 ALTER TABLE `documents` ENABLE KEYS */;
UNLOCK TABLES;

--
-- Table structure for table `donateurs`
--

DROP TABLE IF EXISTS `donateurs`;
/*!40101 SET @saved_cs_client     = @@character_set_client */;
/*!40101 SET character_set_client = utf8 */;
CREATE TABLE `donateurs` (
  `id` int(11) NOT NULL AUTO_INCREMENT,
  `donateur` varchar(255) NOT NULL,
  `code` varchar(255) NOT NULL,
  `description` varchar(255) NOT NULL,
  PRIMARY KEY (`id`),
  UNIQUE KEY `code` (`code`)
) ENGINE=InnoDB AUTO_INCREMENT=25 DEFAULT CHARSET=latin1;
/*!40101 SET character_set_client = @saved_cs_client */;

--
-- Dumping data for table `donateurs`
--

LOCK TABLES `donateurs` WRITE;
/*!40000 ALTER TABLE `donateurs` DISABLE KEYS */;
INSERT INTO `donateurs` VALUES (23,'Donateur 1','code 1','description 1'),(24,'Donateur2','code2','description');
/*!40000 ALTER TABLE `donateurs` ENABLE KEYS */;
UNLOCK TABLES;

--
-- Table structure for table `fondsbailleurs`
--

DROP TABLE IF EXISTS `fondsbailleurs`;
/*!40101 SET @saved_cs_client     = @@character_set_client */;
/*!40101 SET character_set_client = utf8 */;
CREATE TABLE `fondsbailleurs` (
  `id` int(11) NOT NULL AUTO_INCREMENT,
  `designation` varchar(255) NOT NULL,
  `code` varchar(255) NOT NULL,
  `description` varchar(255) NOT NULL,
  PRIMARY KEY (`id`),
  UNIQUE KEY `code` (`code`)
) ENGINE=InnoDB AUTO_INCREMENT=16 DEFAULT CHARSET=latin1;
/*!40101 SET character_set_client = @saved_cs_client */;

--
-- Dumping data for table `fondsbailleurs`
--

LOCK TABLES `fondsbailleurs` WRITE;
/*!40000 ALTER TABLE `fondsbailleurs` DISABLE KEYS */;
INSERT INTO `fondsbailleurs` VALUES (10,'Bailleur 1','code 1','description 1'),(12,'Bailleur de fonds 2','code2','description'),(15,'bf3','bf3','bf 3 ...');
/*!40000 ALTER TABLE `fondsbailleurs` ENABLE KEYS */;
UNLOCK TABLES;

--
-- Table structure for table `identitetypes`
--

DROP TABLE IF EXISTS `identitetypes`;
/*!40101 SET @saved_cs_client     = @@character_set_client */;
/*!40101 SET character_set_client = utf8 */;
CREATE TABLE `identitetypes` (
  `id` int(11) NOT NULL AUTO_INCREMENT,
  `type_identite` varchar(255) COLLATE utf8_unicode_ci NOT NULL,
  PRIMARY KEY (`id`)
) ENGINE=InnoDB AUTO_INCREMENT=3 DEFAULT CHARSET=utf8 COLLATE=utf8_unicode_ci;
/*!40101 SET character_set_client = @saved_cs_client */;

--
-- Dumping data for table `identitetypes`
--

LOCK TABLES `identitetypes` WRITE;
/*!40000 ALTER TABLE `identitetypes` DISABLE KEYS */;
INSERT INTO `identitetypes` VALUES (1,'Carte d\'identité'),(2,'Passeport');
/*!40000 ALTER TABLE `identitetypes` ENABLE KEYS */;
UNLOCK TABLES;

--
-- Table structure for table `items`
--

DROP TABLE IF EXISTS `items`;
/*!40101 SET @saved_cs_client     = @@character_set_client */;
/*!40101 SET character_set_client = utf8 */;
CREATE TABLE `items` (
  `id` int(10) unsigned NOT NULL AUTO_INCREMENT,
  `title` varchar(255) COLLATE utf8_unicode_ci NOT NULL,
  `description` text COLLATE utf8_unicode_ci NOT NULL,
  `created_at` timestamp NULL DEFAULT NULL,
  `updated_at` timestamp NULL DEFAULT NULL,
  PRIMARY KEY (`id`)
) ENGINE=InnoDB AUTO_INCREMENT=8 DEFAULT CHARSET=utf8 COLLATE=utf8_unicode_ci;
/*!40101 SET character_set_client = @saved_cs_client */;

--
-- Dumping data for table `items`
--

LOCK TABLES `items` WRITE;
/*!40000 ALTER TABLE `items` DISABLE KEYS */;
INSERT INTO `items` VALUES (3,'3','3333',NULL,NULL),(4,'3','3333',NULL,NULL),(5,'3','3333',NULL,NULL),(6,'3','3333',NULL,NULL),(7,'3','3333',NULL,NULL);
/*!40000 ALTER TABLE `items` ENABLE KEYS */;
UNLOCK TABLES;

--
-- Table structure for table `justificatifs`
--

DROP TABLE IF EXISTS `justificatifs`;
/*!40101 SET @saved_cs_client     = @@character_set_client */;
/*!40101 SET character_set_client = utf8 */;
CREATE TABLE `justificatifs` (
  `id` int(11) NOT NULL AUTO_INCREMENT,
  `designation` varchar(255) NOT NULL,
  PRIMARY KEY (`id`)
) ENGINE=InnoDB AUTO_INCREMENT=3 DEFAULT CHARSET=utf8;
/*!40101 SET character_set_client = @saved_cs_client */;

--
-- Dumping data for table `justificatifs`
--

LOCK TABLES `justificatifs` WRITE;
/*!40000 ALTER TABLE `justificatifs` DISABLE KEYS */;
INSERT INTO `justificatifs` VALUES (1,'Reçu'),(2,'Facture');
/*!40000 ALTER TABLE `justificatifs` ENABLE KEYS */;
UNLOCK TABLES;

--
-- Table structure for table `lignes_commande`
--

DROP TABLE IF EXISTS `lignes_commande`;
/*!40101 SET @saved_cs_client     = @@character_set_client */;
/*!40101 SET character_set_client = utf8 */;
CREATE TABLE `lignes_commande` (
  `id` int(11) NOT NULL AUTO_INCREMENT,
  `montant` double DEFAULT NULL,
  `designation` varchar(255) CHARACTER SET utf8 NOT NULL,
  `commande_id` int(11) DEFAULT NULL,
  `qte` int(11) NOT NULL,
  `pu` double NOT NULL,
  PRIMARY KEY (`id`)
) ENGINE=InnoDB AUTO_INCREMENT=9 DEFAULT CHARSET=latin1;
/*!40101 SET character_set_client = @saved_cs_client */;

--
-- Dumping data for table `lignes_commande`
--

LOCK TABLES `lignes_commande` WRITE;
/*!40000 ALTER TABLE `lignes_commande` DISABLE KEYS */;
INSERT INTO `lignes_commande` VALUES (1,NULL,'Ramettes papier',5,5,40),(3,NULL,'Tablette 10\"',6,2,2500),(4,NULL,'APN Canon 60D',6,2,6500),(7,NULL,'Crayon 677',5,2,20),(8,NULL,'Marqueurs permanants',5,6,10);
/*!40000 ALTER TABLE `lignes_commande` ENABLE KEYS */;
UNLOCK TABLES;

--
-- Table structure for table `mat_cat`
--

DROP TABLE IF EXISTS `mat_cat`;
/*!40101 SET @saved_cs_client     = @@character_set_client */;
/*!40101 SET character_set_client = utf8 */;
CREATE TABLE `mat_cat` (
  `id` int(11) NOT NULL AUTO_INCREMENT,
  `designation` varchar(255) NOT NULL,
  PRIMARY KEY (`id`)
) ENGINE=InnoDB AUTO_INCREMENT=3 DEFAULT CHARSET=utf8;
/*!40101 SET character_set_client = @saved_cs_client */;

--
-- Dumping data for table `mat_cat`
--

LOCK TABLES `mat_cat` WRITE;
/*!40000 ALTER TABLE `mat_cat` DISABLE KEYS */;
INSERT INTO `mat_cat` VALUES (1,'Informatique'),(2,'Mobilier');
/*!40000 ALTER TABLE `mat_cat` ENABLE KEYS */;
UNLOCK TABLES;

--
-- Table structure for table `mat_sous_cat`
--

DROP TABLE IF EXISTS `mat_sous_cat`;
/*!40101 SET @saved_cs_client     = @@character_set_client */;
/*!40101 SET character_set_client = utf8 */;
CREATE TABLE `mat_sous_cat` (
  `id` int(11) NOT NULL AUTO_INCREMENT,
  `designation` varchar(255) NOT NULL,
  `cat_id` int(11) NOT NULL,
  PRIMARY KEY (`id`)
) ENGINE=InnoDB AUTO_INCREMENT=3 DEFAULT CHARSET=utf8;
/*!40101 SET character_set_client = @saved_cs_client */;

--
-- Dumping data for table `mat_sous_cat`
--

LOCK TABLES `mat_sous_cat` WRITE;
/*!40000 ALTER TABLE `mat_sous_cat` DISABLE KEYS */;
INSERT INTO `mat_sous_cat` VALUES (1,'Multimédia',1),(2,'Ordinateurs',1);
/*!40000 ALTER TABLE `mat_sous_cat` ENABLE KEYS */;
UNLOCK TABLES;

--
-- Table structure for table `materiels`
--

DROP TABLE IF EXISTS `materiels`;
/*!40101 SET @saved_cs_client     = @@character_set_client */;
/*!40101 SET character_set_client = utf8 */;
CREATE TABLE `materiels` (
  `id` int(11) NOT NULL AUTO_INCREMENT,
  `cat_id` int(11) NOT NULL,
  `code` varchar(255) NOT NULL,
  `caracteristique` varchar(255) NOT NULL,
  `intitule` varchar(255) NOT NULL,
  PRIMARY KEY (`id`),
  UNIQUE KEY `code` (`code`)
) ENGINE=InnoDB AUTO_INCREMENT=3 DEFAULT CHARSET=utf8;
/*!40101 SET character_set_client = @saved_cs_client */;

--
-- Dumping data for table `materiels`
--

LOCK TABLES `materiels` WRITE;
/*!40000 ALTER TABLE `materiels` DISABLE KEYS */;
INSERT INTO `materiels` VALUES (1,1,'APN001','Appareil photo numérique 16MP','Canon 120D Test'),(2,2,'TAB001','Tablette Samsung 16Go/2Go','Samsung Tab Pro Test');
/*!40000 ALTER TABLE `materiels` ENABLE KEYS */;
UNLOCK TABLES;

--
-- Table structure for table `modepaiements`
--

DROP TABLE IF EXISTS `modepaiements`;
/*!40101 SET @saved_cs_client     = @@character_set_client */;
/*!40101 SET character_set_client = utf8 */;
CREATE TABLE `modepaiements` (
  `id` int(10) unsigned NOT NULL AUTO_INCREMENT,
  `designation` varchar(255) COLLATE utf8_unicode_ci NOT NULL,
  PRIMARY KEY (`id`)
) ENGINE=InnoDB AUTO_INCREMENT=5 DEFAULT CHARSET=utf8 COLLATE=utf8_unicode_ci;
/*!40101 SET character_set_client = @saved_cs_client */;

--
-- Dumping data for table `modepaiements`
--

LOCK TABLES `modepaiements` WRITE;
/*!40000 ALTER TABLE `modepaiements` DISABLE KEYS */;
INSERT INTO `modepaiements` VALUES (1,'Espèce'),(2,'Prélèvement automatique'),(3,'Chèque'),(4,'Virement');
/*!40000 ALTER TABLE `modepaiements` ENABLE KEYS */;
UNLOCK TABLES;

--
-- Table structure for table `moderateurs`
--

DROP TABLE IF EXISTS `moderateurs`;
/*!40101 SET @saved_cs_client     = @@character_set_client */;
/*!40101 SET character_set_client = utf8 */;
CREATE TABLE `moderateurs` (
  `id` int(11) NOT NULL AUTO_INCREMENT,
  `login` varchar(64) NOT NULL,
  `password` varchar(255) NOT NULL,
  `email` varchar(64) NOT NULL,
  PRIMARY KEY (`id`)
) ENGINE=InnoDB AUTO_INCREMENT=2 DEFAULT CHARSET=utf8;
/*!40101 SET character_set_client = @saved_cs_client */;

--
-- Dumping data for table `moderateurs`
--

LOCK TABLES `moderateurs` WRITE;
/*!40000 ALTER TABLE `moderateurs` DISABLE KEYS */;
INSERT INTO `moderateurs` VALUES (1,'admin@grepom.com','7c4a8d09ca3762af61e59520943dc26494f8941b','admin@grepom.com');
/*!40000 ALTER TABLE `moderateurs` ENABLE KEYS */;
UNLOCK TABLES;

--
-- Table structure for table `password_resets`
--

DROP TABLE IF EXISTS `password_resets`;
/*!40101 SET @saved_cs_client     = @@character_set_client */;
/*!40101 SET character_set_client = utf8 */;
CREATE TABLE `password_resets` (
  `email` varchar(255) COLLATE utf8_unicode_ci NOT NULL,
  `token` varchar(255) COLLATE utf8_unicode_ci NOT NULL,
  `created_at` timestamp NULL DEFAULT NULL,
  KEY `password_resets_email_index` (`email`),
  KEY `password_resets_token_index` (`token`)
) ENGINE=InnoDB DEFAULT CHARSET=utf8 COLLATE=utf8_unicode_ci;
/*!40101 SET character_set_client = @saved_cs_client */;

--
-- Dumping data for table `password_resets`
--

LOCK TABLES `password_resets` WRITE;
/*!40000 ALTER TABLE `password_resets` DISABLE KEYS */;
/*!40000 ALTER TABLE `password_resets` ENABLE KEYS */;
UNLOCK TABLES;

--
-- Table structure for table `pays`
--

DROP TABLE IF EXISTS `pays`;
/*!40101 SET @saved_cs_client     = @@character_set_client */;
/*!40101 SET character_set_client = utf8 */;
CREATE TABLE `pays` (
  `Code` varchar(255) CHARACTER SET latin1 DEFAULT NULL,
  `Name` varchar(255) CHARACTER SET latin1 DEFAULT NULL,
  `Indicatif` varchar(255) CHARACTER SET latin1 DEFAULT NULL,
  `Formal_Name` varchar(255) CHARACTER SET latin1 DEFAULT NULL,
  `Sovereignty` varchar(255) CHARACTER SET latin1 DEFAULT NULL,
  `Capital` varchar(255) CHARACTER SET latin1 DEFAULT NULL,
  `ISO_4217 Currency Code` varchar(255) CHARACTER SET latin1 DEFAULT NULL,
  `ISO_4217 Currency Name` varchar(255) CHARACTER SET latin1 DEFAULT NULL,
  `ISO_3166_1_3_Letter_Code` varchar(255) CHARACTER SET latin1 DEFAULT NULL,
  `ISO_3166_1_Number` varchar(255) CHARACTER SET latin1 DEFAULT NULL,
  `IANA_Country_Code_TLD` varchar(255) CHARACTER SET latin1 DEFAULT NULL
) ENGINE=InnoDB DEFAULT CHARSET=utf8 COLLATE=utf8_unicode_ci;
/*!40101 SET character_set_client = @saved_cs_client */;

--
-- Dumping data for table `pays`
--

LOCK TABLES `pays` WRITE;
/*!40000 ALTER TABLE `pays` DISABLE KEYS */;
INSERT INTO `pays` VALUES ('AF','Afghanistan','+93','Islamic State of Afghanistan','','Kabul','AFN','Afghani','AFG','004','.af'),('AL','Albania','+355','Republic of Albania','','Tirana','ALL','Lek','ALB','008','.al'),('DZ','Algeria','+213','People s Democratic Republic of Algeria','','Algiers','DZD','Dinar','DZA','012','.dz'),('AD','Andorra','+376','Principality of Andorra','','Andorra la Vella','EUR','Euro','AND','020','.ad'),('AO','Angola','+244','Republic of Angola','','Luanda','AOA','Kwanza','AGO','024','.ao'),('AG','Antigua and Barbuda','+1-268','','','Saint Johns','XCD','Dollar','ATG','028','.ag'),('AR','Argentina','+54','Argentine Republic','','Buenos Aires','ARS','Peso','ARG','032','.ar'),('AM','Armenia','+374','Republic of Armenia','','Yerevan','AMD','Dram','ARM','051','.am'),('AU','Australia','+61','Commonwealth of Australia','','Canberra','AUD','Dollar','AUS','036','.au'),('AT','Austria','+43','Republic of Austria','','Vienna','EUR','Euro','AUT','040','.at'),('AZ','Azerbaijan','+994','Republic of Azerbaijan','','Baku','AZN','Manat','AZE','031','.az'),('BS','Bahamas, The','+1-242','Commonwealth of The Bahamas','','Nassau','BSD','Dollar','BHS','044','.bs'),('BH','Bahrain','+973','Kingdom of Bahrain','','Manama','BHD','Dinar','BHR','048','.bh'),('BD','Bangladesh','+880','People s Republic of Bangladesh','','Dhaka','BDT','Taka','BGD','050','.bd'),('BB','Barbados','+1-246','','','Bridgetown','BBD','Dollar','BRB','052','.bb'),('BY','Belarus','+375','Republic of Belarus','','Minsk','BYR','Ruble','BLR','112','.by'),('BE','Belgium','+32','Kingdom of Belgium','','Brussels','EUR','Euro','BEL','056','.be'),('BZ','Belize','+501','','','Belmopan','BZD','Dollar','BLZ','084','.bz'),('BJ','Benin','+229','Republic of Benin','','Porto-Novo','XOF','Franc','BEN','204','.bj'),('BT','Bhutan','+975','Kingdom of Bhutan','','Thimphu','BTN','Ngultrum','BTN','064','.bt'),('BO','Bolivia','+591','Republic of Bolivia','','La Paz (administrative/legislative) and Sucre (judical)','BOB','Boliviano','BOL','068','.bo'),('BA','Bosnia and Herzegovina','+387','','','Sarajevo','BAM','Marka','BIH','070','.ba'),('BW','Botswana','+267','Republic of Botswana','','Gaborone','BWP','Pula','BWA','072','.bw'),('BR','Brazil','+55','Federative Republic of Brazil','','Brasilia','BRL','Real','BRA','076','.br'),('BN','Brunei','+673','Negara Brunei Darussalam','','Bandar Seri Begawan','BND','Dollar','BRN','096','.bn'),('BG','Bulgaria','+359','Republic of Bulgaria','','Sofia','BGN','Lev','BGR','100','.bg'),('BF','Burkina Faso','+226','','','Ouagadougou','XOF','Franc','BFA','854','.bf'),('BI','Burundi','+257','Republic of Burundi','','Bujumbura','BIF','Franc','BDI','108','.bi'),('KH','Cambodia','+855','Kingdom of Cambodia','','Phnom Penh','KHR','Riels','KHM','116','.kh'),('CM','Cameroon','+237','Republic of Cameroon','','Yaounde','XAF','Franc','CMR','120','.cm'),('CA','Canada','+1','','','Ottawa','CAD','Dollar','CAN','124','.ca'),('CV','Cape Verde','+238','Republic of Cape Verde','','Praia','CVE','Escudo','CPV','132','.cv'),('CF','Central African Republic','+236','','','Bangui','XAF','Franc','CAF','140','.cf'),('TD','Chad','+235','Republic of Chad','','N Djamena','XAF','Franc','TCD','148','.td'),('CL','Chile','+56','Republic of Chile','','Santiago (administrative/judical) and Valparaiso (legislative)','CLP','Peso','CHL','152','.cl'),('CN','China, People s Republic of','+86','People s Republic of China','','Beijing','CNY','Yuan Renminbi','CHN','156','.cn'),('CO','Colombia','+57','Republic of Colombia','','Bogota','COP','Peso','COL','170','.co'),('KM','Comoros','+269','Union of Comoros','','Moroni','KMF','Franc','COM','174','.km'),('CD','Congo, Democratic Republic of the (Congo – Kinshasa)','+243','Democratic Republic of the Congo','','Kinshasa','CDF','Franc','COD','180','.cd'),('CG','Congo, Republic of the (Congo – Brazzaville)','+242','Republic of the Congo','','Brazzaville','XAF','Franc','COG','178','.cg'),('CR','Costa Rica','+506','Republic of Costa Rica','','San Jose','CRC','Colon','CRI','188','.cr'),('CI','Cote d Ivoire (Ivory Coast)','+225','Republic of Cote d Ivoire','','Yamoussoukro','XOF','Franc','CIV','384','.ci'),('HR','Croatia','+385','Republic of Croatia','','Zagreb','HRK','Kuna','HRV','191','.hr'),('CU','Cuba','+53','Republic of Cuba','','Havana','CUP','Peso','CUB','192','.cu'),('CY','Cyprus','+357','Republic of Cyprus','','Nicosia','CYP','Pound','CYP','196','.cy'),('CZ','Czech Republic','+420','','','Prague','CZK','Koruna','CZE','203','.cz'),('DK','Denmark','+45','Kingdom of Denmark','','Copenhagen','DKK','Krone','DNK','208','.dk'),('DJ','Djibouti','+253','Republic of Djibouti','','Djibouti','DJF','Franc','DJI','262','.dj'),('DM','Dominica','+1-767','Commonwealth of Dominica','','Roseau','XCD','Dollar','DMA','212','.dm'),('DO','Dominican Republic','+1-809 and 1-829','','','Santo Domingo','DOP','Peso','DOM','214','.do'),('EC','Ecuador','+593','Republic of Ecuador','','Quito','USD','Dollar','ECU','218','.ec'),('EG','Egypt','+20','Arab Republic of Egypt','','Cairo','EGP','Pound','EGY','818','.eg'),('SV','El Salvador','+503','Republic of El Salvador','','San Salvador','USD','Dollar','SLV','222','.sv'),('GQ','Equatorial Guinea','+240','Republic of Equatorial Guinea','','Malabo','XAF','Franc','GNQ','226','.gq'),('ER','Eritrea','+291','State of Eritrea','','Asmara','ERN','Nakfa','ERI','232','.er'),('EE','Estonia','+372','Republic of Estonia','','Tallinn','EEK','Kroon','EST','233','.ee'),('ET','Ethiopia','+251','Federal Democratic Republic of Ethiopia','','Addis Ababa','ETB','Birr','ETH','231','.et'),('FJ','Fiji','+679','Republic of the Fiji Islands','','Suva','FJD','Dollar','FJI','242','.fj'),('FI','Finland','+358','Republic of Finland','','Helsinki','EUR','Euro','FIN','246','.fi'),('FR','France','+33','French Republic','','Paris','EUR','Euro','FRA','250','.fr'),('GA','Gabon','+241','Gabonese Republic','','Libreville','XAF','Franc','GAB','266','.ga'),('GM','Gambia, The','+220','Republic of The Gambia','','Banjul','GMD','Dalasi','GMB','270','.gm'),('GE','Georgia','+995','Republic of Georgia','','Tbilisi','GEL','Lari','GEO','268','.ge'),('DE','Germany','+49','Federal Republic of Germany','','Berlin','EUR','Euro','DEU','276','.de'),('GH','Ghana','+233','Republic of Ghana','','Accra','GHS','Cedi','GHA','288','.gh'),('GR','Greece','+30','Hellenic Republic','','Athens','EUR','Euro','GRC','300','.gr'),('GD','Grenada','+1-473','','','Saint George s','XCD','Dollar','GRD','308','.gd'),('GT','Guatemala','+502','Republic of Guatemala','','Guatemala','GTQ','Quetzal','GTM','320','.gt'),('GN','Guinea','+224','Republic of Guinea','','Conakry','GNF','Franc','GIN','324','.gn'),('GW','Guinea-Bissau','+245','Republic of Guinea-Bissau','','Bissau','XOF','Franc','GNB','624','.gw'),('GY','Guyana','+592','Co-operative Republic of Guyana','','Georgetown','GYD','Dollar','GUY','328','.gy'),('HT','Haiti','+509','Republic of Haiti','','Port-au-Prince','HTG','Gourde','HTI','332','.ht'),('HN','Honduras','+504','Republic of Honduras','','Tegucigalpa','HNL','Lempira','HND','340','.hn'),('HU','Hungary','+36','Republic of Hungary','','Budapest','HUF','Forint','HUN','348','.hu'),('IS','Iceland','+354','Republic of Iceland','','Reykjavik','ISK','Krona','ISL','352','.is'),('IN','India','+91','Republic of India','','New Delhi','INR','Rupee','IND','356','.in'),('ID','Indonesia','+62','Republic of Indonesia','','Jakarta','IDR','Rupiah','IDN','360','.id'),('IR','Iran','+98','Islamic Republic of Iran','','Tehran','IRR','Rial','IRN','364','.ir'),('IQ','Iraq','+964','Republic of Iraq','','Baghdad','IQD','Dinar','IRQ','368','.iq'),('IE','Ireland','+353','','','Dublin','EUR','Euro','IRL','372','.ie'),('IL','Israel','+972','State of Israel','','Jerusalem','ILS','Shekel','ISR','376','.il'),('IT','Italy','+39','Italian Republic','','Rome','EUR','Euro','ITA','380','.it'),('JM','Jamaica','+1-876','','','Kingston','JMD','Dollar','JAM','388','.jm'),('JP','Japan','+81','','','Tokyo','JPY','Yen','JPN','392','.jp'),('JO','Jordan','+962','Hashemite Kingdom of Jordan','','Amman','JOD','Dinar','JOR','400','.jo'),('KZ','Kazakhstan','+7','Republic of Kazakhstan','','Astana','KZT','Tenge','KAZ','398','.kz'),('KE','Kenya','+254','Republic of Kenya','','Nairobi','KES','Shilling','KEN','404','.ke'),('KI','Kiribati','+686','Republic of Kiribati','','Tarawa','AUD','Dollar','KIR','296','.ki'),('KP','Korea, Democratic People s Republic of (North Korea)','+850','Democratic People s Republic of Korea','','Pyongyang','KPW','Won','PRK','408','.kp'),('KR','Korea, Republic of  (South Korea)','+82','Republic of Korea','','Seoul','KRW','Won','KOR','410','.kr'),('KW','Kuwait','+965','State of Kuwait','','Kuwait','KWD','Dinar','KWT','414','.kw'),('KG','Kyrgyzstan','+996','Kyrgyz Republic','','Bishkek','KGS','Som','KGZ','417','.kg'),('LA','Laos','+856','Lao People s Democratic Republic','','Vientiane','LAK','Kip','LAO','418','.la'),('LV','Latvia','+371','Republic of Latvia','','Riga','LVL','Lat','LVA','428','.lv'),('LB','Lebanon','+961','Lebanese Republic','','Beirut','LBP','Pound','LBN','422','.lb'),('LS','Lesotho','+266','Kingdom of Lesotho','','Maseru','LSL','Loti','LSO','426','.ls'),('LR','Liberia','+231','Republic of Liberia','','Monrovia','LRD','Dollar','LBR','430','.lr'),('LY','Libya','+218','Great Socialist People s Libyan Arab Jamahiriya','','Tripoli','LYD','Dinar','LBY','434','.ly'),('LI','Liechtenstein','+423','Principality of Liechtenstein','','Vaduz','CHF','Franc','LIE','438','.li'),('LT','Lithuania','+370','Republic of Lithuania','','Vilnius','LTL','Litas','LTU','440','.lt'),('LU','Luxembourg','+352','Grand Duchy of Luxembourg','','Luxembourg','EUR','Euro','LUX','442','.lu'),('MK','Macedonia','+389','Republic of Macedonia','','Skopje','MKD','Denar','MKD','807','.mk'),('MG','Madagascar','+261','Republic of Madagascar','','Antananarivo','MGA','Ariary','MDG','450','.mg'),('MW','Malawi','+265','Republic of Malawi','','Lilongwe','MWK','Kwacha','MWI','454','.mw'),('MY','Malaysia','+60','','','Kuala Lumpur (legislative/judical) and Putrajaya (administrative)','MYR','Ringgit','MYS','458','.my'),('MV','Maldives','+960','Republic of Maldives','','Male','MVR','Rufiyaa','MDV','462','.mv'),('ML','Mali','+223','Republic of Mali','','Bamako','XOF','Franc','MLI','466','.ml'),('MT','Malta','+356','Republic of Malta','','Valletta','MTL','Lira','MLT','470','.mt'),('MH','Marshall Islands','+692','Republic of the Marshall Islands','','Majuro','USD','Dollar','MHL','584','.mh'),('MR','Mauritania','+222','Islamic Republic of Mauritania','','Nouakchott','MRO','Ouguiya','MRT','478','.mr'),('MU','Mauritius','+230','Republic of Mauritius','','Port Louis','MUR','Rupee','MUS','480','.mu'),('MX','Mexico','+52','United Mexican States','','Mexico','MXN','Peso','MEX','484','.mx'),('FM','Micronesia','+691','Federated States of Micronesia','','Palikir','USD','Dollar','FSM','583','.fm'),('MD','Moldova','+373','Republic of Moldova','','Chisinau','MDL','Leu','MDA','498','.md'),('MC','Monaco','+377','Principality of Monaco','','Monaco','EUR','Euro','MCO','492','.mc'),('MN','Mongolia','+976','','','Ulaanbaatar','MNT','Tugrik','MNG','496','.mn'),('ME','Montenegro','+382','Republic of Montenegro','','Podgorica','EUR','Euro','MNE','499','.me and .yu'),('MA','Maroc','+212','Kingdom of Morocco','','Rabat','MAD','Dirham','MAR','504','.ma'),('MZ','Mozambique','+258','Republic of Mozambique','','Maputo','MZM','Meticail','MOZ','508','.mz'),('MM','Myanmar (Burma)','+95','Union of Myanmar','','Naypyidaw','MMK','Kyat','MMR','104','.mm'),('NA','Namibia','+264','Republic of Namibia','','Windhoek','NAD','Dollar','NAM','516','.na'),('NR','Nauru','+674','Republic of Nauru','','Yaren','AUD','Dollar','NRU','520','.nr'),('NP','Nepal','+977','','','Kathmandu','NPR','Rupee','NPL','524','.np'),('NL','Netherlands','+31','Kingdom of the Netherlands','','Amsterdam (administrative) and The Hague (legislative/judical)','EUR','Euro','NLD','528','.nl'),('NZ','New Zealand','+64','','','Wellington','NZD','Dollar','NZL','554','.nz'),('NI','Nicaragua','+505','Republic of Nicaragua','','Managua','NIO','Cordoba','NIC','558','.ni'),('NE','Niger','+227','Republic of Niger','','Niamey','XOF','Franc','NER','562','.ne'),('NG','Nigeria','+234','Federal Republic of Nigeria','','Abuja','NGN','Naira','NGA','566','.ng'),('NO','Norway','+47','Kingdom of Norway','','Oslo','NOK','Krone','NOR','578','.no'),('OM','Oman','+968','Sultanate of Oman','','Muscat','OMR','Rial','OMN','512','.om'),('PK','Pakistan','+92','Islamic Republic of Pakistan','','Islamabad','PKR','Rupee','PAK','586','.pk'),('PW','Palau','+680','Republic of Palau','','Melekeok','USD','Dollar','PLW','585','.pw'),('PA','Panama','+507','Republic of Panama','','Panama','PAB','Balboa','PAN','591','.pa'),('PG','Papua New Guinea','+675','Independent State of Papua New Guinea','','Port Moresby','PGK','Kina','PNG','598','.pg'),('PY','Paraguay','+595','Republic of Paraguay','','Asuncion','PYG','Guarani','PRY','600','.py'),('PE','Peru','+51','Republic of Peru','','Lima','PEN','Sol','PER','604','.pe'),('PH','Philippines','+63','Republic of the Philippines','','Manila','PHP','Peso','PHL','608','.ph'),('PL','Poland','+48','Republic of Poland','','Warsaw','PLN','Zloty','POL','616','.pl'),('PT','Portugal','+351','Portuguese Republic','','Lisbon','EUR','Euro','PRT','620','.pt'),('QA','Qatar','+974','State of Qatar','','Doha','QAR','Rial','QAT','634','.qa'),('RO','Romania','+40','','','Bucharest','RON','Leu','ROU','642','.ro'),('RU','Russia','+7','Russian Federation','','Moscow','RUB','Ruble','RUS','643','.ru and .su'),('RW','Rwanda','+250','Republic of Rwanda','','Kigali','RWF','Franc','RWA','646','.rw'),('KN','Saint Kitts and Nevis','+1-869','Federation of Saint Kitts and Nevis','','Basseterre','XCD','Dollar','KNA','659','.kn'),('LC','Saint Lucia','+1-758','','','Castries','XCD','Dollar','LCA','662','.lc'),('VC','Saint Vincent and the Grenadines','+1-784','','','Kingstown','XCD','Dollar','VCT','670','.vc'),('WS','Samoa','+685','Independent State of Samoa','','Apia','WST','Tala','WSM','882','.ws'),('SM','San Marino','+378','Republic of San Marino','','San Marino','EUR','Euro','SMR','674','.sm'),('ST','Sao Tome and Principe','+239','Democratic Republic of Sao Tome and Principe','','Sao Tome','STD','Dobra','STP','678','.st'),('SA','Saudi Arabia','+966','Kingdom of Saudi Arabia','','Riyadh','SAR','Rial','SAU','682','.sa'),('SN','Senegal','+221','Republic of Senegal','','Dakar','XOF','Franc','SEN','686','.sn'),('RS','Serbia','+381','Republic of Serbia','','Belgrade','RSD','Dinar','SRB','688','.rs and .yu'),('SC','Seychelles','+248','Republic of Seychelles','','Victoria','SCR','Rupee','SYC','690','.sc'),('SL','Sierra Leone','+232','Republic of Sierra Leone','','Freetown','SLL','Leone','SLE','694','.sl'),('SG','Singapore','+65','Republic of Singapore','','Singapore','SGD','Dollar','SGP','702','.sg'),('SK','Slovakia','+421','Slovak Republic','','Bratislava','SKK','Koruna','SVK','703','.sk'),('SI','Slovenia','+386','Republic of Slovenia','','Ljubljana','EUR','Euro','SVN','705','.si'),('SB','Solomon Islands','+677','','','Honiara','SBD','Dollar','SLB','090','.sb'),('SO','Somalia','+252','','','Mogadishu','SOS','Shilling','SOM','706','.so'),('ZA','South Africa','+27','Republic of South Africa','','Pretoria (administrative); Cape Town (legislative); and Bloemfontein (judical)','ZAR','Rand','ZAF','710','.za'),('ES','Spain','+34','Kingdom of Spain','','Madrid','EUR','Euro','ESP','724','.es'),('LK','Sri Lanka','+94','Democratic Socialist Republic of Sri Lanka','','Colombo (administrative/judical) and Sri Jayewardenepura Kotte (legislative)','LKR','Rupee','LKA','144','.lk'),('SD','Sudan','+249','Republic of the Sudan','','Khartoum','SDG','Pound','SDN','736','.sd'),('SR','Suriname','+597','Republic of Suriname','','Paramaribo','SRD','Dollar','SUR','740','.sr'),('SZ','Swaziland','+268','Kingdom of Swaziland','','Mbabane (administrative) and Lobamba (legislative)','SZL','Lilangeni','SWZ','748','.sz'),('SE','Sweden','+46','Kingdom of Sweden','','Stockholm','SEK','Kronoa','SWE','752','.se'),('CH','Switzerland','+41','Swiss Confederation','','Bern','CHF','Franc','CHE','756','.ch'),('SY','Syria','+963','Syrian Arab Republic','','Damascus','SYP','Pound','SYR','760','.sy'),('TJ','Tajikistan','+992','Republic of Tajikistan','','Dushanbe','TJS','Somoni','TJK','762','.tj'),('TZ','Tanzania','+255','United Republic of Tanzania','','Dar es Salaam (administrative/judical) and Dodoma (legislative)','TZS','Shilling','TZA','834','.tz'),('TH','Thailand','+66','Kingdom of Thailand','','Bangkok','THB','Baht','THA','764','.th'),('TL','Timor-Leste (East Timor)','+670','Democratic Republic of Timor-Leste','','Dili','USD','Dollar','TLS','626','.tp and .tl'),('TG','Togo','+228','Togolese Republic','','Lome','XOF','Franc','TGO','768','.tg'),('TO','Tonga','+676','Kingdom of Tonga','','Nuku alofa','TOP','Pa anga','TON','776','.to'),('TT','Trinidad and Tobago','+1-868','Republic of Trinidad and Tobago','','Port-of-Spain','TTD','Dollar','TTO','780','.tt'),('TN','Tunisia','+216','Tunisian Republic','','Tunis','TND','Dinar','TUN','788','.tn'),('TR','Turkey','+90','Republic of Turkey','','Ankara','TRY','Lira','TUR','792','.tr'),('TM','Turkmenistan','+993','','','Ashgabat','TMM','Manat','TKM','795','.tm'),('TV','Tuvalu','+688','','','Funafuti','AUD','Dollar','TUV','798','.tv'),('UG','Uganda','+256','Republic of Uganda','','Kampala','UGX','Shilling','UGA','800','.ug'),('UA','Ukraine','+380','','','Kiev','UAH','Hryvnia','UKR','804','.ua'),('AE','United Arab Emirates','+971','United Arab Emirates','','Abu Dhabi','AED','Dirham','ARE','784','.ae'),('GB','United Kingdom','+44','United Kingdom of Great Britain and Northern Ireland','','London','GBP','Pound','GBR','826','.uk'),('US','United States','+1','United States of America','','Washington','USD','Dollar','USA','840','.us'),('UY','Uruguay','+598','Oriental Republic of Uruguay','','Montevideo','UYU','Peso','URY','858','.uy'),('UZ','Uzbekistan','+998','Republic of Uzbekistan','','Tashkent','UZS','Som','UZB','860','.uz'),('VU','Vanuatu','+678','Republic of Vanuatu','','Port-Vila','VUV','Vatu','VUT','548','.vu'),('VA','Vatican City','+379','State of the Vatican City','','Vatican City','EUR','Euro','VAT','336','.va'),('VE','Venezuela','+58','Bolivarian Republic of Venezuela','','Caracas','VEB','Bolivar','VEN','862','.ve'),('VN','Vietnam','+84','Socialist Republic of Vietnam','','Hanoi','VND','Dong','VNM','704','.vn'),('YE','Yemen','+967','Republic of Yemen','','Sanaa','YER','Rial','YEM','887','.ye'),('ZM','Zambia','+260','Republic of Zambia','','Lusaka','ZMK','Kwacha','ZMB','894','.zm'),('ZW','Zimbabwe','+263','Republic of Zimbabwe','','Harare','ZWD','Dollar','ZWE','716','.zw'),('GE','Abkhazia','+995','Republic of Abkhazia','','Sokhumi','RUB','Ruble','GEO','268','.ge'),('TW','China, Republic of (Taiwan)','+886','Republic of China','','Taipei','TWD','Dollar','TWN','158','.tw'),('AZ','Nagorno-Karabakh','+374-97','Nagorno-Karabakh Republic','','Stepanakert','AMD','Dram','AZE','031','.az'),('CY','Northern Cyprus','+90-392','Turkish Republic of Northern Cyprus','','Nicosia','TRY','Lira','CYP','196','.nc.tr'),('MD','Pridnestrovie (Transnistria)','+373-533','Pridnestrovian Moldavian Republic','','Tiraspol','','Ruple','MDA','498','.md'),('SO','Somaliland','+252','Republic of Somaliland','','Hargeisa','','Shilling','SOM','706','.so'),('GE','South Ossetia','+995','Republic of South Ossetia','','Tskhinvali','RUB and GEL','Ruble and Lari','GEO','268','.ge'),('AU','Ashmore and Cartier Islands','','Territory of Ashmore and Cartier Islands','Australia','','','','AUS','036','.au'),('CX','Christmas Island','+61','Territory of Christmas Island','Australia','The Settlement (Flying Fish Cove)','AUD','Dollar','CXR','162','.cx'),('CC','Cocos (Keeling) Islands','+61','Territory of Cocos (Keeling) Islands','Australia','West Island','AUD','Dollar','CCK','166','.cc'),('AU','Coral Sea Islands','','Coral Sea Islands Territory','Australia','','','','AUS','036','.au'),('HM','Heard Island and McDonald Islands','','Territory of Heard Island and McDonald Islands','Australia','','','','HMD','334','.hm'),('NF','Norfolk Island','+672','Territory of Norfolk Island','Australia','Kingston','AUD','Dollar','NFK','574','.nf'),('NC','New Caledonia','+687','','France','Noumea','XPF','Franc','NCL','540','.nc'),('PF','French Polynesia','+689','Overseas Country of French Polynesia','France','Papeete','XPF','Franc','PYF','258','.pf'),('YT','Mayotte','+262','Departmental Collectivity of Mayotte','France','Mamoudzou','EUR','Euro','MYT','175','.yt'),('GP','Saint Barthelemy','+590','Collectivity of Saint Barthelemy','France','Gustavia','EUR','Euro','GLP','312','.gp'),('GP','Saint Martin','+590','Collectivity of Saint Martin','France','Marigot','EUR','Euro','GLP','312','.gp'),('PM','Saint Pierre and Miquelon','+508','Territorial Collectivity of Saint Pierre and Miquelon','France','Saint-Pierre','EUR','Euro','SPM','666','.pm'),('WF','Wallis and Futuna','+681','Collectivity of the Wallis and Futuna Islands','France','Mata utu','XPF','Franc','WLF','876','.wf'),('TF','French Southern and Antarctic Lands','','Territory of the French Southern and Antarctic Lands','France','Martin-de-Viviès','','','ATF','260','.tf'),('PF','Clipperton Island','','','France','','','','PYF','258','.pf'),('BV','Bouvet Island','','','Norway','','','','BVT','074','.bv'),('CK','Cook Islands','+682','','New Zealand','Avarua','NZD','Dollar','COK','184','.ck'),('NU','Niue','+683','','New Zealand','Alofi','NZD','Dollar','NIU','570','.nu'),('TK','Tokelau','+690','','New Zealand','','NZD','Dollar','TKL','772','.tk'),('GG','Guernsey','+44','Bailiwick of Guernsey','United Kingdom','Saint Peter Port','GGP','Pound','GGY','831','.gg'),('IM','Isle of Man','+44','','United Kingdom','Douglas','IMP','Pound','IMN','833','.im'),('JE','Jersey','+44','Bailiwick of Jersey','United Kingdom','Saint Helier','JEP','Pound','JEY','832','.je'),('AI','Anguilla','+1-264','','United Kingdom','The Valley','XCD','Dollar','AIA','660','.ai'),('BM','Bermuda','+1-441','','United Kingdom','Hamilton','BMD','Dollar','BMU','060','.bm'),('IO','British Indian Ocean Territory','+246','','United Kingdom','','','','IOT','086','.io'),('KY','Cayman Islands','+1-345','','United Kingdom','George Town','KYD','Dollar','CYM','136','.ky'),('FK','Falkland Islands (Islas Malvinas)','+500','','United Kingdom','Stanley','FKP','Pound','FLK','238','.fk'),('GI','Gibraltar','+350','','United Kingdom','Gibraltar','GIP','Pound','GIB','292','.gi'),('MS','Montserrat','+1-664','','United Kingdom','Plymouth','XCD','Dollar','MSR','500','.ms'),('PN','Pitcairn Islands','','','United Kingdom','Adamstown','NZD','Dollar','PCN','612','.pn'),('SH','Saint Helena','+290','','United Kingdom','Jamestown','SHP','Pound','SHN','654','.sh'),('GS','South Georgia and the South Sandwich Islands','','','United Kingdom','','','','SGS','239','.gs'),('TC','Turks and Caicos Islands','+1-649','','United Kingdom','Grand Turk','USD','Dollar','TCA','796','.tc'),('MP','Northern Mariana Islands','+1-670','Commonwealth of The Northern Mariana Islands','United States','Saipan','USD','Dollar','MNP','580','.mp'),('PR','Puerto Rico','+1-787 and 1-939','Commonwealth of Puerto Rico','United States','San Juan','USD','Dollar','PRI','630','.pr'),('AS','American Samoa','+1-684','Territory of American Samoa','United States','Pago Pago','USD','Dollar','ASM','016','.as'),('GU','Guam','+1-671','Territory of Guam','United States','Hagatna','USD','Dollar','GUM','316','.gu'),('AQ','Australian Antarctic Territory','','','Australia','','','','ATA','010','.aq'),('AQ','Ross Dependency','','','New Zealand','','','','ATA','010','.aq'),('AQ','Peter I Island','','','Norway','','','','ATA','010','.aq'),('AQ','Queen Maud Land','','','Norway','','','','ATA','010','.aq'),('AQ','British Antarctic Territory','','','United Kingdom','','','','ATA','010','.aq'),('SJ','Svalbard','+47','','Norway','Longyearbyen','NOK','Krone','SJM','744','.sj'),('AC','Ascension','+247','','United Kingdom','Georgetown','SHP','Pound','ASC','','.ac'),('AQ','Antarctica','','','Undetermined','','','','ATA','010','.aq'),('CS','Kosovo','+381','','Administrated by the UN','Pristina','CSD and EUR','Dinar and Euro','SCG','891','.cs and .yu'),('PS','Palestinian Territories (Gaza Strip and West Bank)','+970','','Administrated by Israel','Gaza City (Gaza Strip) and Ramallah (West Bank)','ILS','Shekel','PSE','275','.ps'),('MQ','Martinique','+596','Overseas Region of Martinique','France','Fort-de-France','EUR','Euro','MTQ','474','.mq'),('RE','Reunion','+262','Overseas Region of Reunion','France','Saint-Denis','EUR','Euro','REU','638','.re'),('AX','Aland','+358-18','','Finland','Mariehamn','EUR','Euro','ALA','248','.ax'),('AW','Aruba','+297','','Netherlands','Oranjestad','AWG','Guilder','ABW','533','.aw'),('AN','Netherlands Antilles','+599','','Netherlands','Willemstad','ANG','Guilder','ANT','530','.an'),('HK','Hong Kong','+852','Hong Kong Special Administrative Region','China','','HKD','Dollar','HKG','344','.hk'),('MO','Macau','+853','Macau Special Administrative Region','China','Macau','MOP','Pataca','MAC','446','.mo'),('FO','Faroe Islands','+298','','Denmark','Torshavn','DKK','Krone','FRO','234','.fo'),('GL','Greenland','+299','','Denmark','Nuuk (Godthab)','DKK','Krone','GRL','304','.gl'),('GF','French Guiana','+594','Overseas Region of Guiana','France','Cayenne','EUR','Euro','GUF','254','.gf'),('GP','Guadeloupe','+590','Overseas Region of Guadeloupe','France','Basse-Terre','EUR','Euro','GLP','312','.gp'),('VI','U.S. Virgin Islands','+1-340','United States Virgin Islands','United States','Charlotte Amalie','USD','Dollar','VIR','850','.vi'),('VG','British Virgin Islands','+1-284','','United Kingdom','Road Town','USD','Dollar','VGB','092','.vg'),('','British Sovereign Base Areas','+357','','United Kingdom','Episkopi','CYP','Pound','','',''),('UM','Baker Island','','','United States','','','','UMI','581',''),('UM','Howland Island','','','United States','','','','UMI','581',''),('UM','Jarvis Island','','','United States','','','','UMI','581',''),('TA','Tristan da Cunha','+290','','United Kingdom','Edinburgh','SHP','Pound','TAA','',''),('UM','Midway Islands','','','United States','','','','UMI','581',''),('UM','Navassa Island','','','United States','','','','UMI','581',''),('UM','Palmyra Atoll','','','United States','','','','UMI','581',''),('UM','Wake Island','','','United States','','','','UMI','850',''),('UM','Johnston Atoll','','','United States','','','','UMI','581',''),('UM','Kingman Reef','','','United States','','','','UMI','581','');
/*!40000 ALTER TABLE `pays` ENABLE KEYS */;
UNLOCK TABLES;

--
-- Table structure for table `pays_old`
--

DROP TABLE IF EXISTS `pays_old`;
/*!40101 SET @saved_cs_client     = @@character_set_client */;
/*!40101 SET character_set_client = utf8 */;
CREATE TABLE `pays_old` (
  `Name` varchar(35) COLLATE utf8_unicode_ci NOT NULL,
  `Code` varchar(4) COLLATE utf8_unicode_ci NOT NULL,
  `tel` varchar(5) COLLATE utf8_unicode_ci DEFAULT NULL,
  PRIMARY KEY (`Code`),
  UNIQUE KEY `Name` (`Name`)
) ENGINE=InnoDB DEFAULT CHARSET=utf8 COLLATE=utf8_unicode_ci;
/*!40101 SET character_set_client = @saved_cs_client */;

--
-- Dumping data for table `pays_old`
--

LOCK TABLES `pays_old` WRITE;
/*!40000 ALTER TABLE `pays_old` DISABLE KEYS */;
INSERT INTO `pays_old` VALUES ('Austria','A',NULL),('Afghanistan','AFG',NULL),('Antigua and Barbuda','AG',NULL),('Albania','AL',NULL),('American Samoa','AMSA',NULL),('Andorra','AND',NULL),('Angola','ANG',NULL),('Armenia','ARM',NULL),('Aruba','ARU',NULL),('Australia','AUS',NULL),('Anguilla','AXA',NULL),('Azerbaijan','AZ',NULL),('Belgium','B',NULL),('Bangladesh','BD',NULL),('Barbados','BDS',NULL),('Benin','BEN',NULL),('Bermuda','BERM',NULL),('Burkina Faso','BF',NULL),('Bulgaria','BG',NULL),('Bhutan','BHT',NULL),('Burundi','BI',NULL),('Bosnia and Herzegovina','BIH',NULL),('Bolivia','BOL',NULL),('Brazil','BR',NULL),('Bahrain','BRN',NULL),('Brunei','BRU',NULL),('Bahamas','BS',NULL),('British Virgin Islands','BVIR',NULL),('Belarus','BY',NULL),('Belize','BZ',NULL),('Cuba','C',NULL),('Cameroon','CAM',NULL),('Cayman Islands','CAYM',NULL),('Canada','CDN',NULL),('Switzerland','CH',NULL),('Cote dIvoire','CI',NULL),('Sri Lanka','CL',NULL),('Colombia','CO',NULL),('Cocos Islands','COCO',NULL),('Comoros','COM',NULL),('Cook Islands','COOK',NULL),('Costa Rica','CR',NULL),('Cape Verde','CV',NULL),('Cyprus','CY',NULL),('Czech Republic','CZ',NULL),('Germany','D',NULL),('Djibouti','DJI',NULL),('Denmark','DK',NULL),('Dominican Republic','DOM',NULL),('Algeria','DZ',NULL),('Spain','E',NULL),('Kenya','EAK',NULL),('Tanzania','EAT',NULL),('Uganda','EAU',NULL),('Ecuador','EC',NULL),('Eritrea','ER',NULL),('El Salvador','ES',NULL),('Egypt','ET',NULL),('Ethiopia','ETH',NULL),('Estonia','EW',NULL),('France','F',NULL),('Falkland Islands','FALK',NULL),('Faroe Islands','FARX',NULL),('French Guiana','FGU',NULL),('Fiji','FJI',NULL),('Liechtenstein','FL',NULL),('French Polynesia','FPOL',NULL),('Micronesia','FSM',NULL),('Gabon','G',NULL),('Gaza Strip','GAZA',NULL),('United Kingdom','GB',NULL),('Guernsey','GBG',NULL),('Jersey','GBJ',NULL),('Man','GBM',NULL),('Gibraltar','GBZ',NULL),('Guatemala','GCA',NULL),('Georgia','GE',NULL),('Ghana','GH',NULL),('Guinea-Bissau','GNB',NULL),('Equatorial Guinea','GQ',NULL),('Greece','GR',NULL),('Greenland','GROX',NULL),('Guadeloupe','GUAD',NULL),('Guam','GUAM',NULL),('Guyana','GUY',NULL),('Hungary','H',NULL),('Honduras','HCA',NULL),('Saint Helena','HELX',NULL),('Hong Kong','HONX',NULL),('Croatia','HR',NULL),('Italy','I',NULL),('Israel','IL',NULL),('India','IND',NULL),('Iran','IR',NULL),('Ireland','IRL',NULL),('Iraq','IRQ',NULL),('Iceland','IS',NULL),('Japan','J',NULL),('Jamaica','JA',NULL),('Jordan','JOR',NULL),('Cambodia','K',NULL),('Kazakstan','KAZ',NULL),('Kyrgyzstan','KGZ',NULL),('Kiribati','KIR',NULL),('Saint Kitts and Nevis','KN',NULL),('Kosovo','KOS',NULL),('Kuwait','KWT',NULL),('Luxembourg','L',NULL),('Laos','LAO',NULL),('Libya','LAR',NULL),('Liberia','LB',NULL),('Lesotho','LS',NULL),('Lithuania','LT',NULL),('Latvia','LV',NULL),('Malta','M',NULL),('Morocco','MA','+212'),('Macau','MACX',NULL),('Malaysia','MAL',NULL),('Martinique','MART',NULL),('Mayotte','MAYO',NULL),('Monaco','MC',NULL),('Moldova','MD',NULL),('Mexico','MEX',NULL),('Marshall Islands','MH',NULL),('Macedonia','MK',NULL),('Montenegro','MNE',NULL),('Mongolia','MNG',NULL),('Montserrat','MNTS',NULL),('Mozambique','MOC',NULL),('Mauritius','MS',NULL),('Maldives','MV',NULL),('Malawi','MW',NULL),('Myanmar','MYA',NULL),('Norway','N',NULL),('Netherlands Antilles','NA',NULL),('Namibia','NAM',NULL),('Nauru','NAU',NULL),('New Caledonia','NCA',NULL),('Nepal','NEP',NULL),('Nicaragua','NIC',NULL),('Niue','NIUE',NULL),('Netherlands','NL',NULL),('Northern Mariana Islands','NMIS',NULL),('North Korea','NOK',NULL),('Norfolk Island','NORF',NULL),('New Zealand','NZ',NULL),('Oman','OM',NULL),('Portugal','P',NULL),('Panama','PA',NULL),('Palau','PAL',NULL),('Peru','PE',NULL),('Pitcairn Islands','PITC',NULL),('Pakistan','PK',NULL),('Poland','PL',NULL),('Papua New Guinea','PNG',NULL),('Puerto Rico','PR',NULL),('Paraguay','PY',NULL),('Qatar','Q',NULL),('Russia','R',NULL),('Argentina','RA',NULL),('Botswana','RB',NULL),('Taiwan','RC',NULL),('Central African Republic','RCA',NULL),('Congo','RCB',NULL),('Chile','RCH',NULL),('Reunion','REUN',NULL),('Guinea','RG',NULL),('Haiti','RH',NULL),('Indonesia','RI',NULL),('Mauritania','RIM',NULL),('Lebanon','RL',NULL),('Madagascar','RM',NULL),('Mali','RMM',NULL),('Niger','RN',NULL),('Romania','RO',NULL),('South Korea','ROK',NULL),('Uruguay','ROU',NULL),('Philippines','RP',NULL),('South Africa','RSA',NULL),('San Marino','RSM',NULL),('Togo','RT',NULL),('Rwanda','RWA',NULL),('Sweden','S',NULL),('Saudi Arabia','SA',NULL),('Swaziland','SD',NULL),('Finland','SF',NULL),('Singapore','SGP',NULL),('Slovakia','SK',NULL),('Solomon Islands','SLB',NULL),('Slovenia','SLO',NULL),('Saint Martin','SMAR',NULL),('Suriname','SME',NULL),('Senegal','SN',NULL),('Somalia','SP',NULL),('Saint Pierre and Miquelon','SPMI',NULL),('Serbia','SRB',NULL),('Sao Tome and Principe','STP',NULL),('Sudan','SUD',NULL),('Svalbard','SVAX',NULL),('Seychelles','SY',NULL),('Syria','SYR',NULL),('Tajikistan','TAD',NULL),('Chad','TCH',NULL),('Thailand','THA',NULL),('China','TJ',NULL),('Timor-Leste','TL',NULL),('Turkmenistan','TM',NULL),('Tunisia','TN',NULL),('Tonga','TO',NULL),('Turkey','TR',NULL),('Trinidad and Tobago','TT',NULL),('Turks and Caicos Islands','TUCA',NULL),('Tuvalu','TUV',NULL),('Ukraine','UA',NULL),('United Arab Emirates','UAE',NULL),('United States','USA',NULL),('Uzbekistan','UZB',NULL),('Holy See','V',NULL),('Virgin Islands','VIRG',NULL),('Vietnam','VN',NULL),('Vanuatu','VU',NULL),('Wallis and Futuna','WAFU',NULL),('Gambia','WAG',NULL),('Sierra Leone','WAL',NULL),('Nigeria','WAN',NULL),('Dominica','WD',NULL),('West Bank','WEST',NULL),('Grenada','WG',NULL),('Saint Lucia','WL',NULL),('Samoa','WS',NULL),('Western Sahara','WSA',NULL),('Saint Vincent and the Grenadines','WV',NULL),('Christmas Island','XMAS',NULL),('Yemen','YE',NULL),('Venezuela','YV',NULL),('Zambia','Z',NULL),('Zaire','ZRE',NULL),('Zimbabwe','ZW',NULL);
/*!40000 ALTER TABLE `pays_old` ENABLE KEYS */;
UNLOCK TABLES;

--
-- Table structure for table `pers`
--

DROP TABLE IF EXISTS `pers`;
/*!40101 SET @saved_cs_client     = @@character_set_client */;
/*!40101 SET character_set_client = utf8 */;
CREATE TABLE `pers` (
  `cin` varchar(255) COLLATE utf8_unicode_ci DEFAULT NULL,
  `identitetype_id` varchar(255) COLLATE utf8_unicode_ci DEFAULT NULL,
  `nom` varchar(255) COLLATE utf8_unicode_ci DEFAULT NULL,
  `prenom` varchar(255) COLLATE utf8_unicode_ci DEFAULT NULL,
  `profession_id` varchar(255) COLLATE utf8_unicode_ci DEFAULT NULL,
  `indicatif` varchar(255) COLLATE utf8_unicode_ci DEFAULT NULL,
  `tel` varchar(255) COLLATE utf8_unicode_ci DEFAULT NULL,
  `email` varchar(255) COLLATE utf8_unicode_ci DEFAULT NULL,
  `adresse` varchar(255) COLLATE utf8_unicode_ci DEFAULT NULL,
  `ville_id` varchar(255) COLLATE utf8_unicode_ci DEFAULT NULL,
  `pays_id` varchar(255) COLLATE utf8_unicode_ci DEFAULT NULL,
  `personnetype_id` varchar(255) COLLATE utf8_unicode_ci DEFAULT NULL,
  `recu15` varchar(255) COLLATE utf8_unicode_ci DEFAULT NULL,
  `prix15` varchar(255) COLLATE utf8_unicode_ci DEFAULT NULL,
  `recu16` varchar(255) COLLATE utf8_unicode_ci DEFAULT NULL,
  `prix16` varchar(255) COLLATE utf8_unicode_ci DEFAULT NULL,
  `recu17` varchar(255) COLLATE utf8_unicode_ci DEFAULT NULL,
  `prix17` varchar(255) COLLATE utf8_unicode_ci DEFAULT NULL
) ENGINE=InnoDB DEFAULT CHARSET=utf8 COLLATE=utf8_unicode_ci;
/*!40101 SET character_set_client = @saved_cs_client */;

--
-- Dumping data for table `pers`
--

LOCK TABLES `pers` WRITE;
/*!40000 ALTER TABLE `pers` DISABLE KEYS */;
INSERT INTO `pers` VALUES ('1','1','Abba','El Hassan','1','00212','661054736','abbaelhassan@gmail.com','Lycée Tarik','Azrou','MA','1',NULL,NULL,NULL,NULL,NULL,NULL),('2','1','Abejja','Omar','2','00212','611699406','','lot lalla moulaty -sefrou','Sefrou','MA','1',NULL,NULL,NULL,NULL,NULL,NULL),('3','1','Achahbar','Charif','3','00212','662340948','ucpmaroc@gmail.com','20, rue Al Qualçadi, Appt 14- Agdal - Rabat','Rabat','MA','1','2510','100',NULL,NULL,NULL,NULL),('4','1','Adidi','Abdelaziz','4','00212','661876377','a2adidi@yahoo.fr','INAU, B.P. 6215','Rabat','MA','1','2551','100',NULL,NULL,NULL,NULL),('5','1','Adlan El Mrini','Mohamed Said','1','00212','667537623','aesvtlaraksar7@yahoo.fr','Lycée Abi Absas Sebti','Tanger','MA','1',NULL,NULL,NULL,NULL,NULL,NULL),('6','1','Ahiyati','Hamza','5','00212','663214171','ahiati19@gmail.com','BLOC 4 RUE 2 N°18 HAY MOHAMMADI','Casablanca','MA','1',NULL,NULL,NULL,NULL,NULL,NULL),('7','1','Ait M\'hand','Malika','5','','','malika20014@gmail.com','Groupe Al ouahda yah nahda 8','rabat ','MA','1',NULL,NULL,'2632','50',NULL,NULL),('8','1','Alaoui','Altaf','5','00212','674361135','altaf.alaoui@gmail.com','Imm. Sophale 5, Appt. N°9, B.M.O -meknes ','Meknès','MA','1','49','100',NULL,NULL,NULL,NULL),('9','1','Amadjar','Malika','1','00212','660652058','morjana_56@live.fr','67 Bloc C,','Kénitra','MA','1',NULL,NULL,NULL,NULL,NULL,NULL),('10','1','Ameziane','Mohamed','5','00212','633709952','mohamed.ameziane@ymail.com','B.P. 827, Beni Bouayache 32050 -al hoceima','Al Hoceima','MA','1','55','50',NULL,NULL,NULL,NULL),('11','1','Amlal','Abderahim','5','00212','604120138','abderrahim95amalal@gmail.com','Douar Tassila massa chtouka ait baha','Massa','MA','1',NULL,NULL,NULL,NULL,NULL,NULL),('12','1','Amrani','Amrani','1','00212','672786973','aamrani49@yahoo,fr','','Ahfir','MA','1',NULL,NULL,NULL,NULL,NULL,NULL),('13','1','Amrani','El Mostapha','6','00212','661355787','mostaphamrani@gmail.com','Lot 1507 - bir rami sud n° 3','Kénitra ','MA','1',NULL,NULL,NULL,NULL,NULL,NULL),('14','1','Aouni','Kenza','7','00212','661655822','aounikz@gmail.com','3 Rue harroun errachid , agdal - rabat ','Rabat','MA','1',NULL,NULL,NULL,NULL,NULL,NULL),('15','1','Aourir','Mohamed','1','00212','671948720','maourir@gmail.com','','Agadir','MA','1','2524','100',NULL,'100',NULL,NULL),('16','1','Atany','Taha','1','00212','674423509','atany.taha@gmail.com','16, rue Abou Ghaleb Achiani, Maârif','Casablanca','MA','1',NULL,NULL,NULL,NULL,NULL,NULL),('17','1','Azaouaghe','Said','1','00212','661845568','azaouaghe@yahoo.fr','69, rue  Abdelkrim El Khattabi -nador','Nador','MA','1','2512','100',NULL,NULL,NULL,NULL),('18','1','Azdem','Driss','5','00212','634562122','akraty@hotmail.fr','','casablanca','MA','1','2595','50',NULL,NULL,NULL,NULL),('19','1','Banan','Hassan','1','00212','666287501','hassanbanane63@gmail.com','Lot 75, Appt. 6, Houria - kenitra','Kénitra','MA','1','2503','100',NULL,NULL,'2855','100'),('20','1','Banaoui','Ali',NULL,'','','','','Agadir ','MA','1',NULL,NULL,NULL,NULL,NULL,NULL),('21','1','Bara','Mouslim','5','00213','699101375','m.bara@live.com','Ecatap, Université Annaba 23000','Algérie','MA','1',NULL,NULL,NULL,NULL,NULL,NULL),('22','1','Bayed','Abdellatif','4','00212','663688600','uob_isr@yahoo.com','Institut Scientifique','Rabat','MA','1','66','100',NULL,NULL,NULL,NULL),('23','1','Belfkih El Idrissi','Khalil','8','00212','644594735','benlafkihelidrissikhalil@yahoo.fr','','rabat','MA','1',NULL,NULL,NULL,NULL,NULL,NULL),('24','1','Belgaziz','Soumaya','5','00212','696926678','soumayabelgaziz012@gmail.com','Bloc knr 19- sité el houda ','Agadir ','MA','1',NULL,NULL,NULL,NULL,NULL,NULL),('25','1','Belgaziz','Soumaya','5','00212','697926678','soumayabelgaziz012@gmail.com','BLOK K NR 19 CITE EL HOUDA AGADIR','Agadir ','MA','1',NULL,NULL,NULL,NULL,NULL,NULL),('26','1','Belkacem','Mohammed','5','00212','600393823','belkacem93@gmail.com','N°6, Rue Moula Tayeb','Berkane','MA','1',NULL,NULL,NULL,NULL,NULL,NULL),('27','1','Ben Amar','Amal','5','00212','616461740','benamar2003@gmail.com','Massira 1, Tafilalet 2 , imm f , n° 25','Marrakech','MA','1',NULL,NULL,NULL,NULL,NULL,NULL),('28','1','Ben Lafkih El Idrissi','Khalil',NULL,'','','','','','MA','1','2522','100',NULL,NULL,NULL,NULL),('29','1','Ben Salah','Sidi Mustapha','1','00212','644000369','sidiben66@yahoo.fr','Lycée Khawarizmi','Tanger','MA','1',NULL,NULL,NULL,NULL,NULL,NULL),('30','1','Ben Slimane','Mohamed','9','00212','642819410','drefma7@gmail.com','DREF Moyen Atlas','Meknès','MA','1',NULL,NULL,NULL,NULL,NULL,NULL),('31','1','Benchama','Ayoub','5','00212','621026893','benchamaayoub@gmail.com','residence al mansour , imm b3 , appt 6 , tabriquet - salé ','Salé','MA','1','48','50','2568','50',NULL,NULL),('32','1','Bencherqi','Imane','10','00212','668600023','icherqi.grepom@gmail.com','résidence oum hani imm 7 , appt 7- salé ','Rabat','MA','1','50','100',NULL,NULL,NULL,NULL),('33','1','Benhichou','Badr','5','00212','667835449','ayourbadr@gmail.com','BP4630, CP 12020 Massira, Témara','Témara','MA','1','61','50',NULL,NULL,NULL,NULL),('34','1','Benka','El-Mostafa','5','00212','626781485','mosben.mse@gmail.com','DR ait maala ouaouizerth azilal-22402- Azilal','Azilal ','MA','1',NULL,NULL,'2578','50',NULL,NULL),('35','1','Benlafkih El Idrissi','Khalil','8','00212','644594735','benlafkihelidrissikhalil@yahoo.fr','','Rabat','MA','1',NULL,NULL,NULL,NULL,NULL,NULL),('36','1','Benramel','Mostapha','5','00212','661704841','beramel_salah@yahoo.fr','Rue 182, N° 4441','Kénitra','MA','1',NULL,NULL,NULL,NULL,NULL,NULL),('37','1','Bensaid','Ihssane','4','','','ihbensaid@yahoo.fr','Institut Scientifique','Rabat','MA','1',NULL,NULL,NULL,NULL,NULL,NULL),('38','1','Berrada','Kaoutar','11','00212','656228872','berrada.kaoutar@gmail.com','19, lot. youssra et Zerka/Rte Mehdia H19 Apt 8 Imb H19. Salé','salé','MA','1',NULL,NULL,'2631','50',NULL,NULL),('39','1','Bibouden','Sokaina','5','00212','678091779','sokainatilila@gmail.com','AGHBALOU SIDI WASSAY MASSA',' Massa','MA','1',NULL,NULL,NULL,NULL,NULL,NULL),('40','1','Bona','Saida',NULL,'00212','664111103','reinedesbaa@gmail.com','','Marrakech','MA','1','2533','100',NULL,NULL,NULL,NULL),('41','1','Bouajaja','Adel',NULL,'00212','661707658','abouajaja@grepom.org','Lot,Dadda, Imm. 43, Appt. 3','Salé','MA','1','2537','100',NULL,NULL,NULL,NULL),('42','1','Bouazzaoui','Nabila','8','00212','665829834','nbouaz@gmail.com','13, Rue Pékin, N° 13','Rabat','MA','1',NULL,NULL,NULL,NULL,NULL,NULL),('43','1','Boudraa','Wahiba','5','00213','770547202','wahibaboudraa@yahoo.fr','Cité champs Manenvre bloc 02, n°14 24000','Guelma, Algérie','MA','1',NULL,NULL,NULL,NULL,NULL,NULL),('44','1','Bouiamrine','El Houcine','1','00212','699302730','bouiamrine@yahoo.fr','Univ. Moulay Ismail','Meknès','MA','1',NULL,NULL,NULL,NULL,NULL,NULL),('45','1','Bouisefar','Rabie','12','00212','645590659','rabiphotoghraphy@gmail.com','el quoudsse 02 blo 03 NR 118 - Taza','Taza','MA','1',NULL,NULL,NULL,NULL,NULL,NULL),('46','1','Boumaaza','Mbarek','1','00212','666221992','boumaazambarek@yahoo.fr','N°17, Boulevard El Yarmouk','Berkane','MA','1','2509','100',NULL,NULL,'2859','100'),('47','1','Boumaaza','Jihad',NULL,'00212','661754498','boumaaza.jihad@gmail.com','N°17, Boulevard El Yarmouk','Berkane','MA','1','2539','100',NULL,NULL,'2860','100'),('48','1','Boumedienne','Ahmed','1','00212','672786973','ahmedboumediene308@yahoo.fr','63, Rue Anoual','Ahfir','MA','1','2519','100',NULL,NULL,NULL,NULL),('49','1','Boumedienne','Mehdi','5','','','','63, Rue Anoual','Ahfir','MA','1','2520','50',NULL,NULL,NULL,NULL),('50','1','Bououarour','Oussama','11','00212','673810367','oussama.bouarour @gmail.com','239 , Secteur hay rahma salé ','Salé','MA','1',NULL,NULL,'2639','50',NULL,NULL),('51','1','Bourass','Khadija','11','00212','613633387','bourass_khadija@yahoo.fr','8, rue Mohammedia- hassan - rabat','Rabat','MA','1','2552','50',NULL,NULL,NULL,NULL),('52','1','Bourass','Abdelhak',NULL,'','','','','kenitra','MA','1',NULL,NULL,NULL,NULL,'2856','100'),('53','1','Bourouah','El Bachir','13','00212','667276373','bourouahbachir@hotmail.fr','N°18, Rue 19,hay el maamora','Kénitra','MA','1','2504','100',NULL,NULL,NULL,NULL),('54','1','Bousfiha','Mohammed','14','00212','662521911','bousmed@gmail.com','57, Avenue Tadla- aviation -rabat','Rabat','MA','1','2526','100',NULL,NULL,'2861','100'),('55','1','Boussadik','Halima','1','00212','673062523','bousadik_halima@yahoo.fr','','Marrakech','MA','1','2525','100',NULL,NULL,NULL,NULL),('56','1','Boutbaiq','Bilal','15','00212','668233561','','Bloc C 55 - Maghrib Arabi ','Kénitra','MA','1',NULL,NULL,NULL,NULL,NULL,NULL),('57','1','Bouzaaboul','Mounir','13','','','','','Kénitra','MA','1',NULL,NULL,NULL,NULL,NULL,NULL),('58','1','Bouzekry','Assia','1','00212','676917788','assiamatf@yahoo.fr','Lycée Charif Idrissi','Tétouan','MA','1',NULL,NULL,NULL,NULL,NULL,NULL),('59','1','Chafik','Mustapha','9','00212','670906662','chafik_moustapha@yahoo.fr','N° 1154, Secteur 8, Rue Moulouya','Salé','MA','1','387','100',NULL,NULL,NULL,NULL),('60','1','Chakri','Said','1','00212','661259714','aesvt.tanger@yahoo.fr','CEET/Ecole Al Quods','Tanger','MA','1',NULL,NULL,NULL,NULL,NULL,NULL),('61','1','Chaoui','Hicham','5','00212','653387760','hichamchaoui96@yahoo.fr','753 Lot Arssat sala - route de kénitra - salé 11060','salé','MA','1',NULL,NULL,NULL,'50',NULL,NULL),('62','1','Chekrouni','Nadia','5','00212','649490791','naadouch1@hotmail.com','Quartier El Irfane, Rue Errazi, N° 27-  oujda','Oujda','MA','1',NULL,NULL,NULL,NULL,'2857','50'),('63','1','Chemlali','Abderrahmane','1','00212','666614774','ciconiaberkane@yahoo.fr','','Berkane','MA','1',NULL,NULL,NULL,NULL,NULL,NULL),('64','1','Chemlali','Bouchra','15','00212','666614774','siconia.com@berkane.com','','Berkane','MA','1',NULL,NULL,NULL,NULL,NULL,NULL),('65','1','Cherkaoui','Sidi Imad','16','00212','662383331','imad.cherkaoui@gmail.com',' Résidence Nassim Al Bahr II','Salé','MA','1','2536','100','2585','100',NULL,NULL),('66','1','Chikri','Khalid','17','00212','661212308','khalid.chikri@gmail.com','av med ben abderahmane n°14- Tetouan','Tetouan ','MA','1',NULL,NULL,NULL,NULL,NULL,NULL),('67','1','Chikri','Khalid','17','00212','661212308','khalid.chikri@gmail.com','MOHAMED BEN ABDERRAHMANE N14','TETOUAN','MA','1',NULL,NULL,NULL,NULL,NULL,NULL),('68','1','Chillasse','Lahcen','4','00212','661514004','chillasse@yahoo.fr','Univ. Moulay Ismail','Meknès','MA','1','2508','100',NULL,NULL,NULL,NULL),('69','1','Choukri','Rachid','5','00212','678449635','choukri.ra@gmail.com','N° 84 bloc D, Asaka , agadir ','Agadir ','MA','1',NULL,NULL,'2635','50',NULL,NULL),('70','1','Cuzin','Fabrice',NULL,'','','fabcuzin@yahoo.fr','','Marrakech','MA','1',NULL,NULL,NULL,NULL,NULL,NULL),('71','1','Dakki','Lamiaâ','18','00212','661460238','','12, rue Souria, Immeuble Jacaranda- rue souria , gueliz - marrakech ','Marrakech','MA','1','2513','100',NULL,NULL,'2874','100'),('72','1','Dakki','Najlaâ','19','00212','537885652','n.dakki@hotmail.com','22, lotissement Koutoubia II, rte de mehdia , salé ','Salé','MA','1','2514','100',NULL,NULL,NULL,NULL),('73','1','Dakki','Chaimae','5','','','','22, lotissement Koutoubia II , route de kenitra - salé','salé','MA','1','2521','50',NULL,NULL,'2875','100'),('74','1','Dakki','Mohamed','4','00212','661391281','dakkiisr@gmail.com','22, lotissement Koutoubia II , route de kenitra - salé','Salé','MA','1','65','100','2871','100','2871','100'),('75','1','Dalai','Mohamed','20','00212','661367139','assiamatf@yahoo.fr','Dir. Provincial des E & F','Meknès','MA','1',NULL,NULL,NULL,NULL,NULL,NULL),('76','1','Dehbi','Abdellah','21','','','','','','MA','1',NULL,NULL,NULL,NULL,NULL,NULL),('77','1','Derqaoui','Lahcen','4','00212','668183340','lderqaoui@yahoo.fr','IAV Hassan II, B.P. 6202','Rabat','MA','1','2516','100',NULL,NULL,NULL,NULL),('78','1','Derrou','Abderrahim','22','00212','661354597','derrou.a@hotmail.fr','Parc national d\'Ifrane','ifrane','MA','1',NULL,NULL,NULL,NULL,NULL,NULL),('79','1','Detsouli','Mohamed','1','00212','661854910','','','Berkane','MA','1',NULL,NULL,NULL,NULL,NULL,NULL),('80','1','Douini',' Ikram','5','00212','640581404','ikram.douini@gmail.com','Centre de recherche, Faculté des Sciences et Techniques de Beni Mellal','Beni Mellal','MA','1',NULL,NULL,'2576','50',NULL,NULL),('81','1','Douiri','My Rachid','5','00212','619577263','douirirachid@hotmail.com','N° 291, cité militaire maamoura - salé','Salé','MA','1',NULL,NULL,NULL,NULL,NULL,NULL),('82','1','Douiri','Sidi Mohamed','5','00212','661736081','douirisidimohamed@gmail.com','N° 291, cité militaire maamoura - salé','Salé','MA','1',NULL,NULL,NULL,NULL,NULL,NULL),('83','1','Drafat','Mohamed','8','00212','660433664','mohammeddrafat@gmail.com','N° 115, Sidi Ahmed Tadli -sefrou','Sefrou','MA','1',NULL,NULL,NULL,NULL,NULL,NULL),('84','1','Ech-Charafi','Soukaina','11','00212','668988750','soukainacahrafi2005@gmail.com','rue jabal ayachi n°39 - Hay nasser , karia - salé ','Salé ','MA','1',NULL,NULL,NULL,'50',NULL,NULL),('85','1','Egmoulane','Meriam','5','00212','669755152','meryem.igm@gmail.com','lot remel 2 n° 208 ','inzegane','MA','1',NULL,NULL,NULL,NULL,NULL,NULL),('86','1','El Agbani','Mohammed-Aziz','4','00212','661391909','elagbani@hotmail.com','Av. Ailanthus Q12, Rés. Assalam ; appt 7- hay riad - rabat','Rabat','MA','1','62','100','60','100','60','100'),('87','1','El Alaoui El Fels','Moulay',NULL,'','','elalaoui.elfels@gmail.com','','Marrakech','MA','1',NULL,NULL,NULL,NULL,NULL,NULL),('88','1','El Allouli','Nabil','1','00212','666013986','nabil.svt@gmail.com ','623.lot tabjia, maatallah m\'hamid - Marrakech ','Marrakech','MA','1','2534','100',NULL,NULL,'2868','100'),('89','1','El Azzaoui','Ahmed','5','00212','699143698','ah.elazzaoui@gmail.com','Centre Ait Amira Chtouka Ait Baha Agadir -87052','Agadir ','MA','1',NULL,NULL,NULL,NULL,NULL,NULL),('90','1','El Azzaoui','Ahmed','5','00212','699143698','ah.elazzaoui@gmail.com','Centre Ait Amira Chtouka Ait Baha Agadir -87052','Agadir ','MA','1',NULL,NULL,NULL,'50',NULL,NULL),('91','1','El Bahi','Fatima Zahra','11','00212','667151343','fatimazahraelbahi@yahoo.fr','Hay Al Massira 1, N° 1947 - temara','Témara','MA','1',NULL,NULL,NULL,NULL,NULL,NULL),('92','1','El Baouchi','Samia','23','00212','660433664','femmesbladidt@yahoo.fr','N° 115, Sidi Ahmed Tadli- sefrou','Sefrou','MA','1',NULL,NULL,NULL,NULL,NULL,NULL),('93','1','El Blidi','Souad','4','00212','661137595','elblidi@yahoo.fr','Institut Scientifique','Rabat','MA','1',NULL,NULL,NULL,NULL,NULL,NULL),('94','1','El Bouni','Ayad','24','00212','668181197','ayad_e@yahoo.fr','DZEA, Institut Scientifique','Rabat','MA','1',NULL,NULL,NULL,NULL,NULL,NULL),('95','1','El Falah','Said','25','00212','661325301','saidelfalah@gmail.com','','Rabat','MA','1','47','100',NULL,NULL,NULL,NULL),('96','1','El Fatehi','Yassine','11','00212','661696250','y.elfatehi@gmail.com','65, rue Brahim Roudani, App. N°5, Océan','Rabat','MA','1',NULL,NULL,NULL,NULL,NULL,NULL),('97','1','El Fellah','Bouchta','4','00212','661170305','elfellah59@yahoo.fr','Institut Scientifique','Rabat','MA','1','2517','100',NULL,NULL,NULL,NULL),('98','1','El Ghali Khiyati','Mohamed','26','00212','662174736','khiyati@gmail.com;mohammed.khiati@giz.de','','Rabat','MA','1',NULL,NULL,NULL,NULL,NULL,NULL),('99','1','El Ghazi','Choukri',NULL,'00212','668969914','','2200 al omrane selouane - Nador ','Nador','MA','1',NULL,NULL,NULL,NULL,NULL,NULL),('100','1','El Hajhouji','Salah Eddine','8','00212','631097986','el.hajhouj.salah@gmail.com','Dar el hamra rue bouknadel , numero 108- salé','salé','MA','1','2566','100',NULL,NULL,NULL,NULL),('101','1','El Hammoumi','Rhimou','4','00212','667531425','rhamoumi@hotmail.com','Faculté des Sciences','Casablanca','MA','1','67','100','2862','100','2862','100'),('102','1','El Haoua','Mohamed Karim','27','00212','660541151','kelhaoua@bmcebank.co.ma','','','MA','1','2542','100',NULL,NULL,NULL,NULL),('103','1','El Hassani','Abderahim','2','00212','642191611','Hassani_gour@hotmail.com','N° 620, Lotissement Slaoui','Sefrou','MA','1','46','100',NULL,NULL,NULL,NULL),('104','1','El Idrissi Essougrati','Abdelaziz','28','00212','623384285','elidrissiaz@yahoo.fr','N°88 Bloc D, Ksar Labhar -akkari -rabat','Rabat','MA','1','23','100','2863','100','2863','100'),('105','1','El Joudy','Hafida','11','00212','632924138','hafida_el3ayla@gmail.com','Haychafaa, rue rachad n°15 - 11000- salé ','salé','MA','1',NULL,NULL,'2630','50',NULL,NULL),('106','1','El Kamcha','Reda','11','00212','652375987','elkamcha,reda@hotmail,com','Amal 5, NR 1604, El massira Cym - Rabat -10000','Rabat','MA','1',NULL,NULL,'2639','50',NULL,NULL),('107','1','El Khamlichi','Rachid','17','00212','668556385','ricardo196be@yahoo.es;rachid.cocn@gmail.com','41, Zvenue Houlouane - tetouan','Tétouan','MA','1','54','100',NULL,NULL,NULL,NULL),('108','1','El Khettabi','Anissa','1','00212','662101279','larifinia @yahoo.es ','avenu Mohamed daoud -534 ','Tetouan ','MA','1',NULL,NULL,NULL,NULL,'2852','100'),('109','1','El Khoumsi','Driss','1','00212','662760027','driss1953@gmail.com, hadri33@yahoo.fr','Ahadaf - Azrou ','Azrou','MA','1',NULL,NULL,NULL,NULL,NULL,NULL),('110','1','El Mahfadi','Afrah','11','00212','672096727','afrahelmahfadi@gmail.com','','Rabat','MA','1',NULL,NULL,'2579','50',NULL,NULL),('111','1','El Maroufi','Kaoutar','29','00212','658369344','riyadkawtar@gmail.com','Imm. 19, Appt. 7, Lot. Alarsa-hay chemaou , route kenita -salé','Salé','MA','1','2562','100',NULL,NULL,NULL,NULL),('112','1','El Miloudi','Hind','30','00212','661527807','hindelmiloudi@hotmail.com','rabat ','rabat ','MA','1','2511','100',NULL,NULL,NULL,NULL),('113','1','El Moudden','Kaoutar','1','','','tahanoha@hotmail.com','Lot 75, Appt 6, Houria','Kénitra','MA','1',NULL,NULL,NULL,NULL,NULL,NULL),('114','1','El Mouden','El Hassan',NULL,'00212','672776688','elmouden@ucam.ac.ma','','Marrakech','MA','1','2527','100',NULL,NULL,NULL,NULL),('115','1','El Mounssi','Azeddine','2','','','mounssia@yahoo.fr','avenu Mohamed daoud -535','Tetouan ','MA','1',NULL,NULL,NULL,NULL,'2851','100'),('116','1','El Oualidi','Jalal','4','','','eloualidi@israbat.ac.ma','','rabat','MA','1',NULL,NULL,NULL,NULL,NULL,NULL),('117','1','El Ouhadi','Kawtar','5','00212','662090325','kawtar-elou@hotmail.com','','rabat','MA','1','2532','50',NULL,NULL,NULL,NULL),('118','1','El Rhaffari','Lhoucine','4','00212','661503145','elrhaffari@yahoo.fr','Faculté des Sciences et Techniques- bp 509- boutalamine- errachidia ','Errachidia','MA','1',NULL,NULL,NULL,NULL,NULL,NULL),('119','1','El Yacoubi Khebiza','Mohamed',NULL,'','','','','Marrakech','MA','1',NULL,NULL,NULL,NULL,NULL,NULL),('120','1','Elazzaoui','Ahmed','5','00212','699143698','ah.elazzaoui@gmail.com','Centre Ait Amira Chtouka Ait Baha Agadir -87052','Agadir','MA','1',NULL,NULL,NULL,NULL,NULL,NULL),('121','1','El Banak','Abdelhak','29','00212','658415403','orni_elbanak@yahoo.fr','Hay Nahda II- rue beer anzarane; n 058 tiflet','Tiflet','MA','1','2565','100',NULL,NULL,NULL,NULL),('122','1','El Kadmiri','Mohamed','31','00212','601991749','elkadmirimohammed34@gmail.com','','Salé','MA','1',NULL,NULL,NULL,NULL,'2878','100'),('123','1','El Malki','Siham','11','00212','666348368','elmalki.siham@gmail.com','Bd. Edakhla, Jamila 3, N° 91 C D-casablanca','Casablanca','MA','1','2556','50',NULL,NULL,NULL,NULL),('124','1','El Mansoury','Mohamed','5','00212','600280501','elmansourymohamed9@gmail.com','HAY TIGUEMI OUFELLA LOG DE LA MOSQUÉE DCHEIRA','DCHIERA ','MA','1',NULL,NULL,NULL,NULL,NULL,NULL),('125','1','Errafi','Azdine','8','00212','660356105','azdineerrafi@gmail.com','N°2, rue 670, Hyam II','Agadir','MA','1',NULL,NULL,NULL,NULL,NULL,NULL),('126','1','Essahsseh','Khalid','1','00212','662161986','esshassahkhalid@hotamail.fr','Lot 75, Appt 6, Houria','Kénitra','MA','1',NULL,NULL,NULL,NULL,NULL,NULL),('127','1','Essalai','Karima','1','00212','625453597','Karima.medtaha@gmail.com','N°296 Hay essalam extention 2 sidi said ','meknes ','MA','1',NULL,NULL,'2587','100',NULL,NULL),('128','1','Ezzahoum','Moad','32','00212','614488231','moad-ezza@hotmail.com','21, Lot. Al Fadila -temara ','Témara','MA','1',NULL,NULL,NULL,NULL,NULL,NULL),('129','1','Ezzerari','Ahmed','9','00212','661653478','zirari4@hotmail.com','N°3231 Hay Al wifaq, Temara','Temara','MA','1','2564','100',NULL,NULL,NULL,NULL),('130','1','Fadil','Jihad','5','00212','611623530','fadil.jihad.1990@gmail.com','Hay Yasmina I, rue 8, N° 28-ain chock -casablanca','Casablanca','MA','1','2545','100',NULL,NULL,NULL,NULL),('131','1','Fahmi','Abdelhak','33','00212','662016899','abdelhakfahmi@gmail.com','Quartier PAM Centre oualidia','Oualidia','MA','1','2853','100','2853','100','2553','100'),('132','1','Ferradous','Abderrahim','5','','','ferabder@yahoo.fr','','Marrakech','MA','1',NULL,NULL,NULL,NULL,NULL,NULL),('133','1','Filali Zegzouti','Ayoub','4','00212','662270962','afilaliz@yahoo.fr','IFCS','Rabat','MA','1',NULL,NULL,NULL,NULL,NULL,NULL),('134','1','Fouzi Taybi','Abdelkhalek',NULL,'','','','9 rue 29, DEM - Oujda','Oujda','MA','1',NULL,NULL,NULL,NULL,NULL,NULL),('135','1','Gaudin','Maxime','34','00212','661221763','maxgaudinlaos@yahoo.fr','maison n° 75 , Bloc 108- charaf - cp 80000','Agadir ','MA','1',NULL,NULL,NULL,'100',NULL,NULL),('136','1','Ghanmouni','Hasna',NULL,'','','','résidence assabah , imm ilot 1 n° 8 CYM ','Rabat','MA','1',NULL,NULL,'3430','100',NULL,NULL),('137','1','Hachimi','Moulay Driss','1','00212','664240518','hadri33@yahoo.fr','Lycée','Meknès','MA','1',NULL,NULL,NULL,NULL,NULL,NULL),('138','1','Hadrouni','Ali','1','00212','610626784','try-not-tocy@hotmail.com','N° 10, Lot. Saada-rfaif -sefrou ','Sefrou','MA','1',NULL,NULL,NULL,NULL,NULL,NULL),('139','1','Hajbi','Mohammed','8','00212','658397363','mohamed_hajbi@hotmail.fr','110 rue Houmane El Foutwaki','Kénitra','MA','1',NULL,NULL,NULL,NULL,NULL,NULL),('140','1','Hajib','Saïd','35','00212','664218139','saidhajib.crf@gmail.com','Centre de recherches forestière','Rabat','MA','1','2540','100',NULL,NULL,NULL,NULL),('141','1','Hamid','Ahmed','35','00212','661419190','ham_ahad@yahoo.fr','Centre pédagogique Régional','Meknès','MA','1',NULL,NULL,NULL,NULL,NULL,NULL),('142','1','Hamidi','Rabie',NULL,'','','','','kenitra','MA','1','2547','100',NULL,NULL,NULL,NULL),('143','1','Hamidi','Salima','36','00212','536708865','ecolealfousha@hotmail.fr','Av. Chourade, Rue Chouhdae, N°3 bis','Oujda','MA','1',NULL,NULL,NULL,NULL,'2858','100'),('144','1','Hammada','Soumaya','4','00212','663004562','hsoumaya@hotmail.com','Faculté des Sciences et Techniques','Beni Mellal','MA','1','24','100',NULL,NULL,NULL,NULL),('145','1','Hamza','Ahmed','25','','','befored_hamza@yahoo.fr','','Meknès','MA','1',NULL,NULL,NULL,NULL,NULL,NULL),('146','1','Hamza','Abdelwahed',NULL,'','','','','Meknès','MA','1',NULL,NULL,NULL,NULL,NULL,NULL),('147','1','Hamza','Latifa','1','00212','668990711','latifa.hamza@yahoo.fr, hamzalatifa@yahoo.fr','Etabliss. Manhal Al Maarifa','Meknès','MA','1',NULL,NULL,NULL,NULL,NULL,NULL),('148','1','Hanane','Saad','9','00212','660125799','sd_hanan@yahoo.fr','Centre de recherche forestière','Rabat','MA','1',NULL,NULL,NULL,NULL,NULL,NULL),('149','1','Hassani','Hassan','8','00212','658914288','hhassanihassan@gmail,com','Secteur 1, n°18 -hay moulay ismail -salé','Salé','MA','1','2515','100','2864','100','2864','100'),('150','1','Hilmi','Mohammed','5','00212','637387331','mohammed-hilmi@atlook.com','NR18 av ibnkhaldoun - salé ','salé ','MA','1',NULL,NULL,NULL,NULL,'2854','50'),('151','1','Hilmi','Mohamed','5','00212','637387331','mohammed-hilmi@outlook.com','NR 18 AV IBN KHALDOUN SALE','SALE','MA','1',NULL,NULL,NULL,NULL,NULL,NULL),('152','1','Himmi','Oumnia','4','00212','666316466','himmioumnia@yahoo.fr','Institut Scientifique , av ibn battouta bp 703-10106 - agdal -rabat','Rabat','MA','1','64','100','73','100','73','100'),('153','1','Idaghdour','Aicha',NULL,'','','','','Agadir ','MA','1',NULL,NULL,NULL,NULL,NULL,NULL),('154','1','Idbaha','Fatima','5','00212','634921819','idbahafatimzahra@gmail.com','','Bouizakrane ','MA','1',NULL,NULL,NULL,NULL,NULL,NULL),('155','1','Idsaid','Youssef','5','00212','638757389','bou3iz1989@hotmail.com','hay amal - tagounitte ','zagoura ','MA','1',NULL,NULL,NULL,NULL,NULL,NULL),('156','1','Idsaid','Youssef','5','00212','638757389','Bou3iz1989@hotmail.com','HAY ELAMAL TAGOUNITE ZAGOURA','ZAGOURA','MA','1',NULL,NULL,NULL,NULL,NULL,NULL),('157','1','Igmoullan','Meryem','5','00212','669755152','MERYEM.IGM@GMAIL.COM','LOT RMEL 2 N 208/V INEZGANE','AGADIR','MA','1',NULL,NULL,NULL,NULL,NULL,NULL),('158','1','Imounachen','Bouayad','1','00212','667771293','bouayad-59@hotmail.com','Rue C1, N° 41','Oujda','MA','1',NULL,NULL,NULL,NULL,NULL,NULL),('159','1','Irizi','Ali',NULL,'','','','','Agadir ','MA','1',NULL,NULL,NULL,NULL,NULL,NULL),('160','1','Issaoub Allah','Abdellatif','5','00212','673125795','battaif1986@gmail.com','Bd. Joudar Mohamed Ben Abdellah , n 24 hay rahma, casablanca ','Casablanca','MA','1','2553','50',NULL,NULL,NULL,NULL),('161','1','Jebbad','Raghda','5','00212','675378702','jraghda@hotmail.com','Université Mohammed V','Kénitra','MA','1',NULL,NULL,NULL,NULL,NULL,NULL),('162','1','Joulami','Latifa','5','00212','662515206','joulami.latifa@gmail.com','Hay El Falah, Rue 7, N° 62-casablanca','Casablanca','MA','1','2554','50',NULL,NULL,NULL,NULL),('163','1','Kamtass','Sanaâ','5','00212','674811415','sanaa.kamtass@hotmail.fr','33 Cité Oukacha- ain sebaa -casablanca','Casablanca','MA','1',NULL,NULL,NULL,NULL,NULL,NULL),('164','1','Kasbaji','Mohammed','24','00212','665050573','Kasbajimohammed@yahoo.fr','14, rue Tounfit, Sect. 6 Hay Kifah, K.O.M.','Salé','MA','1','2544','100',NULL,NULL,NULL,NULL),('165','1','Kasbaji','Mohammed Houcine','5','00212','616220015','kasbaji.houcine@gmail.com','14, rue Tounfit, Sect. 6 Hay Kifah, K.O.M.','Salé','MA','1','2549','50',NULL,NULL,NULL,NULL),('166','1','Khaled','Mourad','3','00212','661233076','commarocmourad@gmail.com','19 residence ghizlane appt 2 etg 1 hay raha','casablanca','MA','1',NULL,NULL,NULL,NULL,NULL,NULL),('167','1','Khouli','Hakima',NULL,'00212','661499200','hakimakhouli@gmail.com','','el jadida ','MA','1','2560','100',NULL,NULL,NULL,NULL),('168','1','Kilouli','Mohammed','15','00212','642391528','free_stylerm@hotmail.fr','Hay El Mohamadi','Nador','MA','1',NULL,NULL,NULL,NULL,NULL,NULL),('169','1','Lachguer','Hamid','1','00212','660642952','hamiido@gmail.com','N° 70, Lot Houria','Kénitra','MA','1',NULL,NULL,NULL,NULL,NULL,NULL),('170','1','Lahrouz','Rachid','1','00212','662543001','rachid-ilyass@hotmail.com','Imm. 16, Appt. 4, Maghrib Arabi B','Kénitra','MA','1',NULL,NULL,NULL,NULL,NULL,NULL),('171','1','Lahrouz','Said','1','00212','668117985','lahrouzsaid@hotmail.com','Lot 75, Appt. 6, Houria - kenitra','Kénitra','MA','1','2505','100','2865','100','2865','100'),('172','1','Lahrouz','Souad',NULL,'00212','668117985','lahrouzsaid@hotmail.com','Bloc B3, N°342','Kénitra','MA','1',NULL,NULL,NULL,NULL,NULL,NULL),('173','1','Lakhal','Abderrahmane','1','00212','662216738','lakmane@hotmail.com','','Oujda','MA','1',NULL,NULL,NULL,NULL,NULL,NULL),('174','1','Lakhal','Tarik','4','00212','668600023','tarik_lk@hotmail.com','oum hani 5 - Imm 7 , Appt 7 - salé ','rabat','MA','1','2529','100',NULL,NULL,NULL,NULL),('175','1','Lakhdar','Araibi','5','','','','','','MA','1',NULL,NULL,NULL,NULL,NULL,NULL),('176','1','Lamkhanter','Hajar','5','00212','644104963','haja.lamkhanter@gmail.com','Sidi Otmane, Bloc 28, N° 37','Casablanca','MA','1',NULL,NULL,NULL,NULL,NULL,NULL),('177','1','Lefrère','Latifa','4','00212','666073159','l.lefrere@uiz.ac.ma','Faculté des Sciences d\'Agadir hay Dakhla,8000- Agadir','Agadir ','MA','1',NULL,NULL,NULL,'100',NULL,NULL),('178','1','Lekouche','Abdelati','1','00212','666883031','lekoucheabdou@hotmail.com','35, Rés. Hajar, Appt. 08 - mimoussa kenitra','Kénitra','MA','1',NULL,NULL,NULL,NULL,NULL,NULL),('179','1','Lemghari','Amina',NULL,'00212','662653864','amlamghari-7@hotmail.com','','Marrakech','MA','1','2535','100',NULL,NULL,NULL,NULL),('180','1','Lieron','Vincent','37','00212','661354598','vlieron@ymail.com','RES Belle vue , rue ibn zinbaa , 33000, fes','Fes','MA','1',NULL,NULL,NULL,NULL,NULL,NULL),('181','1','Louizi','Halima','11','00212','614750739','halima-louizi@hotmail.fr','Haouzia, bloc E, n 204 , Kénitra - 14000- kénitra','Kénitra','MA','1',NULL,NULL,'2628','100',NULL,NULL),('182','1','Maaloum','Hassan','11','00212','600647263','hassanmaaloum@gmail.com','quartier administrative assa centre - 81002','Assa ','MA','1',NULL,NULL,'2634','50',NULL,NULL),('183','1','Maarouf','Zineb','5','00212','665619796','maarouf-zineb@hotmail.com','Jamila 5, rue 168, N° 42 CD','Casablanca','MA','1',NULL,NULL,NULL,NULL,NULL,NULL),('184','1','Maatallaoui','Abderrahmane',NULL,'00212','661074136','maatalaoui1967@hotmail.com','','','MA','1','2550','100',NULL,NULL,NULL,NULL),('185','1','Madbouhi','Mostafa','2','00212','666300451','mostamad@yahoo.fr','Angle Misr-Zemzem , residence souhaila; appt 31-kenitra',' Kénitra','MA','1',NULL,NULL,NULL,NULL,NULL,NULL),('186','1','Mahboub','Driss','38','00212','661775285','driss.mahboub.pni@gmail.com','n°96, Nakhil ,Azrou','azrou','MA','1',NULL,NULL,NULL,NULL,NULL,NULL),('187','1','Mahnaoui','Naima','5','00212','678653683','naima_mahnaoui@hotmail.com','Lot. Houria, Rue 11, N° 6','Casablanca','MA','1',NULL,NULL,NULL,NULL,NULL,NULL),('188','1','Maknass','Abdelilah','5','00212','676917017','abeleilahmeknes03@gmail.com','Moulay bouselham , centre ','Molay bousselham','MA','1',NULL,NULL,NULL,NULL,NULL,NULL),('189','1','Mamouni','Abdellah','8','00212','611120489','mamouni-1975@live.fr','N° 86, Lot Hind - ben seffour- sefrou ','Sefrou','MA','1',NULL,NULL,NULL,NULL,NULL,NULL),('190','1','Mastadi','Saida','5','00212','678182547','mastadi.saida@gmail.com','Hay El Houda, Rue 8, N° 33','Casablanca','MA','1','2557','50',NULL,NULL,NULL,NULL),('191','1','Mattou','Ali',NULL,'','','','Ouuled oujih - kenitra','??','MA','1','58','100',NULL,NULL,NULL,NULL),('192','1','Mayad','El Hassan','39','00212','661636689','elhassan.mayad@gmail.com','Department of Biology, Faculty of Sciences - Agadir. University Ibn Zohr','Agadir ','MA','1',NULL,NULL,NULL,'100',NULL,NULL),('193','1','Mbarki','Issame','15','00212','626680435','','Hay Chrarba','Saidia','MA','1',NULL,NULL,NULL,NULL,NULL,NULL),('194','1','Mediani','Mohamed','1','00212','673022830','mediamed05@yahoo.fr;alytes2med@gmail.com','Hay El Mohammadia, rue 219, n° 27 ,Oujda ','Oujda','MA','1',NULL,NULL,NULL,NULL,NULL,NULL),('195','1','Melo Juan José','Ramos','40','','','jramos@birdingcanarias.com','C/ Doctor Jordan, 11 C.P. 38470, Los Silos - Iles Canaries','Espagne','MA','1',NULL,NULL,NULL,NULL,NULL,NULL),('196','1','Menioui','Mohamed','4','00212','662383852','mohamed.menioui@gmail.com','91, Avenue Houmane Fetouaki- aviation -rabat','Rabat','MA','1',NULL,NULL,NULL,NULL,NULL,NULL),('197','1','Merzoug','Sayfeddine','5','00213','774529742','thebiologiste_boy@hotmail.com','Cité Fares Saâdane Bloc 22 A n° 09','Guelma 24000','MA','1',NULL,NULL,NULL,NULL,NULL,NULL),('198','1','Mesbah','Issam','41','00212','659201485',' broca.torpido@hotmail.fr','délégation de la ministère de santé province de chefchaouen','chefchaouen','MA','1',NULL,NULL,NULL,NULL,NULL,NULL),('199','1','Messouli','Mohamed',NULL,'','','messouli@gmail.com','','Marrakech','MA','1',NULL,NULL,NULL,NULL,NULL,NULL),('200','1','Mezane','Brahim','42','00212','062955657 ','desertbirds@live.fr','BP. 62 - Rissani','Rissani ','MA','1',NULL,NULL,NULL,NULL,'2877','100'),('201','1','Meziane','Amhend','1','00212','668875641','mr.mezian@gmail.com','Rue 42, Bouhdila','Berkane','MA','1','2546','100',NULL,NULL,'2873','100'),('202','1','Mhammdi','Nadia','4','00212','667043869','nmhammdif@yahoo.com','Institut Scientifique','Rabat','MA','1',NULL,NULL,NULL,NULL,NULL,NULL),('203','1','Mokhtari','Soraya',NULL,'','','sorayamokhtari13@hotmail.com','','Marrakech','MA','1',NULL,NULL,NULL,NULL,NULL,NULL),('204','1','Mouhajir','Kaoutar','5','00212','611063428','kaoutar.biogeco@gmail.com','Bayet al maarifa , avenue allal al fassi -madinat irfane- rabat','Rabat','MA','1',NULL,NULL,NULL,NULL,NULL,NULL),('205','1','Moujjane','Aicha',NULL,'00212','667282805','marjanabis@yahoo.fr','','rabat','MA','1','2548','100',NULL,NULL,NULL,NULL),('206','1','Mounir','Mohamed','5','00212','667420574',' mohamed_m01@hotmail.fr','Rmila bloc 3 N 91- 23000- Beni Mellal ','Beni Mellal','MA','1',NULL,NULL,'2569','50',NULL,NULL),('207','1','Moussa','Karima','4','00212','660548427','moussakarima@gmail.com','45, Av. Mohamed Diouri, N°10','Kénitra','MA','1',NULL,NULL,NULL,NULL,NULL,NULL),('208','1','Moutaoufik','Khadija','5','00212','762546559','khadija.moutaoufik@gmail.com','18 Rue 836 cité Al Massira','AGADIR','MA','1',NULL,NULL,NULL,NULL,NULL,NULL),('209','1','Moutaouifik','Khadija','5','00212','762546559','khadija.Moutaouifik@gmail.com','18 rue 836 - cité el acira ','Agadir ','MA','1',NULL,NULL,NULL,NULL,NULL,NULL),('210','1','Mouttaqi','Hajr','15','00212','618451155','ingenieurlarbi@yahoo.fr','Rue 424, Bloc A','Kénitra','MA','1',NULL,NULL,NULL,NULL,NULL,NULL),('211','1','Mouttaqi','Larbi','9','00212','618451155','ingenieurlarbi@yahoo.fr','Rue 424, Bloc A','Kénitra','MA','1',NULL,NULL,NULL,NULL,NULL,NULL),('212','1','Mouttaqi','Mohamed Anas','15','00212','618451155','ingenieurlarbi@yahoo.fr','Rue 424, Bloc A','Kénitra','MA','1',NULL,NULL,NULL,NULL,NULL,NULL),('213','1','Mrigua','Mohammed',NULL,'','','','','','MA','1','2502','50',NULL,NULL,NULL,NULL),('214','1','Mrigua','Said',NULL,'','','','','','MA','1','2501','50',NULL,NULL,NULL,NULL),('215','1','Naâmi','Nadia','5','00212','630157799','la-princesse-des-tenebres@hotmail.fr','Anassi 27A Zntrée 12, N° 160- casablanca','Casablanca','MA','1',NULL,NULL,NULL,NULL,NULL,NULL),('216','1','Nachid','Naïm','9','00212','661359804','nachid_naim@yahoo.fr','Cité Massira 2, Bloc 12, Ap. n° 15','Rabat','MA','1',NULL,NULL,NULL,NULL,NULL,NULL),('217','1','Nassila','Oussama','5','00212','668694291','Nassilad63@gmail,com','N°22 Bloc AB El Houzia','Kénitra','MA','1','56','50',NULL,NULL,NULL,NULL),('218','1','Nechad','Imane','5','','','imanenechad5@hotmail.com','N°7 rue Sara II, Nargiss B, Bd Rahma, route de Sefrou','Fès','MA','1',NULL,NULL,NULL,NULL,NULL,NULL),('219','1','Otmane','Lahcen','43','00212','537885652','','22, lotissement Koutoubia II; rte de mehdia , salé ','Salé','MA','1',NULL,NULL,NULL,NULL,NULL,NULL),('220','1','Otmane','Youssef','8','00212','661645187','sysdis@gmail.com','1094, rue Essaâda','Salé','MA','1','388','10',NULL,NULL,NULL,NULL),('221','1','Ouacha','Lahcen',NULL,'','','','','Rissani ','MA','1',NULL,NULL,NULL,NULL,'2879','100'),('222','1','Ouakrim','Latifa','1','00212','666566799','izza_amaz@hotmail.com','Lycée Roi Fahd','Tanger','MA','1',NULL,NULL,NULL,NULL,NULL,NULL),('223','1','Ouassou','Asmaa','5','00212','665490546','asmaa.ouassou@gmail.com','11 rue mouaffak eddine , res ismail etage 3 appt 8, quartier des hopitaux -casablanca','Casablanca','MA','1','59','50','2872','100','2872','100'),('224','1','Ouassou','Mohamed',NULL,'00212','667077483','mozamoham@gmail.com','12 rue mouaffak eddine , res ismail etage 3 appt 8, quartier des hopitaux -casablanca','Casablanca','MA','1','2530','100',NULL,NULL,NULL,NULL),('225','1','Ouassou','Zakaria',NULL,'00212','660165489','zakaria_ouassou@msn.com','13 rue mouaffak eddine , res ismail etage 3 appt 8, quartier des hopitaux -casablanca','Casablanca','MA','1','2531','100',NULL,NULL,NULL,NULL),('226','1','Ouibimah','Abdessamad','5','00212','673345450',' abdessamad8fstb@gmail.com',' Hay izlafen Azilal- 22000- Azilal','Azilal ','MA','1',NULL,NULL,'2577','50',NULL,NULL),('227','1','Ouizagane','Anouar','5','00212','668102460','anouarouizgane@hotmail.fr','N°4, Bloc 9, lot Ghita 1','Béni Mellal','MA','1',NULL,NULL,NULL,NULL,NULL,NULL),('228','1','Oukannou','Lahcen','44','00212','662145474','oukannou_lahcen@yahoo.fr','Parc national d\'Ifrane','Azrou','MA','1',NULL,NULL,NULL,NULL,NULL,NULL),('229','1','Ounir','Hammou',NULL,'','','','','','MA','1',NULL,NULL,'2182','100',NULL,NULL),('230','1','Qninba','Abdeljebbar','4','00212','661184823','qninba_abdel59@yahoo.fr','Cité Intilak, Imm. 1, Appt. 1- agdal -rabat','Rabat','MA','1','63','100','72','100','72','100'),('231','1','Rabach','Lahcen','45','00212','661565259','rabachlahcen@gmail.com','','errachidia ','MA','1','2507','100','2580','100',NULL,NULL),('232','1','Radi','Mohammed','4','','','radibam@hotmail.com','Assif C N° 36 ','Marrakech','MA','1','68','100','2866','100','2866','100'),('233','1','Rahmani','Abdelmajid','1','00212','661604696','maidaqua@hotmail.com','','Oujda','MA','1',NULL,NULL,NULL,NULL,NULL,NULL),('234','1','Rami','Mostapha','46','00212','633261979','mostafarami91@gmail.com','39 hay saad khemisset -15020','khemisset ','MA','1',NULL,NULL,NULL,NULL,NULL,NULL),('235','1','Rihane','Abdesslam','47','00212','676427587','abdeslam_rihane@yahoo.fr','B.P. 76, Beni Yakhlef- mohammedia','Mohammedia','MA','1','25','100','2867','100','2867','100'),('236','1','Rochdane','Rochdane','5','','','rochdane@yahoo.fr','','Marrakech','MA','1',NULL,NULL,NULL,NULL,NULL,NULL),('237','1','Saada','Mohamed',NULL,'','','','','','MA','1',NULL,NULL,'2591','100',NULL,NULL),('238','1','Saddiki','Mohamed','5','00212','615192239','saddikmohammed@gmail.com','25, rue Meknès, hay el hassani - berkane','Berkane','MA','1',NULL,NULL,NULL,NULL,NULL,NULL),('239','1','Sadik','Mohammed','22','00212','661047206','sadikmohammed53@yahoo.fr','Eaux et forets, Azrou','Azrou','MA','1','2506','100',NULL,NULL,NULL,NULL),('240','1','Sadki','Issam','4','00212','661631289',' i.sadki@uiz.ac.ma','N°339 Bloc D3 cité dakhla AGADIR','Agadir ','MA','1',NULL,NULL,NULL,'100',NULL,NULL),('241','1','Saidi','Maryem','5','00212','665175342','maryemsaidi51@gmail.com','Hay El Messoudia, Rue 36, N° 23 C D','Casablanca','MA','1',NULL,NULL,NULL,NULL,NULL,NULL),('242','1','Sallak','Bouchaib','9','00212','669349449','sallak.bouchaib@gmail.com','Dref Moyen Atlas','Meknès','MA','1',NULL,NULL,NULL,NULL,NULL,NULL),('243','1','Sbihi','Fatima Zahra','5','00212','622060022','fati.zahra.sbihi@gmail.com','hay chemaou n° 12 Salé ','salé ','MA','1',NULL,NULL,'2633','50',NULL,NULL),('244','1','Schmitt','Gerard','12','00212','689183377','g.schmitt@free.fr','Le village Eourres 05300','France','MA','1',NULL,NULL,NULL,NULL,NULL,NULL),('245','1','Selmaoui','Najat','1','00212','670814186','montreal58@hotmail.fr','Avenue Mohamed V','Kénitra','MA','1',NULL,NULL,NULL,NULL,NULL,NULL),('246','1','Semmar','Hicham','48','00212','661245767','semmar-hicham@hotmail.fr','12, rue Souria, Immeuble Jacaranda , rue souria , gueliz -marrakech ','Marrakech','MA','1','2538','100',NULL,NULL,NULL,NULL),('247','1','Taibi','Wissam','49','00212','662640635','wissam3200@gmail.com','141, Marjane 4','Meknès','MA','1',NULL,NULL,NULL,NULL,NULL,NULL),('248','1','Tamadouni','Iradati','5','00212','698962713','iradati_tamadouni@yahoo.fr','IS ','Rabat','MA','1',NULL,NULL,NULL,NULL,NULL,NULL),('249','1','Tamraoui','Youness',NULL,'','','','','Agadir ','MA','1',NULL,NULL,NULL,NULL,NULL,NULL),('250','1','Tejjeni','Yahya','1','00212','666059120','tejj118@yahoo.fr','N°8, Rue El Israe','Berkane','MA','1','2538','100',NULL,NULL,'2869','100'),('251','1','Tejjeni','Soufiane','5','','','','N°8, Rue El Israe','Berkane','MA','1','0','50',NULL,NULL,NULL,NULL),('252','1','Touil','Soufiane','50','00212','661472530','souftouil78@gmail.com','537 rue mahdia hay magreb arabi','Bouarfa','MA','1',NULL,NULL,NULL,NULL,NULL,NULL),('254','1','Touzani','Houari',NULL,'','','','BP 1279- Nador ','Nador ','MA','1',NULL,NULL,NULL,NULL,NULL,NULL),('255','1','Wissalmane','Hayat','5','00212','675736029','wissalmane.hayat@gmail.com','N°32 rue 13 Hay Hassani','Casablanca','MA','1',NULL,NULL,NULL,NULL,NULL,NULL),('256','1','Yaquoubi','Abdelkader','1','00212','676944392','yaqo2005@yahoo.fr','oujda','Oujda','MA','1',NULL,NULL,NULL,NULL,NULL,NULL),('257','1','Zair','Iatimad','51','00212','668895685','amouda2@gmail.com','Lot. Sanabil, N° 26','Salé','MA','1',NULL,NULL,NULL,NULL,NULL,NULL),('258','1','Zejjari','Moncef','5','00212','658982519','zejjarimoncef@gmail.com','10 rue jabal seroua hay nasr karia ','Rabat','MA','1',NULL,NULL,'2583','50',NULL,NULL),('259','1','Zerdeb','Abdelhak','1','00212','667332181','zerdeba@yahoo.fr','Lycée Khawarizmi','Tanger','MA','1',NULL,NULL,NULL,NULL,NULL,NULL),('260','1','Zerrouk','Mariam','11','00212','613859803','mariam.meknes@gmail.com','384 diour jdad bni m\'hamed sebata- meknes ','meknes ','MA','1','2543','100',NULL,NULL,NULL,NULL),('261','1','Zidane','Yaacoub','5','00212','645759575','zizo1992@live.fr','Imm. 45, Appt. 10, Rés. Al Boustane- hay el fath -rabat','Rabat','MA','1',NULL,NULL,NULL,NULL,NULL,NULL),('262','1','Zidani','Oumkaltoum',NULL,'','','','','casablanca','MA','1',NULL,NULL,NULL,NULL,'2870','100'),('263','1','Zine','Nasser-Eddine','4','00212','667679225','nzine1956@gmail.com','Univ. Moulay Ismail','Meknès','MA','1','2561','100',NULL,NULL,'2876','100'),('264','1','Ziti','Soumia','1','00212','623476736','ziti.soumia@gmail.com','Cité Wahda, Rue Beni Saleh, N°12','Salé','MA','1','2541','100','2584','100',NULL,NULL),('265','1','Zizoune','Asmae','52','00212','612928230','asmae.zinoune@gmail.com','Dar el hamra rue bouknadel , numero 108- salé','salé','MA','1','2567','100',NULL,NULL,NULL,NULL),('266','1','Znari','Mohamed','4','','','znarim@gmail.com','','Marrakech','MA','1','2523','100',NULL,NULL,NULL,NULL);
/*!40000 ALTER TABLE `pers` ENABLE KEYS */;
UNLOCK TABLES;

--
-- Table structure for table `pers_copy`
--

DROP TABLE IF EXISTS `pers_copy`;
/*!40101 SET @saved_cs_client     = @@character_set_client */;
/*!40101 SET character_set_client = utf8 */;
CREATE TABLE `pers_copy` (
  `n` varchar(255) COLLATE utf8_unicode_ci DEFAULT NULL,
  `nom` varchar(255) COLLATE utf8_unicode_ci DEFAULT NULL,
  `prenom` varchar(255) COLLATE utf8_unicode_ci DEFAULT NULL,
  `prof` varchar(255) COLLATE utf8_unicode_ci DEFAULT NULL,
  `ind` varchar(255) COLLATE utf8_unicode_ci DEFAULT NULL,
  `tel` varchar(255) COLLATE utf8_unicode_ci DEFAULT NULL,
  `email` varchar(255) COLLATE utf8_unicode_ci DEFAULT NULL,
  `adresse` varchar(255) COLLATE utf8_unicode_ci DEFAULT NULL,
  `ville` varchar(255) COLLATE utf8_unicode_ci DEFAULT NULL,
  `recu15` varchar(255) COLLATE utf8_unicode_ci DEFAULT NULL,
  `prix15` varchar(255) COLLATE utf8_unicode_ci DEFAULT NULL,
  `recu16` varchar(255) COLLATE utf8_unicode_ci DEFAULT NULL,
  `prix16` varchar(255) COLLATE utf8_unicode_ci DEFAULT NULL,
  `recu17` varchar(255) COLLATE utf8_unicode_ci DEFAULT NULL,
  `prix17` varchar(255) COLLATE utf8_unicode_ci DEFAULT NULL
) ENGINE=InnoDB DEFAULT CHARSET=utf8 COLLATE=utf8_unicode_ci ROW_FORMAT=DYNAMIC;
/*!40101 SET character_set_client = @saved_cs_client */;

--
-- Dumping data for table `pers_copy`
--

LOCK TABLES `pers_copy` WRITE;
/*!40000 ALTER TABLE `pers_copy` DISABLE KEYS */;
INSERT INTO `pers_copy` VALUES ('1','Abba','El Hassan','Enseignant','00212','661054736','abbaelhassan@gmail.com','Lycée Tarik','Azrou','','','','','',''),('2','Abejja','Omar','Administrateur','00212','611699406','','lot lalla moulaty -sefrou','Sefrou','','','','','',''),('3','Achahbar','Charif','Gérant de société','00212','662340948','ucpmaroc@gmail.com','20, rue Al Qualçadi, Appt 14- Agdal - Rabat','Rabat','2510','100','','','',''),('4','Adidi','Abdelaziz','Enseignant-chercheur','00212','661876377','a2adidi@yahoo.fr','INAU, B.P. 6215','Rabat','2551','100','','','',''),('5','Adlan El Mrini','Mohamed Said','Enseignant','00212','667537623','aesvtlaraksar7@yahoo.fr','Lycée Abi Absas Sebti','Tanger','','','','','',''),('6','Ahiyati','Hamza','Etudiant','00212','663214171','ahiati19@gmail.com','BLOC 4 RUE 2 N°18 HAY MOHAMMADI','Casablanca','','','','','',''),('7','Ait M\'hand','Malika','Etudiant','','','malika20014@gmail.com','Groupe Al ouahda yah nahda 8','rabat ','','','2632','50','',''),('8','Alaoui','Altaf','Etudiant','00212','674361135','altaf.alaoui@gmail.com','Imm. Sophale 5, Appt. N°9, B.M.O -meknes ','Meknès','49','100','','','',''),('9','Amadjar','Malika','Enseignant','00212','660652058','morjana_56@live.fr','67 Bloc C,','Kénitra','','','','','',''),('10','Ameziane','Mohamed','Etudiant','00212','633709952','mohamed.ameziane@ymail.com','B.P. 827, Beni Bouayache 32050 -al hoceima','Al Hoceima','55','50','','','',''),('11','Amlal','Abderahim','Etudiant','00212','604120138','abderrahim95amalal@gmail.com','Douar Tassila massa chtouka ait baha','Massa','','','','','',''),('12','Amrani','Amrani','Enseignant','00212','672786973','aamrani49@yahoo,fr','','Ahfir','','','','','',''),('13','Amrani','El Mostapha','DAF','00212','661355787','mostaphamrani@gmail.com','Lot 1507 - bir rami sud n° 3','Kénitra ','','','','','',''),('14','Aouni','Kenza','Ingénieur en chef','00212','661655822','aounikz@gmail.com','3 Rue harroun errachid , agdal - rabat ','Rabat','','','','','',''),('15','Aourir','Mohamed','Enseignant','00212','671948720','maourir@gmail.com','','Agadir','2524','100','','100','',''),('16','Atany','Taha','Enseignant','00212','674423509','atany.taha@gmail.com','16, rue Abou Ghaleb Achiani, Maârif','Casablanca','','','','','',''),('17','Azaouaghe','Said','Enseignant','00212','661845568','azaouaghe@yahoo.fr','69, rue  Abdelkrim El Khattabi -nador','Nador','2512','100','','','',''),('18','Azdem','Driss','Etudiant','00212','634562122','akraty@hotmail.fr','','casablanca','2595','50','','','',''),('19','Banan','Hassan','Enseignant','00212','666287501','hassanbanane63@gmail.com','Lot 75, Appt. 6, Houria - kenitra','Kénitra','2503','100','','','2855','100'),('20','Banaoui','Ali','','','','','','Agadir ','','','','','',''),('21','Bara','Mouslim','Etudiant','00213','699101375','m.bara@live.com','Ecatap, Université Annaba 23000','Algérie','','','','','',''),('22','Bayed','Abdellatif','Enseignant-chercheur','00212','663688600','uob_isr@yahoo.com','Institut Scientifique','Rabat','66','100','','','',''),('23','Belfkih El Idrissi','Khalil','Fonctionnaire','00212','644594735','benlafkihelidrissikhalil@yahoo.fr','','rabat','','','','','',''),('24','Belgaziz','Soumaya','Etudiant','00212','696926678','soumayabelgaziz012@gmail.com','Bloc knr 19- sité el houda ','Agadir ','','','','','',''),('25','Belgaziz','Soumaya','Etudiant','00212','697926678','soumayabelgaziz012@gmail.com','BLOK K NR 19 CITE EL HOUDA AGADIR','Agadir ','','','','','',''),('26','Belkacem','Mohammed','Etudiant','00212','600393823','belkacem93@gmail.com','N°6, Rue Moula Tayeb','Berkane','','','','','',''),('27','Ben Amar','Amal','Etudiant','00212','616461740','benamar2003@gmail.com','Massira 1, Tafilalet 2 , imm f , n° 25','Marrakech','','','','','',''),('28','Ben Lafkih El Idrissi','Khalil','','','','','','','2522','100','','','',''),('29','Ben Salah','Sidi Mustapha','Enseignant','00212','644000369','sidiben66@yahoo.fr','Lycée Khawarizmi','Tanger','','','','','',''),('30','Ben Slimane','Mohamed','Ingenieur','00212','642819410','drefma7@gmail.com','DREF Moyen Atlas','Meknès','','','','','',''),('31','Benchama','Ayoub','Etudiant','00212','621026893','benchamaayoub@gmail.com','residence al mansour , imm b3 , appt 6 , tabriquet - salé ','Salé','48','50','2568','50','',''),('32','Bencherqi','Imane','Assistante administrative et comptable','00212','668600023','icherqi.grepom@gmail.com','résidence oum hani imm 7 , appt 7- salé ','Rabat','50','100','','','',''),('33','Benhichou','Badr','Etudiant','00212','667835449','ayourbadr@gmail.com','BP4630, CP 12020 Massira, Témara','Témara','61','50','','','',''),('34','Benka','El-Mostafa','Etudiant','00212','626781485','mosben.mse@gmail.com','DR ait maala ouaouizerth azilal-22402- Azilal','Azilal ','','','2578','50','',''),('35','Benlafkih El Idrissi','Khalil','Fonctionnaire','00212','644594735','benlafkihelidrissikhalil@yahoo.fr','','Rabat','','','','','',''),('36','Benramel','Mostapha','Etudiant','00212','661704841','beramel_salah@yahoo.fr','Rue 182, N° 4441','Kénitra','','','','','',''),('37','Bensaid','Ihssane','Enseignant-chercheur','','','ihbensaid@yahoo.fr','Institut Scientifique','Rabat','','','','','',''),('38','Berrada','Kaoutar','Doctorant','00212','656228872','berrada.kaoutar@gmail.com','19, lot. youssra et Zerka/Rte Mehdia H19 Apt 8 Imb H19. Salé','salé','','','2631','50','',''),('39','Bibouden','Sokaina','Etudiant','00212','678091779','sokainatilila@gmail.com','AGHBALOU SIDI WASSAY MASSA',' Massa','','','','','',''),('40','Bona','Saida','','00212','664111103','reinedesbaa@gmail.com','','Marrakech','2533','100','','','',''),('41','Bouajaja','Adel','','00212','661707658','abouajaja@grepom.org','Lot,Dadda, Imm. 43, Appt. 3','Salé','2537','100','','','',''),('42','Bouazzaoui','Nabila','Fonctionnaire','00212','665829834','nbouaz@gmail.com','13, Rue Pékin, N° 13','Rabat','','','','','',''),('43','Boudraa','Wahiba','Etudiant','00213','770547202','wahibaboudraa@yahoo.fr','Cité champs Manenvre bloc 02, n°14 24000','Guelma, Algérie','','','','','',''),('44','Bouiamrine','El Houcine','Enseignant','00212','699302730','bouiamrine@yahoo.fr','Univ. Moulay Ismail','Meknès','','','','','',''),('45','Bouisefar','Rabie','Photographe','00212','645590659','rabiphotoghraphy@gmail.com','el quoudsse 02 blo 03 NR 118 - Taza','Taza','','','','','',''),('46','Boumaaza','Mbarek','Enseignant','00212','666221992','boumaazambarek@yahoo.fr','N°17, Boulevard El Yarmouk','Berkane','2509','100','','','2859','100'),('47','Boumaaza','Jihad','','00212','661754498','boumaaza.jihad@gmail.com','N°17, Boulevard El Yarmouk','Berkane','2539','100','','','2860','100'),('48','Boumedienne','Ahmed','Enseignant','00212','672786973','ahmedboumediene308@yahoo.fr','63, Rue Anoual','Ahfir','2519','100','','','',''),('49','Boumedienne','Mehdi','Etudiant','','','','63, Rue Anoual','Ahfir','2520','50','','','',''),('50','Bououarour','Oussama','Doctorant','00212','673810367','oussama.bouarour @gmail.com','239 , Secteur hay rahma salé ','Salé','','','2639','50','',''),('51','Bourass','Khadija','Doctorant','00212','613633387','bourass_khadija@yahoo.fr','8, rue Mohammedia- hassan - rabat','Rabat','2552','50','','','',''),('52','Bourass','Abdelhak','','','','','','kenitra','','','','','2856','100'),('53','Bourouah','El Bachir','Enseignant Agrégé','00212','667276373','bourouahbachir@hotmail.fr','N°18, Rue 19,hay el maamora','Kénitra','2504','100','','','',''),('54','Bousfiha','Mohammed','Ingénieur Informaticien','00212','662521911','bousmed@gmail.com','57, Avenue Tadla- aviation -rabat','Rabat','2526','100','','','2861','100'),('55','Boussadik','Halima','Enseignant','00212','673062523','bousadik_halima@yahoo.fr','','Marrakech','2525','100','','','',''),('56','Boutbaiq','Bilal','Elève','00212','668233561','','Bloc C 55 - Maghrib Arabi ','Kénitra','','','','','',''),('57','Bouzaaboul','Mounir','Enseignant Agrégé','','','','','Kénitra','','','','','',''),('58','Bouzekry','Assia','Enseignant','00212','676917788','assiamatf@yahoo.fr','Lycée Charif Idrissi','Tétouan','','','','','',''),('59','Chafik','Mustapha','Ingénieur','00212','670906662','chafik_moustapha@yahoo.fr','N° 1154, Secteur 8, Rue Moulouya','Salé','387','100','','','',''),('60','Chakri','Said','Enseignant','00212','661259714','aesvt.tanger@yahoo.fr','CEET/Ecole Al Quods','Tanger','','','','','',''),('61','Chaoui','Hicham','Etudiant','00212','653387760','hichamchaoui96@yahoo.fr','753 Lot Arssat sala - route de kénitra - salé 11060','salé','','','','50','',''),('62','Chekrouni','Nadia','Etudiant','00212','649490791','naadouch1@hotmail.com','Quartier El Irfane, Rue Errazi, N° 27-  oujda','Oujda','','','','','2857','50'),('63','Chemlali','Abderrahmane','Enseignant','00212','666614774','ciconiaberkane@yahoo.fr','','Berkane','','','','','',''),('64','Chemlali','Bouchra','Elève','00212','666614774','siconia.com@berkane.com','','Berkane','','','','','',''),('65','Cherkaoui','Sidi Imad','Docteur','00212','662383331','imad.cherkaoui@gmail.com',' Résidence Nassim Al Bahr II','Salé','2536','100','2585','100','',''),('66','Chikri','Khalid','Entrepreneur','00212','661212308','khalid.chikri@gmail.com','av med ben abderahmane n°14- Tetouan','Tetouan ','','','','','',''),('67','Chikri','Khalid','Entrepreneur','00212','661212308','khalid.chikri@gmail.com','MOHAMED BEN ABDERRAHMANE N14','TETOUAN','','','','','',''),('68','Chillasse','Lahcen','Enseignant-chercheur','00212','661514004','chillasse@yahoo.fr','Univ. Moulay Ismail','Meknès','2508','100','','','',''),('69','Choukri','Rachid','Etudiant','00212','678449635','choukri.ra@gmail.com','N° 84 bloc D, Asaka , agadir ','Agadir ','','','2635','50','',''),('70','Cuzin','Fabrice','','','','fabcuzin@yahoo.fr','','Marrakech','','','','','',''),('71','Dakki','Lamiaâ','Médecin Nutritioniste','00212','661460238','','12, rue Souria, Immeuble Jacaranda- rue souria , gueliz - marrakech ','Marrakech','2513','100','','','2874','100'),('72','Dakki','Najlaâ','Infographiste','00212','537885652','n.dakki@hotmail.com','22, lotissement Koutoubia II, rte de mehdia , salé ','Salé','2514','100','','','',''),('73','Dakki','Chaimae','Etudiant','','','','22, lotissement Koutoubia II , route de kenitra - salé','salé','2521','50','','','2875','100'),('74','Dakki','Mohamed','Enseignant-chercheur','00212','661391281','dakkiisr@gmail.com','22, lotissement Koutoubia II , route de kenitra - salé','Salé','65','100','2871','100','2871','100'),('75','Dalai','Mohamed','Dir. Provincial des E&F','00212','661367139','assiamatf@yahoo.fr','Dir. Provincial des E & F','Meknès','','','','','',''),('76','Dehbi','Abdellah','Statisticien','','','','','','','','','','',''),('77','Derqaoui','Lahcen','Enseignant-chercheur','00212','668183340','lderqaoui@yahoo.fr','IAV Hassan II, B.P. 6202','Rabat','2516','100','','','',''),('78','Derrou','Abderrahim','Ingénieur au eaux et foret','00212','661354597','derrou.a@hotmail.fr','Parc national d\'Ifrane','ifrane','','','','','',''),('79','Detsouli','Mohamed','Enseignant','00212','661854910','','','Berkane','','','','','',''),('80','Douini',' Ikram','Etudiant','00212','640581404','ikram.douini@gmail.com','Centre de recherche, Faculté des Sciences et Techniques de Beni Mellal','Beni Mellal','','','2576','50','',''),('81','Douiri','My Rachid','Etudiant','00212','619577263','douirirachid@hotmail.com','N° 291, cité militaire maamoura - salé','Salé','','','','','',''),('82','Douiri','Sidi Mohamed','Etudiant','00212','661736081','douirisidimohamed@gmail.com','N° 291, cité militaire maamoura - salé','Salé','','','','','',''),('83','Drafat','Mohamed','Fonctionnaire','00212','660433664','mohammeddrafat@gmail.com','N° 115, Sidi Ahmed Tadli -sefrou','Sefrou','','','','','',''),('84','Ech-Charafi','Soukaina','Doctorant','00212','668988750','soukainacahrafi2005@gmail.com','rue jabal ayachi n°39 - Hay nasser , karia - salé ','Salé ','','','','50','',''),('85','Egmoulane','Meriam','Etudiant','00212','669755152','meryem.igm@gmail.com','lot remel 2 n° 208 ','inzegane','','','','','',''),('86','El Agbani','Mohammed-Aziz','Enseignant-chercheur','00212','661391909','elagbani@hotmail.com','Av. Ailanthus Q12, Rés. Assalam ; appt 7- hay riad - rabat','Rabat','62','100','60','100','60','100'),('87','El Alaoui El Fels','Moulay','','','','elalaoui.elfels@gmail.com','','Marrakech','','','','','',''),('88','El Allouli','Nabil','Enseignant','00212','666013986','nabil.svt@gmail.com ','623.lot tabjia, maatallah m\'hamid - Marrakech ','Marrakech','2534','100','','','2868','100'),('89','El Azzaoui','Ahmed','Etudiant','00212','699143698','ah.elazzaoui@gmail.com','Centre Ait Amira Chtouka Ait Baha Agadir -87052','Agadir ','','','','','',''),('90','El Azzaoui','Ahmed','Etudiant','00212','699143698','ah.elazzaoui@gmail.com','Centre Ait Amira Chtouka Ait Baha Agadir -87052','Agadir ','','','','50','',''),('91','El Bahi','Fatima Zahra','Doctorant','00212','667151343','fatimazahraelbahi@yahoo.fr','Hay Al Massira 1, N° 1947 - temara','Témara','','','','','',''),('92','El Baouchi','Samia','Formatrice en communication','00212','660433664','femmesbladidt@yahoo.fr','N° 115, Sidi Ahmed Tadli- sefrou','Sefrou','','','','','',''),('93','El Blidi','Souad','Enseignant-chercheur','00212','661137595','elblidi@yahoo.fr','Institut Scientifique','Rabat','','','','','',''),('94','El Bouni','Ayad','Technicien','00212','668181197','ayad_e@yahoo.fr','DZEA, Institut Scientifique','Rabat','','','','','',''),('95','El Falah','Said','Directeur Bureau d\'Etudes','00212','661325301','saidelfalah@gmail.com','','Rabat','47','100','','','',''),('96','El Fatehi','Yassine','Doctorant','00212','661696250','y.elfatehi@gmail.com','65, rue Brahim Roudani, App. N°5, Océan','Rabat','','','','','',''),('97','El Fellah','Bouchta','Enseignant-chercheur','00212','661170305','elfellah59@yahoo.fr','Institut Scientifique','Rabat','2517','100','','','',''),('98','El Ghali Khiyati','Mohamed','Expert Environnement','00212','662174736','khiyati@gmail.com;mohammed.khiati@giz.de','','Rabat','','','','','',''),('99','El Ghazi','Choukri','','00212','668969914','','2200 al omrane selouane - Nador ','Nador','','','','','',''),('100','El Hajhouji','Salah Eddine','Fonctionnaire','00212','631097986','el.hajhouj.salah@gmail.com','Dar el hamra rue bouknadel , numero 108- salé','salé','2566','100','','','',''),('101','El Hammoumi','Rhimou','Enseignant-chercheur','00212','667531425','rhamoumi@hotmail.com','Faculté des Sciences','Casablanca','67','100','2862','100','2862','100'),('102','El Haoua','Mohamed Karim','Banquier','00212','660541151','kelhaoua@bmcebank.co.ma','','','2542','100','','','',''),('103','El Hassani','Abderahim','Administrateur','00212','642191611','Hassani_gour@hotmail.com','N° 620, Lotissement Slaoui','Sefrou','46','100','','','',''),('104','El Idrissi Essougrati','Abdelaziz','Médecin Vétérinaire','00212','623384285','elidrissiaz@yahoo.fr','N°88 Bloc D, Ksar Labhar -akkari -rabat','Rabat','23','100','2863','100','2863','100'),('105','El Joudy','Hafida','Doctorant','00212','632924138','hafida_el3ayla@gmail.com','Haychafaa, rue rachad n°15 - 11000- salé ','salé','','','2630','50','',''),('106','El Kamcha','Reda','Doctorant','00212','652375987','elkamcha,reda@hotmail,com','Amal 5, NR 1604, El massira Cym - Rabat -10000','Rabat','','','2639','50','',''),('107','El Khamlichi','Rachid','Entrepreneur','00212','668556385','ricardo196be@yahoo.es;rachid.cocn@gmail.com','41, Zvenue Houlouane - tetouan','Tétouan','54','100','','','',''),('108','El Khettabi','Anissa','Enseignant','00212','662101279','larifinia @yahoo.es ','avenu Mohamed daoud -534 ','Tetouan ','','','','','2852','100'),('109','El Khoumsi','Driss','Enseignant','00212','662760027','driss1953@gmail.com, hadri33@yahoo.fr','Ahadaf - Azrou ','Azrou','','','','','',''),('110','El Mahfadi','Afrah','Doctorant','00212','672096727','afrahelmahfadi@gmail.com','','Rabat','','','2579','50','',''),('111','El Maroufi','Kaoutar','Commissaire Judiciaire','00212','658369344','riyadkawtar@gmail.com','Imm. 19, Appt. 7, Lot. Alarsa-hay chemaou , route kenita -salé','Salé','2562','100','','','',''),('112','El Miloudi','Hind','Cadre de société','00212','661527807','hindelmiloudi@hotmail.com','rabat ','rabat ','2511','100','','','',''),('113','El Moudden','Kaoutar','Enseignant','','','tahanoha@hotmail.com','Lot 75, Appt 6, Houria','Kénitra','','','','','',''),('114','El Mouden','El Hassan','','00212','672776688','elmouden@ucam.ac.ma','','Marrakech','2527','100','','','',''),('115','El Mounssi','Azeddine','Administrateur','','','mounssia@yahoo.fr','avenu Mohamed daoud -535','Tetouan ','','','','','2851','100'),('116','El Oualidi','Jalal','Enseignant-chercheur','','','eloualidi@israbat.ac.ma','','rabat','','','','','',''),('117','El Ouhadi','Kawtar','Etudiant','00212','662090325','kawtar-elou@hotmail.com','','rabat','2532','50','','','',''),('118','El Rhaffari','Lhoucine','Enseignant-chercheur','00212','661503145','elrhaffari@yahoo.fr','Faculté des Sciences et Techniques- bp 509- boutalamine- errachidia ','Errachidia','','','','','',''),('119','El Yacoubi Khebiza','Mohamed','','','','','','Marrakech','','','','','',''),('120','Elazzaoui','Ahmed','Etudiant','00212','699143698','ah.elazzaoui@gmail.com','Centre Ait Amira Chtouka Ait Baha Agadir -87052','Agadir','','','','','',''),('121','El Banak','Abdelhak','Commissaire Judiciaire','00212','658415403','orni_elbanak@yahoo.fr','Hay Nahda II- rue beer anzarane; n 058 tiflet','Tiflet','2565','100','','','',''),('122','El Kadmiri','Mohamed','Inspecteur de l\'ensegnement','00212','601991749','elkadmirimohammed34@gmail.com','','Salé','','','','','2878','100'),('123','El Malki','Siham','Doctorant','00212','666348368','elmalki.siham@gmail.com','Bd. Edakhla, Jamila 3, N° 91 C D-casablanca','Casablanca','2556','50','','','',''),('124','El Mansoury','Mohamed','Etudiant','00212','600280501','elmansourymohamed9@gmail.com','HAY TIGUEMI OUFELLA LOG DE LA MOSQUÉE DCHEIRA','DCHIERA ','','','','','',''),('125','Errafi','Azdine','Fonctionnaire','00212','660356105','azdineerrafi@gmail.com','N°2, rue 670, Hyam II','Agadir','','','','','',''),('126','Essahsseh','Khalid','Enseignant','00212','662161986','esshassahkhalid@hotamail.fr','Lot 75, Appt 6, Houria','Kénitra','','','','','',''),('127','Essalai','Karima','Enseignant','00212','625453597','Karima.medtaha@gmail.com','N°296 Hay essalam extention 2 sidi said ','meknes ','','','2587','100','',''),('128','Ezzahoum','Moad','Responsable commercial','00212','614488231','moad-ezza@hotmail.com','21, Lot. Al Fadila -temara ','Témara','','','','','',''),('129','Ezzerari','Ahmed','Ingénieur','00212','661653478','zirari4@hotmail.com','N°3231 Hay Al wifaq, Temara','Temara','2564','100','','','',''),('130','Fadil','Jihad','Etudiant','00212','611623530','fadil.jihad.1990@gmail.com','Hay Yasmina I, rue 8, N° 28-ain chock -casablanca','Casablanca','2545','100','','','',''),('131','Fahmi','Abdelhak','Cadre commercial','00212','662016899','abdelhakfahmi@gmail.com','Quartier PAM Centre oualidia','Oualidia','2853','100','2853','100','2553','100'),('132','Ferradous','Abderrahim','Etudiant','','','ferabder@yahoo.fr','','Marrakech','','','','','',''),('133','Filali Zegzouti','Ayoub','Enseignant-chercheur','00212','662270962','afilaliz@yahoo.fr','IFCS','Rabat','','','','','',''),('134','Fouzi Taybi','Abdelkhalek','','','','','9 rue 29, DEM - Oujda','Oujda','','','','','',''),('135','Gaudin','Maxime','Responsable Institut français','00212','661221763','maxgaudinlaos@yahoo.fr','maison n° 75 , Bloc 108- charaf - cp 80000','Agadir ','','','','100','',''),('136','Ghanmouni','Hasna','','','','','résidence assabah , imm ilot 1 n° 8 CYM ','Rabat','','','3430','100','',''),('137','Hachimi','Moulay Driss','Enseignant','00212','664240518','hadri33@yahoo.fr','Lycée','Meknès','','','','','',''),('138','Hadrouni','Ali','Enseignant','00212','610626784','try-not-tocy@hotmail.com','N° 10, Lot. Saada-rfaif -sefrou ','Sefrou','','','','','',''),('139','Hajbi','Mohammed','Fonctionnaire','00212','658397363','mohamed_hajbi@hotmail.fr','110 rue Houmane El Foutwaki','Kénitra','','','','','',''),('140','Hajib','Saïd','Directeur','00212','664218139','saidhajib.crf@gmail.com','Centre de recherches forestière','Rabat','2540','100','','','',''),('141','Hamid','Ahmed','Directeur','00212','661419190','ham_ahad@yahoo.fr','Centre pédagogique Régional','Meknès','','','','','',''),('142','Hamidi','Rabie','','','','','','kenitra','2547','100','','','',''),('143','Hamidi','Salima','Directrice Ecole','00212','536708865','ecolealfousha@hotmail.fr','Av. Chourade, Rue Chouhdae, N°3 bis','Oujda','','','','','2858','100'),('144','Hammada','Soumaya','Enseignant-chercheur','00212','663004562','hsoumaya@hotmail.com','Faculté des Sciences et Techniques','Beni Mellal','24','100','','','',''),('145','Hamza','Ahmed','Directeur Bureau d\'Etudes','','','befored_hamza@yahoo.fr','','Meknès','','','','','',''),('146','Hamza','Abdelwahed','','','','','','Meknès','','','','','',''),('147','Hamza','Latifa','Enseignant','00212','668990711','latifa.hamza@yahoo.fr, hamzalatifa@yahoo.fr','Etabliss. Manhal Al Maarifa','Meknès','','','','','',''),('148','Hanane','Saad','Ingénieur','00212','660125799','sd_hanan@yahoo.fr','Centre de recherche forestière','Rabat','','','','','',''),('149','Hassani','Hassan','Fonctionnaire','00212','658914288','hhassanihassan@gmail,com','Secteur 1, n°18 -hay moulay ismail -salé','Salé','2515','100','2864','100','2864','100'),('150','Hilmi','Mohammed','Etudiant','00212','637387331','mohammed-hilmi@atlook.com','NR18 av ibnkhaldoun - salé ','salé ','','','','','2854','50'),('151','Hilmi','Mohamed','Etudiant','00212','637387331','mohammed-hilmi@outlook.com','NR 18 AV IBN KHALDOUN SALE','SALE','','','','','',''),('152','Himmi','Oumnia','Enseignant-chercheur','00212','666316466','himmioumnia@yahoo.fr','Institut Scientifique , av ibn battouta bp 703-10106 - agdal -rabat','Rabat','64','100','73','100','73','100'),('153','Idaghdour','Aicha','','','','','','Agadir ','','','','','',''),('154','Idbaha','Fatima','Etudiant','00212','634921819','idbahafatimzahra@gmail.com','','Bouizakrane ','','','','','',''),('155','Idsaid','Youssef','Etudiant','00212','638757389','bou3iz1989@hotmail.com','hay amal - tagounitte ','zagoura ','','','','','',''),('156','Idsaid','Youssef','Etudiant','00212','638757389','Bou3iz1989@hotmail.com','HAY ELAMAL TAGOUNITE ZAGOURA','ZAGOURA','','','','','',''),('157','Igmoullan','Meryem','Etudiant','00212','669755152','MERYEM.IGM@GMAIL.COM','LOT RMEL 2 N 208/V INEZGANE','AGADIR','','','','','',''),('158','Imounachen','Bouayad','Enseignant','00212','667771293','bouayad-59@hotmail.com','Rue C1, N° 41','Oujda','','','','','',''),('159','Irizi','Ali','','','','','','Agadir ','','','','','',''),('160','Issaoub Allah','Abdellatif','Etudiant','00212','673125795','battaif1986@gmail.com','Bd. Joudar Mohamed Ben Abdellah , n 24 hay rahma, casablanca ','Casablanca','2553','50','','','',''),('161','Jebbad','Raghda','Etudiant','00212','675378702','jraghda@hotmail.com','Université Mohammed V','Kénitra','','','','','',''),('162','Joulami','Latifa','Etudiant','00212','662515206','joulami.latifa@gmail.com','Hay El Falah, Rue 7, N° 62-casablanca','Casablanca','2554','50','','','',''),('163','Kamtass','Sanaâ','Etudiant','00212','674811415','sanaa.kamtass@hotmail.fr','33 Cité Oukacha- ain sebaa -casablanca','Casablanca','','','','','',''),('164','Kasbaji','Mohammed','Technicien','00212','665050573','Kasbajimohammed@yahoo.fr','14, rue Tounfit, Sect. 6 Hay Kifah, K.O.M.','Salé','2544','100','','','',''),('165','Kasbaji','Mohammed Houcine','Etudiant','00212','616220015','kasbaji.houcine@gmail.com','14, rue Tounfit, Sect. 6 Hay Kifah, K.O.M.','Salé','2549','50','','','',''),('166','Khaled','Mourad','Gérant de société','00212','661233076','commarocmourad@gmail.com','19 residence ghizlane appt 2 etg 1 hay raha','casablanca','','','','','',''),('167','Khouli','Hakima','','00212','661499200','hakimakhouli@gmail.com','','el jadida ','2560','100','','','',''),('168','Kilouli','Mohammed','Elève','00212','642391528','free_stylerm@hotmail.fr','Hay El Mohamadi','Nador','','','','','',''),('169','Lachguer','Hamid','Enseignant','00212','660642952','hamiido@gmail.com','N° 70, Lot Houria','Kénitra','','','','','',''),('170','Lahrouz','Rachid','Enseignant','00212','662543001','rachid-ilyass@hotmail.com','Imm. 16, Appt. 4, Maghrib Arabi B','Kénitra','','','','','',''),('171','Lahrouz','Said','Enseignant','00212','668117985','lahrouzsaid@hotmail.com','Lot 75, Appt. 6, Houria - kenitra','Kénitra','2505','100','2865','100','2865','100'),('172','Lahrouz','Souad','','00212','668117985','lahrouzsaid@hotmail.com','Bloc B3, N°342','Kénitra','','','','','',''),('173','Lakhal','Abderrahmane','Enseignant','00212','662216738','lakmane@hotmail.com','','Oujda','','','','','',''),('174','Lakhal','Tarik','Enseignant-chercheur','00212','668600023','tarik_lk@hotmail.com','oum hani 5 - Imm 7 , Appt 7 - salé ','rabat','2529','100','','','',''),('175','Lakhdar','Araibi','Etudiant','','','','','','','','','','',''),('176','Lamkhanter','Hajar','Etudiant','00212','644104963','haja.lamkhanter@gmail.com','Sidi Otmane, Bloc 28, N° 37','Casablanca','','','','','',''),('177','Lefrère','Latifa','Enseignant-chercheur','00212','666073159','l.lefrere@uiz.ac.ma','Faculté des Sciences d\'Agadir hay Dakhla,8000- Agadir','Agadir ','','','','100','',''),('178','Lekouche','Abdelati','Enseignant','00212','666883031','lekoucheabdou@hotmail.com','35, Rés. Hajar, Appt. 08 - mimoussa kenitra','Kénitra','','','','','',''),('179','Lemghari','Amina','','00212','662653864','amlamghari-7@hotmail.com','','Marrakech','2535','100','','','',''),('180','Lieron','Vincent','Biologiste','00212','661354598','vlieron@ymail.com','RES Belle vue , rue ibn zinbaa , 33000, fes','Fes','','','','','',''),('181','Louizi','Halima','Doctorant','00212','614750739','halima-louizi@hotmail.fr','Haouzia, bloc E, n 204 , Kénitra - 14000- kénitra','Kénitra','','','2628','100','',''),('182','Maaloum','Hassan','Doctorant','00212','600647263','hassanmaaloum@gmail.com','quartier administrative assa centre - 81002','Assa ','','','2634','50','',''),('183','Maarouf','Zineb','Etudiant','00212','665619796','maarouf-zineb@hotmail.com','Jamila 5, rue 168, N° 42 CD','Casablanca','','','','','',''),('184','Maatallaoui','Abderrahmane','','00212','661074136','maatalaoui1967@hotmail.com','','','2550','100','','','',''),('185','Madbouhi','Mostafa','Administrateur','00212','666300451','mostamad@yahoo.fr','Angle Misr-Zemzem , residence souhaila; appt 31-kenitra',' Kénitra','','','','','',''),('186','Mahboub','Driss','Technitien forestier','00212','661775285','driss.mahboub.pni@gmail.com','n°96, Nakhil ,Azrou','azrou','','','','','',''),('187','Mahnaoui','Naima','Etudiant','00212','678653683','naima_mahnaoui@hotmail.com','Lot. Houria, Rue 11, N° 6','Casablanca','','','','','',''),('188','Maknass','Abdelilah','Etudiant','00212','676917017','abeleilahmeknes03@gmail.com','Moulay bouselham , centre ','Molay bousselham','','','','','',''),('189','Mamouni','Abdellah','Fonctionnaire','00212','611120489','mamouni-1975@live.fr','N° 86, Lot Hind - ben seffour- sefrou ','Sefrou','','','','','',''),('190','Mastadi','Saida','Etudiant','00212','678182547','mastadi.saida@gmail.com','Hay El Houda, Rue 8, N° 33','Casablanca','2557','50','','','',''),('191','Mattou','Ali','','','','','Ouuled oujih - kenitra','??','58','100','','','',''),('192','Mayad','El Hassan','Enseignant-assistant','00212','661636689','elhassan.mayad@gmail.com','Department of Biology, Faculty of Sciences - Agadir. University Ibn Zohr','Agadir ','','','','100','',''),('193','Mbarki','Issame','Elève','00212','626680435','','Hay Chrarba','Saidia','','','','','',''),('194','Mediani','Mohamed','Enseignant','00212','673022830','mediamed05@yahoo.fr;alytes2med@gmail.com','Hay El Mohammadia, rue 219, n° 27 ,Oujda ','Oujda','','','','','',''),('195','Melo Juan José','Ramos','Ornithologue','','','jramos@birdingcanarias.com','C/ Doctor Jordan, 11 C.P. 38470, Los Silos - Iles Canaries','Espagne','','','','','',''),('196','Menioui','Mohamed','Enseignant-chercheur','00212','662383852','mohamed.menioui@gmail.com','91, Avenue Houmane Fetouaki- aviation -rabat','Rabat','','','','','',''),('197','Merzoug','Sayfeddine','Etudiant','00213','774529742','thebiologiste_boy@hotmail.com','Cité Fares Saâdane Bloc 22 A n° 09','Guelma 24000','','','','','',''),('198','Mesbah','Issam','Medecin','00212','659201485',' broca.torpido@hotmail.fr','délégation de la ministère de santé province de chefchaouen','chefchaouen','','','','','',''),('199','Messouli','Mohamed','','','','messouli@gmail.com','','Marrakech','','','','','',''),('200','Mezane','Brahim','Accompagnateur en écotourisme','00212','062955657 ','desertbirds@live.fr','BP. 62 - Rissani','Rissani ','','','','','2877','100'),('201','Meziane','Amhend','Enseignant','00212','668875641','mr.mezian@gmail.com','Rue 42, Bouhdila','Berkane','2546','100','','','2873','100'),('202','Mhammdi','Nadia','Enseignant-chercheur','00212','667043869','nmhammdif@yahoo.com','Institut Scientifique','Rabat','','','','','',''),('203','Mokhtari','Soraya','','','','sorayamokhtari13@hotmail.com','','Marrakech','','','','','',''),('204','Mouhajir','Kaoutar','Etudiant','00212','611063428','kaoutar.biogeco@gmail.com','Bayet al maarifa , avenue allal al fassi -madinat irfane- rabat','Rabat','','','','','',''),('205','Moujjane','Aicha','','00212','667282805','marjanabis@yahoo.fr','','rabat','2548','100','','','',''),('206','Mounir','Mohamed','Etudiant','00212','667420574',' mohamed_m01@hotmail.fr','Rmila bloc 3 N 91- 23000- Beni Mellal ','Beni Mellal','','','2569','50','',''),('207','Moussa','Karima','Enseignant-chercheur','00212','660548427','moussakarima@gmail.com','45, Av. Mohamed Diouri, N°10','Kénitra','','','','','',''),('208','Moutaoufik','Khadija','Etudiant','00212','762546559','khadija.moutaoufik@gmail.com','18 Rue 836 cité Al Massira','AGADIR','','','','','',''),('209','Moutaouifik','Khadija','Etudiant','00212','762546559','khadija.Moutaouifik@gmail.com','18 rue 836 - cité el acira ','Agadir ','','','','','',''),('210','Mouttaqi','Hajr','Elève','00212','618451155','ingenieurlarbi@yahoo.fr','Rue 424, Bloc A','Kénitra','','','','','',''),('211','Mouttaqi','Larbi','Ingénieur','00212','618451155','ingenieurlarbi@yahoo.fr','Rue 424, Bloc A','Kénitra','','','','','',''),('212','Mouttaqi','Mohamed Anas','Elève','00212','618451155','ingenieurlarbi@yahoo.fr','Rue 424, Bloc A','Kénitra','','','','','',''),('213','Mrigua','Mohammed','','','','','','','2502','50','','','',''),('214','Mrigua','Said','','','','','','','2501','50','','','',''),('215','Naâmi','Nadia','Etudiant','00212','630157799','la-princesse-des-tenebres@hotmail.fr','Anassi 27A Zntrée 12, N° 160- casablanca','Casablanca','','','','','',''),('216','Nachid','Naïm','Ingénieur','00212','661359804','nachid_naim@yahoo.fr','Cité Massira 2, Bloc 12, Ap. n° 15','Rabat','','','','','',''),('217','Nassila','Oussama','Etudiant','00212','668694291','Nassilad63@gmail,com','N°22 Bloc AB El Houzia','Kénitra','56','50','','','',''),('218','Nechad','Imane','Etudiant','','','imanenechad5@hotmail.com','N°7 rue Sara II, Nargiss B, Bd Rahma, route de Sefrou','Fès','','','','','',''),('219','Otmane','Lahcen','Manager en hotellerie','00212','537885652','','22, lotissement Koutoubia II; rte de mehdia , salé ','Salé','','','','','',''),('220','Otmane','Youssef','Fonctionnaire','00212','661645187','sysdis@gmail.com','1094, rue Essaâda','Salé','388','10','','','',''),('221','Ouacha','Lahcen','','','','','','Rissani ','','','','','2879','100'),('222','Ouakrim','Latifa','Enseignant','00212','666566799','izza_amaz@hotmail.com','Lycée Roi Fahd','Tanger','','','','','',''),('223','Ouassou','Asmaa','Etudiant','00212','665490546','asmaa.ouassou@gmail.com','11 rue mouaffak eddine , res ismail etage 3 appt 8, quartier des hopitaux -casablanca','Casablanca','59','50','2872','100','2872','100'),('224','Ouassou','Mohamed','','00212','667077483','mozamoham@gmail.com','12 rue mouaffak eddine , res ismail etage 3 appt 8, quartier des hopitaux -casablanca','Casablanca','2530','100','','','',''),('225','Ouassou','Zakaria','','00212','660165489','zakaria_ouassou@msn.com','13 rue mouaffak eddine , res ismail etage 3 appt 8, quartier des hopitaux -casablanca','Casablanca','2531','100','','','',''),('226','Ouibimah','Abdessamad','Etudiant','00212','673345450',' abdessamad8fstb@gmail.com',' Hay izlafen Azilal- 22000- Azilal','Azilal ','','','2577','50','',''),('227','Ouizagane','Anouar','Etudiant','00212','668102460','anouarouizgane@hotmail.fr','N°4, Bloc 9, lot Ghita 1','Béni Mellal','','','','','',''),('228','Oukannou','Lahcen','Cadre au parc national d ifrane','00212','662145474','oukannou_lahcen@yahoo.fr','Parc national d\'Ifrane','Azrou','','','','','',''),('229','Ounir','Hammou','','','','','','','','','2182','100','',''),('230','Qninba','Abdeljebbar','Enseignant-chercheur','00212','661184823','qninba_abdel59@yahoo.fr','Cité Intilak, Imm. 1, Appt. 1- agdal -rabat','Rabat','63','100','72','100','72','100'),('231','Rabach','Lahcen','Cadre à l\'ADZOA','00212','661565259','rabachlahcen@gmail.com','','errachidia ','2507','100','2580','100','',''),('232','Radi','Mohammed','Enseignant-chercheur','','','radibam@hotmail.com','Assif C N° 36 ','Marrakech','68','100','2866','100','2866','100'),('233','Rahmani','Abdelmajid','Enseignant','00212','661604696','maidaqua@hotmail.com','','Oujda','','','','','',''),('234','Rami','Mostapha','Master','00212','633261979','mostafarami91@gmail.com','39 hay saad khemisset -15020','khemisset ','','','','','',''),('235','Rihane','Abdesslam','PESA','00212','676427587','abdeslam_rihane@yahoo.fr','B.P. 76, Beni Yakhlef- mohammedia','Mohammedia','25','100','2867','100','2867','100'),('236','Rochdane','Rochdane','Etudiant','','','rochdane@yahoo.fr','','Marrakech','','','','','',''),('237','Saada','Mohamed','','','','','','','','','2591','100','',''),('238','Saddiki','Mohamed','Etudiant','00212','615192239','saddikmohammed@gmail.com','25, rue Meknès, hay el hassani - berkane','Berkane','','','','','',''),('239','Sadik','Mohammed','Ingénieur au eaux et foret','00212','661047206','sadikmohammed53@yahoo.fr','Eaux et forets, Azrou','Azrou','2506','100','','','',''),('240','Sadki','Issam','Enseignant-chercheur','00212','661631289',' i.sadki@uiz.ac.ma','N°339 Bloc D3 cité dakhla AGADIR','Agadir ','','','','100','',''),('241','Saidi','Maryem','Etudiant','00212','665175342','maryemsaidi51@gmail.com','Hay El Messoudia, Rue 36, N° 23 C D','Casablanca','','','','','',''),('242','Sallak','Bouchaib','Ingenieur','00212','669349449','sallak.bouchaib@gmail.com','Dref Moyen Atlas','Meknès','','','','','',''),('243','Sbihi','Fatima Zahra','Etudiant','00212','622060022','fati.zahra.sbihi@gmail.com','hay chemaou n° 12 Salé ','salé ','','','2633','50','',''),('244','Schmitt','Gerard','Photographe','00212','689183377','g.schmitt@free.fr','Le village Eourres 05300','France','','','','','',''),('245','Selmaoui','Najat','Enseignant','00212','670814186','montreal58@hotmail.fr','Avenue Mohamed V','Kénitra','','','','','',''),('246','Semmar','Hicham','Pharmacien','00212','661245767','semmar-hicham@hotmail.fr','12, rue Souria, Immeuble Jacaranda , rue souria , gueliz -marrakech ','Marrakech','2538','100','','','',''),('247','Taibi','Wissam','Ingénieur d\'étude','00212','662640635','wissam3200@gmail.com','141, Marjane 4','Meknès','','','','','',''),('248','Tamadouni','Iradati','Etudiant','00212','698962713','iradati_tamadouni@yahoo.fr','IS ','Rabat','','','','','',''),('249','Tamraoui','Youness','','','','','','Agadir ','','','','','',''),('250','Tejjeni','Yahya','Enseignant','00212','666059120','tejj118@yahoo.fr','N°8, Rue El Israe','Berkane','2538','100','','','2869','100'),('251','Tejjeni','Soufiane','Etudiant','','','','N°8, Rue El Israe','Berkane','','50','','','',''),('252','Touil','Soufiane','Technicien Ecologie','00212','661472530','souftouil78@gmail.com','537 rue mahdia hay magreb arabi','Bouarfa','','','','','',''),('254','Touzani','Houari','','','','','BP 1279- Nador ','Nador ','','','','','',''),('255','Wissalmane','Hayat','Etudiant','00212','675736029','wissalmane.hayat@gmail.com','N°32 rue 13 Hay Hassani','Casablanca','','','','','',''),('256','Yaquoubi','Abdelkader','Enseignant','00212','676944392','yaqo2005@yahoo.fr','oujda','Oujda','','','','','',''),('257','Zair','Iatimad','Salariée','00212','668895685','amouda2@gmail.com','Lot. Sanabil, N° 26','Salé','','','','','',''),('258','Zejjari','Moncef','Etudiant','00212','658982519','zejjarimoncef@gmail.com','10 rue jabal seroua hay nasr karia ','Rabat','','','2583','50','',''),('259','Zerdeb','Abdelhak','Enseignant','00212','667332181','zerdeba@yahoo.fr','Lycée Khawarizmi','Tanger','','','','','',''),('260','Zerrouk','Mariam','Doctorant','00212','613859803','mariam.meknes@gmail.com','384 diour jdad bni m\'hamed sebata- meknes ','meknes ','2543','100','','','',''),('261','Zidane','Yaacoub','Etudiant','00212','645759575','zizo1992@live.fr','Imm. 45, Appt. 10, Rés. Al Boustane- hay el fath -rabat','Rabat','','','','','',''),('262','Zidani','Oumkaltoum','','','','','','casablanca','','','','','2870','100'),('263','Zine','Nasser-Eddine','Enseignant-chercheur','00212','667679225','nzine1956@gmail.com','Univ. Moulay Ismail','Meknès','2561','100','','','2876','100'),('264','Ziti','Soumia','Enseignant','00212','623476736','ziti.soumia@gmail.com','Cité Wahda, Rue Beni Saleh, N°12','Salé','2541','100','2584','100','',''),('265','Zizoune','Asmae','Assistante conservateur - herbier rabat','00212','612928230','asmae.zinoune@gmail.com','Dar el hamra rue bouknadel , numero 108- salé','salé','2567','100','','','',''),('266','Znari','Mohamed','Enseignant-chercheur','','','znarim@gmail.com','','Marrakech','2523','100','','','','');
/*!40000 ALTER TABLE `pers_copy` ENABLE KEYS */;
UNLOCK TABLES;

--
-- Table structure for table `personnes`
--

DROP TABLE IF EXISTS `personnes`;
/*!40101 SET @saved_cs_client     = @@character_set_client */;
/*!40101 SET character_set_client = utf8 */;
CREATE TABLE `personnes` (
  `id` int(11) NOT NULL AUTO_INCREMENT,
  `cin` varchar(10) COLLATE utf8_unicode_ci DEFAULT NULL,
  `identitetype_id` int(11) NOT NULL,
  `nom` varchar(255) COLLATE utf8_unicode_ci NOT NULL,
  `prenom` varchar(255) COLLATE utf8_unicode_ci NOT NULL,
  `profession_id` int(11) DEFAULT NULL,
  `adresse` varchar(255) COLLATE utf8_unicode_ci DEFAULT NULL,
  `email` varchar(90) COLLATE utf8_unicode_ci DEFAULT NULL,
  `indicatif` varchar(50) COLLATE utf8_unicode_ci DEFAULT NULL,
  `tel` varchar(30) COLLATE utf8_unicode_ci DEFAULT NULL,
  `ville_id` varchar(255) COLLATE utf8_unicode_ci DEFAULT NULL,
  `pays_id` varchar(120) COLLATE utf8_unicode_ci DEFAULT NULL,
  `personnetype_id` int(11) DEFAULT NULL,
  `pn` int(11) DEFAULT NULL,
  `photo` varchar(254) COLLATE utf8_unicode_ci DEFAULT NULL,
  PRIMARY KEY (`id`),
  UNIQUE KEY `cin` (`cin`)
) ENGINE=InnoDB AUTO_INCREMENT=525 DEFAULT CHARSET=utf8 COLLATE=utf8_unicode_ci ROW_FORMAT=DYNAMIC;
/*!40101 SET character_set_client = @saved_cs_client */;

--
-- Dumping data for table `personnes`
--

LOCK TABLES `personnes` WRITE;
/*!40000 ALTER TABLE `personnes` DISABLE KEYS */;
INSERT INTO `personnes` VALUES (1,'1',2,'Abba ','El Hassan',1,NULL,'abbaelhassan@gmail.com','00212','661054736','Azrou','MA',1,1,NULL),(2,'2',1,'Abejja','Omar',2,'lot lalla moulaty -sefrou','','00212','611699406','Sefrou','MA',1,2,NULL),(3,'3',1,'Achahbar','Charif',3,'20, rue Al Qualçadi, Appt 14- Agdal - Rabat','ucpmaroc@gmail.com','00212','662340948','Rabat','MA',1,3,NULL),(4,'4',1,'Adidi','Abdelaziz',4,'INAU, B.P. 6215','a2adidi@yahoo.fr','00212','661876377','Rabat','MA',1,4,NULL),(5,'5',1,'Adlan El Mrini','Mohamed Said',1,'Lycée Abi Absas Sebti','aesvtlaraksar7@yahoo.fr','00212','667537623','Tanger','MA',1,5,NULL),(6,'6',1,'Ahiyati','Hamza',5,'BLOC 4 RUE 2 N°18 HAY MOHAMMADI','ahiati19@gmail.com','00212','663214171','Casablanca','MA',1,6,NULL),(7,'7',1,'Ait M\'hand','Malika',5,'Groupe Al ouahda yah nahda 8','malika20014@gmail.com','','','rabat ','MA',1,7,NULL),(8,'8',1,'Alaoui','Altaf',5,'Imm. Sophale 5, Appt. N°9, B.M.O -meknes ','altaf.alaoui@gmail.com','00212','674361135','Meknès','MA',1,8,NULL),(9,'9',1,'Amadjar','Malika',1,'67 Bloc C,','morjana_56@live.fr','00212','660652058','Kénitra','MA',1,9,NULL),(10,'10',1,'Ameziane','Mohamed',5,'B.P. 827, Beni Bouayache 32050 -al hoceima','mohamed.ameziane@ymail.com','00212','633709952','Al Hoceima','MA',1,10,NULL),(11,'11',1,'Amlal','Abderahim',5,'Douar Tassila massa chtouka ait baha','abderrahim95amalal@gmail.com','00212','604120138','Massa','MA',1,11,NULL),(12,'12',1,'Amrani','Amrani',1,'','aamrani49@yahoo,fr','00212','672786973','Ahfir','MA',1,12,NULL),(13,'13',1,'Amrani','El Mostapha',6,'Lot 1507 - bir rami sud n° 3','mostaphamrani@gmail.com','00212','661355787','Kénitra ','MA',1,13,NULL),(14,'14',1,'Aouni','Kenza',7,'3 Rue harroun errachid , agdal - rabat ','aounikz@gmail.com','00212','661655822','Rabat','MA',1,14,NULL),(15,'15',1,'Aourir','Mohamed',1,'','maourir@gmail.com','00212','671948720','Agadir','MA',1,15,NULL),(16,'16',1,'Atany','Taha',1,'16, rue Abou Ghaleb Achiani, Maârif','atany.taha@gmail.com','00212','674423509','Casablanca','MA',1,16,NULL),(17,'17',1,'Azaouaghe','Said',1,'69, rue  Abdelkrim El Khattabi -nador','azaouaghe@yahoo.fr','00212','661845568','Nador','MA',1,17,NULL),(18,'18',1,'Azdem','Driss',5,'','akraty@hotmail.fr','00212','634562122','casablanca','MA',1,18,NULL),(19,'19',1,'Banan','Hassan',1,'Lot 75, Appt. 6, Houria - kenitra','hassanbanane63@gmail.com','00212','666287501','Kénitra','MA',1,19,NULL),(20,'20',1,'Banaoui','Ali',NULL,'','','','','Agadir ','MA',1,20,NULL),(21,'21',1,'Bara','Mouslim',5,'Ecatap, Université Annaba 23000','m.bara@live.com','00213','699101375','Algérie','DZ',1,21,NULL),(22,'22',1,'Bayed','Abdellatif',4,'Institut Scientifique','uob_isr@yahoo.com','00212','663688600','Rabat','MA',1,22,NULL),(23,'23',1,'Belfkih El Idrissi','Khalil',8,'','benlafkihelidrissikhalil@yahoo.fr','00212','644594735','rabat','MA',1,23,NULL),(24,'24',1,'Belgaziz','Soumaya',5,'Bloc knr 19- sité el houda ','soumayabelgaziz012@gmail.com','00212','696926678','Agadir ','MA',1,24,NULL),(25,'25',1,'Belgaziz','Soumaya',5,'BLOK K NR 19 CITE EL HOUDA AGADIR','soumayabelgaziz012@gmail.com','00212','697926678','Agadir ','MA',1,25,NULL),(26,'26',1,'Belkacem','Mohammed',5,'N°6, Rue Moula Tayeb','belkacem93@gmail.com','00212','600393823','Berkane','MA',1,26,NULL),(27,'27',1,'Ben Amar','Amal',5,'Massira 1, Tafilalet 2 , imm f , n° 25','benamar2003@gmail.com','00212','616461740','Marrakech','MA',1,27,NULL),(28,'28',1,'Ben Lafkih El Idrissi','Khalil',NULL,'','','','','','MA',1,28,NULL),(29,'29',1,'Ben Salah','Sidi Mustapha',1,'Lycée Khawarizmi','sidiben66@yahoo.fr','00212','644000369','Tanger','MA',1,29,NULL),(30,'30',1,'Ben Slimane','Mohamed',9,'DREF Moyen Atlas','drefma7@gmail.com','00212','642819410','Meknès','MA',1,30,NULL),(31,'31',1,'Benchama','Ayoub',5,'residence al mansour , imm b3 , appt 6 , tabriquet - salé ','benchamaayoub@gmail.com','00212','621026893','Salé','MA',1,31,NULL),(32,'A737440',1,'Bencherqi','Imane',10,'résidence oum hani imm 7 , appt 7- salé ','icherqi.grepom@gmail.com','00212','668600023','Rabat','MA',1,32,NULL),(33,'33',1,'Benhichou','Badr',5,'BP4630, CP 12020 Massira, Témara','ayourbadr@gmail.com','00212','667835449','Témara','MA',1,33,NULL),(34,'34',1,'Benka','El-Mostafa',5,'DR ait maala ouaouizerth azilal-22402- Azilal','mosben.mse@gmail.com','00212','626781485','Azilal ','MA',1,34,NULL),(35,'35',1,'Benlafkih El Idrissi','Khalil',8,'','benlafkihelidrissikhalil@yahoo.fr','00212','644594735','Rabat','MA',1,35,NULL),(36,'36',1,'Benramel','Mostapha',5,'Rue 182, N° 4441','beramel_salah@yahoo.fr','00212','661704841','Kénitra','MA',1,36,NULL),(37,'37',1,'Bensaid','Ihssane',4,'Institut Scientifique','ihbensaid@yahoo.fr','','','Rabat','MA',1,37,NULL),(38,'38',1,'Berrada','Kaoutar',11,'19, lot. youssra et Zerka/Rte Mehdia H19 Apt 8 Imb H19. Salé','berrada.kaoutar@gmail.com','00212','656228872','salé','MA',1,38,NULL),(39,'39',1,'Bibouden','Sokaina',5,'AGHBALOU SIDI WASSAY MASSA','sokainatilila@gmail.com','00212','678091779',' Massa','MA',1,39,NULL),(40,'40',1,'Bona','Saida',NULL,'','reinedesbaa@gmail.com','00212','664111103','Marrakech','MA',1,40,NULL),(41,'41',1,'Bouajaja','Adel',NULL,'Lot,Dadda, Imm. 43, Appt. 3','abouajaja@grepom.org','00212','661707658','Salé','MA',1,41,NULL),(42,'42',1,'Bouazzaoui','Nabila',8,'13, Rue Pékin, N° 13','nbouaz@gmail.com','00212','665829834','Rabat','MA',1,42,NULL),(43,'43',1,'Boudraa','Wahiba',5,'Cité champs Manenvre bloc 02, n°14 24000','wahibaboudraa@yahoo.fr','00213','770547202','Guelma','DZ',1,43,NULL),(44,'44',1,'Bouiamrine','El Houcine',1,'Univ. Moulay Ismail','bouiamrine@yahoo.fr','00212','699302730','Meknès','MA',1,44,NULL),(45,'45',1,'Bouisefar','Rabie',12,'el quoudsse 02 blo 03 NR 118 - Taza','rabiphotoghraphy@gmail.com','00212','645590659','Taza','MA',1,45,NULL),(46,'46',1,'Boumaaza','Mbarek',1,'N°17, Boulevard El Yarmouk','boumaazambarek@yahoo.fr','00212','666221992','Berkane','MA',1,46,NULL),(47,'47',1,'Boumaaza','Jihad',NULL,'N°17, Boulevard El Yarmouk','boumaaza.jihad@gmail.com','00212','661754498','Berkane','MA',1,47,NULL),(48,'48',1,'Boumedienne','Ahmed',1,'63, Rue Anoual','ahmedboumediene308@yahoo.fr','00212','672786973','Ahfir','MA',1,48,NULL),(49,'49',1,'Boumedienne','Mehdi',5,'63, Rue Anoual','','','','Ahfir','MA',1,49,NULL),(50,'50',1,'Bououarour','Oussama',11,'239 , Secteur hay rahma salé ','oussama.bouarour @gmail.com','00212','673810367','Salé','MA',1,50,NULL),(51,'A609275',1,'Bourass','Khadija',11,'8, rue Mohammedia- hassan - rabat','bourass_khadija@yahoo.fr','00212','613633387','Rabat','MA',1,51,NULL),(52,'52',1,'Bourass','Abdelhak',NULL,'','','','','kenitra','MA',1,52,NULL),(53,'53',1,'Bourouah','El Bachir',13,'N°18, Rue 19,hay el maamora','bourouahbachir@hotmail.fr','00212','667276373','Kénitra','MA',1,53,NULL),(54,'54',1,'Bousfiha','Mohammed',14,'57, Avenue Tadla- aviation -rabat','bousmed@gmail.com','00212','662521911','Rabat','MA',1,54,NULL),(55,'55',1,'Boussadik','Halima',1,'','bousadik_halima@yahoo.fr','00212','673062523','Marrakech','MA',1,55,NULL),(56,'56',1,'Boutbaiq','Bilal',15,'Bloc C 55 - Maghrib Arabi ','','00212','668233561','Kénitra','MA',1,56,NULL),(57,'57',1,'Bouzaaboul','Mounir',13,'','','','','Kénitra','MA',1,57,NULL),(58,'58',1,'Bouzekry','Assia',1,'Lycée Charif Idrissi','assiamatf@yahoo.fr','00212','676917788','Tétouan','MA',1,58,NULL),(59,'59',1,'Chafik','Mustapha',9,'N° 1154, Secteur 8, Rue Moulouya','chafik_moustapha@yahoo.fr','00212','670906662','Salé','MA',1,59,NULL),(60,'60',1,'Chakri','Said',1,'CEET/Ecole Al Quods','aesvt.tanger@yahoo.fr','00212','661259714','Tanger','MA',1,60,NULL),(61,'61',1,'Chaoui','Hicham',5,'753 Lot Arssat sala - route de kénitra - salé 11060','hichamchaoui96@yahoo.fr','00212','653387760','salé','MA',1,61,NULL),(62,'62',1,'Chekrouni','Nadia',5,'Quartier El Irfane, Rue Errazi, N° 27-  oujda','naadouch1@hotmail.com','00212','649490791','Oujda','MA',1,62,NULL),(63,'63',1,'Chemlali','Abderrahmane',1,'','ciconiaberkane@yahoo.fr','00212','666614774','Berkane','MA',1,63,NULL),(64,'64',1,'Chemlali','Bouchra',15,'','siconia.com@berkane.com','00212','666614774','Berkane','MA',1,64,NULL),(65,'65',1,'Cherkaoui','Sidi Imad',16,' Résidence Nassim Al Bahr II','imad.cherkaoui@gmail.com','00212','662383331','Salé','MA',1,65,NULL),(66,'66',1,'Chikri','Khalid',17,'av med ben abderahmane n°14- Tetouan','khalid.chikri@gmail.com','00212','661212308','Tetouan ','MA',1,66,NULL),(67,'67',1,'Chikri','Khalid',17,'MOHAMED BEN ABDERRAHMANE N14','khalid.chikri@gmail.com','00212','661212308','TETOUAN','MA',1,67,NULL),(68,'68',1,'Chillasse','Lahcen',4,'Univ. Moulay Ismail','chillasse@yahoo.fr','00212','661514004','Meknès','MA',1,68,NULL),(69,'69',1,'Choukri','Rachid',5,'N° 84 bloc D, Asaka , agadir ','choukri.ra@gmail.com','00212','678449635','Agadir ','MA',1,69,NULL),(70,'70',1,'Cuzin','Fabrice',NULL,'','fabcuzin@yahoo.fr','','','Marrakech','MA',1,70,NULL),(71,'71',1,'Dakki','Lamiaâ',18,'12, rue Souria, Immeuble Jacaranda- rue souria , gueliz - marrakech ','','00212','661460238','Marrakech','MA',1,71,NULL),(72,'72',1,'Dakki','Najlaâ',19,'22, lotissement Koutoubia II, rte de mehdia , salé ','n.dakki@hotmail.com','00212','537885652','Salé','MA',1,72,NULL),(73,'73',1,'Dakki','Chaimae',5,'22, lotissement Koutoubia II , route de kenitra - salé','','','','salé','MA',1,73,NULL),(74,'74',1,'Dakki','Mohamed',4,'22, lotissement Koutoubia II , route de kenitra - salé','dakkiisr@gmail.com','00212','661391281','Salé','MA',1,74,NULL),(75,'75',1,'Dalai','Mohamed',20,'Dir. Provincial des E & F','assiamatf@yahoo.fr','00212','661367139','Meknès','MA',1,75,NULL),(76,'76',1,'Dehbi','Abdellah',21,'','','','','','MA',1,76,NULL),(77,'77',1,'Derqaoui','Lahcen',4,'IAV Hassan II, B.P. 6202','lderqaoui@yahoo.fr','00212','668183340','Rabat','MA',1,77,NULL),(78,'78',1,'Derrou','Abderrahim',22,'Parc national d\'Ifrane','derrou.a@hotmail.fr','00212','661354597','ifrane','MA',1,78,NULL),(79,'79',1,'Detsouli','Mohamed',1,'','','00212','661854910','Berkane','MA',1,79,NULL),(80,'80',1,'Douini',' Ikram',5,'Centre de recherche, Faculté des Sciences et Techniques de Beni Mellal','ikram.douini@gmail.com','00212','640581404','Beni Mellal','MA',1,80,NULL),(81,'81',1,'Douiri','My Rachid',5,'N° 291, cité militaire maamoura - salé','douirirachid@hotmail.com','00212','619577263','Salé','MA',1,81,NULL),(82,'82',1,'Douiri','Sidi Mohamed',5,'N° 291, cité militaire maamoura - salé','douirisidimohamed@gmail.com','00212','661736081','Salé','MA',1,82,NULL),(83,'83',1,'Drafat','Mohamed',8,'N° 115, Sidi Ahmed Tadli -sefrou','mohammeddrafat@gmail.com','00212','660433664','Sefrou','MA',1,83,NULL),(84,'84',1,'Ech-Charafi','Soukaina',11,'rue jabal ayachi n°39 - Hay nasser , karia - salé ','soukainacahrafi2005@gmail.com','00212','668988750','Salé ','MA',1,84,NULL),(85,'85',1,'Egmoulane','Meriam',5,'lot remel 2 n° 208 ','meryem.igm@gmail.com','00212','669755152','inzegane','MA',1,85,NULL),(86,'86',1,'El Agbani','Mohammed-Aziz',4,'Av. Ailanthus Q12, Rés. Assalam ; appt 7- hay riad - rabat','elagbani@hotmail.com','00212','661391909','Rabat','MA',1,86,NULL),(87,'87',1,'El Alaoui El Fels','Moulay',NULL,'','elalaoui.elfels@gmail.com','','','Marrakech','MA',1,87,NULL),(88,'88',1,'El Allouli','Nabil',1,'623.lot tabjia, maatallah m\'hamid - Marrakech ','nabil.svt@gmail.com ','00212','666013986','Marrakech','MA',1,88,NULL),(89,'89',1,'El Azzaoui','Ahmed',5,'Centre Ait Amira Chtouka Ait Baha Agadir -87052','ah.elazzaoui@gmail.com','00212','699143698','Agadir ','MA',1,89,NULL),(90,'90',1,'El Azzaoui','Ahmed',5,'Centre Ait Amira Chtouka Ait Baha Agadir -87052','ah.elazzaoui@gmail.com','00212','699143698','Agadir ','MA',1,90,NULL),(91,'91',1,'El Bahi','Fatima Zahra',11,'Hay Al Massira 1, N° 1947 - temara','fatimazahraelbahi@yahoo.fr','00212','667151343','Témara','MA',1,91,NULL),(92,'92',1,'El Baouchi','Samia',23,'N° 115, Sidi Ahmed Tadli- sefrou','femmesbladidt@yahoo.fr','00212','660433664','Sefrou','MA',1,92,NULL),(93,'93',1,'El Blidi','Souad',4,'Institut Scientifique','elblidi@yahoo.fr','00212','661137595','Rabat','MA',1,93,NULL),(94,'94',1,'El Bouni','Ayad',24,'DZEA, Institut Scientifique','ayad_e@yahoo.fr','00212','668181197','Rabat','MA',1,94,NULL),(95,'95',1,'El Falah','Said',25,'','saidelfalah@gmail.com','00212','661325301','Rabat','MA',1,95,NULL),(96,'96',1,'El Fatehi','Yassine',11,'65, rue Brahim Roudani, App. N°5, Océan','y.elfatehi@gmail.com','00212','661696250','Rabat','MA',1,96,NULL),(97,'97',1,'El Fellah','Bouchta',4,'Institut Scientifique','elfellah59@yahoo.fr','00212','661170305','Rabat','MA',1,97,NULL),(98,'98',1,'El Ghali Khiyati','Mohamed',26,'','khiyati@gmail.com;mohammed.khiati@giz.de','00212','662174736','Rabat','MA',1,98,NULL),(99,'99',1,'El Ghazi','Choukri',NULL,'2200 al omrane selouane - Nador ','','00212','668969914','Nador','MA',1,99,NULL),(100,'100',1,'El Hajhouji','Salah Eddine',8,'Dar el hamra rue bouknadel , numero 108- salé','el.hajhouj.salah@gmail.com','00212','631097986','salé','MA',1,100,NULL),(101,'101',1,'El Hammoumi','Rhimou',4,'Faculté des Sciences','rhamoumi@hotmail.com','00212','667531425','Casablanca','MA',1,101,NULL),(102,'102',1,'El Haoua','Mohamed Karim',27,'','kelhaoua@bmcebank.co.ma','00212','660541151','','MA',1,102,NULL),(103,'103',1,'El Hassani','Abderahim',2,'N° 620, Lotissement Slaoui','Hassani_gour@hotmail.com','00212','642191611','Sefrou','MA',1,103,NULL),(104,'104',1,'El Idrissi Essougrati','Abdelaziz',28,'N°88 Bloc D, Ksar Labhar -akkari -rabat','elidrissiaz@yahoo.fr','00212','623384285','Rabat','MA',1,104,NULL),(105,'105',1,'El Joudy','Hafida',11,'Haychafaa, rue rachad n°15 - 11000- salé ','hafida_el3ayla@gmail.com','00212','632924138','salé','MA',1,105,NULL),(106,'106',1,'El Kamcha','Reda',11,'Amal 5, NR 1604, El massira Cym - Rabat -10000','elkamcha,reda@hotmail,com','00212','652375987','Rabat','MA',1,106,NULL),(107,'107',1,'El Khamlichi','Rachid',17,'41, Zvenue Houlouane - tetouan','ricardo196be@yahoo.es;rachid.cocn@gmail.com','00212','668556385','Tétouan','MA',1,107,NULL),(108,'108',1,'El Khettabi','Anissa',1,'avenu Mohamed daoud -534 ','larifinia @yahoo.es ','00212','662101279','Tetouan ','MA',1,108,NULL),(109,'109',1,'El Khoumsi','Driss',1,'Ahadaf - Azrou ','driss1953@gmail.com, hadri33@yahoo.fr','00212','662760027','Azrou','MA',1,109,NULL),(110,'110',1,'El Mahfadi','Afrah',11,'','afrahelmahfadi@gmail.com','00212','672096727','Rabat','MA',1,110,NULL),(111,'111',1,'El Maroufi','Kaoutar',29,'Imm. 19, Appt. 7, Lot. Alarsa-hay chemaou , route kenita -salé','riyadkawtar@gmail.com','00212','658369344','Salé','MA',1,111,NULL),(112,'112',1,'El Miloudi','Hind',30,'rabat ','hindelmiloudi@hotmail.com','00212','661527807','rabat ','MA',1,112,NULL),(113,'113',1,'El Moudden','Kaoutar',1,'Lot 75, Appt 6, Houria','tahanoha@hotmail.com','','','Kénitra','MA',1,113,NULL),(114,'114',1,'El Mouden','El Hassan',NULL,'','elmouden@ucam.ac.ma','00212','672776688','Marrakech','MA',1,114,NULL),(115,'115',1,'El Mounssi','Azeddine',2,'avenu Mohamed daoud -535','mounssia@yahoo.fr','','','Tetouan ','MA',1,115,NULL),(116,'116',1,'El Oualidi','Jalal',4,'','eloualidi@israbat.ac.ma','','','rabat','MA',1,116,NULL),(117,'117',1,'El Ouhadi','Kawtar',5,'','kawtar-elou@hotmail.com','00212','662090325','rabat','MA',1,117,NULL),(118,'118',1,'El Rhaffari','Lhoucine',4,'Faculté des Sciences et Techniques- bp 509- boutalamine- errachidia ','elrhaffari@yahoo.fr','00212','661503145','Errachidia','MA',1,118,NULL),(119,'119',1,'El Yacoubi Khebiza','Mohamed',NULL,'','','','','Marrakech','MA',1,119,NULL),(120,'120',1,'Elazzaoui','Ahmed',5,'Centre Ait Amira Chtouka Ait Baha Agadir -87052','ah.elazzaoui@gmail.com','00212','699143698','Agadir','MA',1,120,NULL),(121,'121',1,'El Banak','Abdelhak',29,'Hay Nahda II- rue beer anzarane; n 058 tiflet','orni_elbanak@yahoo.fr','00212','658415403','Tiflet','MA',1,121,NULL),(122,'122',1,'El Kadmiri','Mohamed',31,'','elkadmirimohammed34@gmail.com','00212','601991749','Salé','MA',1,122,NULL),(123,'123',1,'El Malki','Siham',11,'Bd. Edakhla, Jamila 3, N° 91 C D-casablanca','elmalki.siham@gmail.com','00212','666348368','Casablanca','MA',1,123,NULL),(124,'124',1,'El Mansoury','Mohamed',5,'HAY TIGUEMI OUFELLA LOG DE LA MOSQUÉE DCHEIRA','elmansourymohamed9@gmail.com','00212','600280501','DCHIERA ','MA',1,124,NULL),(125,'125',1,'Errafi','Azdine',8,'N°2, rue 670, Hyam II','azdineerrafi@gmail.com','00212','660356105','Agadir','MA',1,125,NULL),(126,'126',1,'Essahsseh','Khalid',1,'Lot 75, Appt 6, Houria','esshassahkhalid@hotamail.fr','00212','662161986','Kénitra','MA',1,126,NULL),(127,'127',1,'Essalai','Karima',1,'N°296 Hay essalam extention 2 sidi said ','Karima.medtaha@gmail.com','00212','625453597','meknes ','MA',1,127,NULL),(128,'128',1,'Ezzahoum','Moad',32,'21, Lot. Al Fadila -temara ','moad-ezza@hotmail.com','00212','614488231','Témara','MA',1,128,NULL),(129,'129',1,'Ezzerari','Ahmed',9,'N°3231 Hay Al wifaq, Temara','zirari4@hotmail.com','00212','661653478','Temara','MA',1,129,NULL),(130,'130',1,'Fadil','Jihad',5,'Hay Yasmina I, rue 8, N° 28-ain chock -casablanca','fadil.jihad.1990@gmail.com','00212','611623530','Casablanca','MA',1,130,NULL),(131,'131',1,'Fahmi','Abdelhak',33,'Quartier PAM Centre oualidia','abdelhakfahmi@gmail.com','00212','662016899','Oualidia','MA',1,131,NULL),(132,'132',1,'Ferradous','Abderrahim',5,'','ferabder@yahoo.fr','','','Marrakech','MA',1,132,NULL),(133,'133',1,'Filali Zegzouti','Ayoub',4,'IFCS','afilaliz@yahoo.fr','00212','662270962','Rabat','MA',1,133,NULL),(134,'134',1,'Fouzi Taybi','Abdelkhalek',NULL,'9 rue 29, DEM - Oujda','','','','Oujda','MA',1,134,NULL),(135,'135',1,'Gaudin','Maxime',34,'maison n° 75 , Bloc 108- charaf - cp 80000','maxgaudinlaos@yahoo.fr','00212','661221763','Agadir ','MA',1,135,NULL),(136,'136',1,'Ghanmouni','Hasna',NULL,'résidence assabah , imm ilot 1 n° 8 CYM ','','','','Rabat','MA',1,136,NULL),(137,'137',1,'Hachimi','Moulay Driss',1,'Lycée','hadri33@yahoo.fr','00212','664240518','Meknès','MA',1,137,NULL),(138,'138',1,'Hadrouni','Ali',1,'N° 10, Lot. Saada-rfaif -sefrou ','try-not-tocy@hotmail.com','00212','610626784','Sefrou','MA',1,138,NULL),(139,'139',1,'Hajbi','Mohammed',8,'110 rue Houmane El Foutwaki','mohamed_hajbi@hotmail.fr','00212','658397363','Kénitra','MA',1,139,NULL),(140,'140',1,'Hajib','Saïd',35,'Centre de recherches forestière','saidhajib.crf@gmail.com','00212','664218139','Rabat','MA',1,140,NULL),(141,'141',1,'Hamid','Ahmed',35,'Centre pédagogique Régional','ham_ahad@yahoo.fr','00212','661419190','Meknès','MA',1,141,NULL),(142,'142',1,'Hamidi','Rabie',NULL,'','','','','kenitra','MA',1,142,NULL),(143,'143',1,'Hamidi','Salima',36,'Av. Chourade, Rue Chouhdae, N°3 bis','ecolealfousha@hotmail.fr','00212','536708865','Oujda','MA',1,143,NULL),(144,'144',1,'Hammada','Soumaya',4,'Faculté des Sciences et Techniques','hsoumaya@hotmail.com','00212','663004562','Beni Mellal','MA',1,144,NULL),(145,'145',1,'Hamza','Ahmed',25,'','befored_hamza@yahoo.fr','','','Meknès','MA',1,145,NULL),(146,'146',1,'Hamza','Abdelwahed',NULL,'','','','','Meknès','MA',1,146,NULL),(147,'147',1,'Hamza','Latifa',1,'Etabliss. Manhal Al Maarifa','latifa.hamza@yahoo.fr, hamzalatifa@yahoo.fr','00212','668990711','Meknès','MA',1,147,NULL),(148,'148',1,'Hanane','Saad',9,'Centre de recherche forestière','sd_hanan@yahoo.fr','00212','660125799','Rabat','MA',1,148,NULL),(149,'149',1,'Hassani','Hassan',8,'Secteur 1, n°18 -hay moulay ismail -salé','hhassanihassan@gmail,com','00212','658914288','Salé','MA',1,149,NULL),(150,'150',1,'Hilmi','Mohammed',5,'NR18 av ibnkhaldoun - salé ','mohammed-hilmi@atlook.com','00212','637387331','salé ','MA',1,150,NULL),(151,'151',1,'Hilmi','Mohamed',5,'NR 18 AV IBN KHALDOUN SALE','mohammed-hilmi@outlook.com','00212','637387331','SALE','MA',1,151,NULL),(152,'152',1,'Himmi','Oumnia',4,'Institut Scientifique , av ibn battouta bp 703-10106 - agdal -rabat','himmioumnia@yahoo.fr','00212','666316466','Rabat','MA',1,152,NULL),(153,'153',1,'Idaghdour','Aicha',NULL,'','','','','Agadir ','MA',1,153,NULL),(154,'154',1,'Idbaha','Fatima',5,'','idbahafatimzahra@gmail.com','00212','634921819','Bouizakrane ','MA',1,154,NULL),(155,'155',1,'Idsaid','Youssef',5,'hay amal - tagounitte ','bou3iz1989@hotmail.com','00212','638757389','zagoura ','MA',1,155,NULL),(156,'156',1,'Idsaid','Youssef',5,'HAY ELAMAL TAGOUNITE ZAGOURA','Bou3iz1989@hotmail.com','00212','638757389','ZAGOURA','MA',1,156,NULL),(157,'157',1,'Igmoullan','Meryem',5,'LOT RMEL 2 N 208/V INEZGANE','MERYEM.IGM@GMAIL.COM','00212','669755152','AGADIR','MA',1,157,NULL),(158,'158',1,'Imounachen','Bouayad',1,'Rue C1, N° 41','bouayad-59@hotmail.com','00212','667771293','Oujda','MA',1,158,NULL),(159,'159',1,'Irizi','Ali',NULL,'','','','','Agadir ','MA',1,159,NULL),(160,'160',1,'Issaoub Allah','Abdellatif',5,'Bd. Joudar Mohamed Ben Abdellah , n 24 hay rahma, casablanca ','battaif1986@gmail.com','00212','673125795','Casablanca','MA',1,160,NULL),(161,'161',1,'Jebbad','Raghda',5,'Université Mohammed V','jraghda@hotmail.com','00212','675378702','Kénitra','MA',1,161,NULL),(162,'162',1,'Joulami','Latifa',5,'Hay El Falah, Rue 7, N° 62-casablanca','joulami.latifa@gmail.com','00212','662515206','Casablanca','MA',1,162,NULL),(163,'163',1,'Kamtass','Sanaâ',5,'33 Cité Oukacha- ain sebaa -casablanca','sanaa.kamtass@hotmail.fr','00212','674811415','Casablanca','MA',1,163,NULL),(164,'164',1,'Kasbaji','Mohammed',24,'14, rue Tounfit, Sect. 6 Hay Kifah, K.O.M.','Kasbajimohammed@yahoo.fr','00212','665050573','Salé','MA',1,164,NULL),(165,'165',1,'Kasbaji','Mohammed Houcine',5,'14, rue Tounfit, Sect. 6 Hay Kifah, K.O.M.','kasbaji.houcine@gmail.com','00212','616220015','Salé','MA',1,165,NULL),(166,'166',1,'Khaled','Mourad',3,'19 residence ghizlane appt 2 etg 1 hay raha','commarocmourad@gmail.com','00212','661233076','casablanca','MA',1,166,NULL),(167,'167',1,'Khouli','Hakima',NULL,'','hakimakhouli@gmail.com','00212','661499200','el jadida ','MA',1,167,NULL),(168,'168',1,'Kilouli','Mohammed',15,'Hay El Mohamadi','free_stylerm@hotmail.fr','00212','642391528','Nador','MA',1,168,NULL),(169,'169',1,'Lachguer','Hamid',1,'N° 70, Lot Houria','hamiido@gmail.com','00212','660642952','Kénitra','MA',1,169,NULL),(170,'170',1,'Lahrouz','Rachid',1,'Imm. 16, Appt. 4, Maghrib Arabi B','rachid-ilyass@hotmail.com','00212','662543001','Kénitra','MA',1,170,NULL),(171,'171',1,'Lahrouz','Said',1,'Lot 75, Appt. 6, Houria - kenitra','lahrouzsaid@hotmail.com','00212','668117985','Kénitra','MA',1,171,NULL),(172,'172',1,'Lahrouz','Souad',NULL,'Bloc B3, N°342','lahrouzsaid@hotmail.com','00212','668117985','Kénitra','MA',1,172,NULL),(173,'173',1,'Lakhal','Abderrahmane',1,'','lakmane@hotmail.com','00212','662216738','Oujda','MA',1,173,NULL),(174,'174',1,'Lakhal','Tarik',4,'oum hani 5 - Imm 7 , Appt 7 - salé ','tarik_lk@hotmail.com','00212','668600023','rabat','MA',1,174,NULL),(175,'175',1,'Lakhdar','Araibi',5,'','','','','','MA',1,175,NULL),(176,'176',1,'Lamkhanter','Hajar',5,'Sidi Otmane, Bloc 28, N° 37','haja.lamkhanter@gmail.com','00212','644104963','Casablanca','MA',1,176,NULL),(177,'177',1,'Lefrère','Latifa',4,'Faculté des Sciences d\'Agadir hay Dakhla,8000- Agadir','l.lefrere@uiz.ac.ma','00212','666073159','Agadir ','MA',1,177,NULL),(178,'178',1,'Lekouche','Abdelati',1,'35, Rés. Hajar, Appt. 08 - mimoussa kenitra','lekoucheabdou@hotmail.com','00212','666883031','Kénitra','MA',1,178,NULL),(179,'179',1,'Lemghari','Amina',NULL,'','amlamghari-7@hotmail.com','00212','662653864','Marrakech','MA',1,179,NULL),(180,'180',1,'Lieron','Vincent',37,'RES Belle vue , rue ibn zinbaa , 33000, fes','vlieron@ymail.com','00212','661354598','Fes','MA',1,180,NULL),(181,'181',1,'Louizi','Halima',11,'Haouzia, bloc E, n 204 , Kénitra - 14000- kénitra','halima-louizi@hotmail.fr','00212','614750739','Kénitra','MA',1,181,NULL),(182,'182',1,'Maaloum','Hassan',11,'quartier administrative assa centre - 81002','hassanmaaloum@gmail.com','00212','600647263','Assa ','MA',1,182,NULL),(183,'183',1,'Maarouf','Zineb',5,'Jamila 5, rue 168, N° 42 CD','maarouf-zineb@hotmail.com','00212','665619796','Casablanca','MA',1,183,NULL),(184,'184',1,'Maatallaoui','Abderrahmane',NULL,'','maatalaoui1967@hotmail.com','00212','661074136','','MA',1,184,NULL),(185,'185',1,'Madbouhi','Mostafa',2,'Angle Misr-Zemzem , residence souhaila; appt 31-kenitra','mostamad@yahoo.fr','00212','666300451',' Kénitra','MA',1,185,NULL),(186,'186',1,'Mahboub','Driss',38,'n°96, Nakhil ,Azrou','driss.mahboub.pni@gmail.com','00212','661775285','azrou','MA',1,186,NULL),(187,'187',1,'Mahnaoui','Naima',5,'Lot. Houria, Rue 11, N° 6','naima_mahnaoui@hotmail.com','00212','678653683','Casablanca','MA',1,187,NULL),(188,'188',1,'Maknass','Abdelilah',5,'Moulay bouselham , centre ','abeleilahmeknes03@gmail.com','00212','676917017','Molay bousselham','MA',1,188,NULL),(189,'189',1,'Mamouni','Abdellah',8,'N° 86, Lot Hind - ben seffour- sefrou ','mamouni-1975@live.fr','00212','611120489','Sefrou','MA',1,189,NULL),(190,'190',1,'Mastadi','Saida',5,'Hay El Houda, Rue 8, N° 33','mastadi.saida@gmail.com','00212','678182547','Casablanca','MA',1,190,NULL),(191,'191',1,'Mattou','Ali',NULL,'Ouuled oujih - kenitra','','','','','MA',1,191,NULL),(192,'192',1,'Mayad','El Hassan',39,'Department of Biology, Faculty of Sciences - Agadir. University Ibn Zohr','elhassan.mayad@gmail.com','00212','661636689','Agadir ','MA',1,192,NULL),(193,'193',1,'Mbarki','Issame',15,'Hay Chrarba','','00212','626680435','Saidia','MA',1,193,NULL),(194,'194',1,'Mediani','Mohamed',1,'Hay El Mohammadia, rue 219, n° 27 ,Oujda ','mediamed05@yahoo.fr;alytes2med@gmail.com','00212','673022830','Oujda','MA',1,194,NULL),(195,'195',1,'Melo Juan José','Ramos',40,'C/ Doctor Jordan, 11 C.P. 38470, Los Silos - Iles Canaries','jramos@birdingcanarias.com','','','Espagne','MA',1,195,NULL),(196,'196',1,'Menioui','Mohamed',4,'91, Avenue Houmane Fetouaki- aviation -rabat','mohamed.menioui@gmail.com','00212','662383852','Rabat','MA',1,196,NULL),(197,'197',1,'Merzoug','Sayfeddine',5,'Cité Fares Saâdane Bloc 22 A n° 09','thebiologiste_boy@hotmail.com','00213','774529742','Guelma','DZ',1,197,NULL),(198,'198',1,'Mesbah','Issam',41,'délégation de la ministère de santé province de chefchaouen',' broca.torpido@hotmail.fr','00212','659201485','chefchaouen','MA',1,198,NULL),(199,'199',1,'Messouli','Mohamed',NULL,'','messouli@gmail.com','','','Marrakech','MA',1,199,NULL),(200,'200',1,'Mezane','Brahim',42,'BP. 62 - Rissani','desertbirds@live.fr','00212','062955657 ','Rissani ','MA',1,200,NULL),(201,'201',1,'Meziane','Amhend',1,'Rue 42, Bouhdila','mr.mezian@gmail.com','00212','668875641','Berkane','MA',1,201,NULL),(202,'202',1,'Mhammdi','Nadia',4,'Institut Scientifique','nmhammdif@yahoo.com','00212','667043869','Rabat','MA',1,202,NULL),(203,'203',1,'Mokhtari','Soraya',NULL,'','sorayamokhtari13@hotmail.com','','','Marrakech','MA',1,203,NULL),(204,'204',1,'Mouhajir','Kaoutar',5,'Bayet al maarifa , avenue allal al fassi -madinat irfane- rabat','kaoutar.biogeco@gmail.com','00212','611063428','Rabat','MA',1,204,NULL),(205,'205',1,'Moujjane','Aicha',NULL,'','marjanabis@yahoo.fr','00212','667282805','rabat','MA',1,205,NULL),(206,'206',1,'Mounir','Mohamed',5,'Rmila bloc 3 N 91- 23000- Beni Mellal ',' mohamed_m01@hotmail.fr','00212','667420574','Beni Mellal','MA',1,206,NULL),(207,'207',1,'Moussa','Karima',4,'45, Av. Mohamed Diouri, N°10','moussakarima@gmail.com','00212','660548427','Kénitra','MA',1,207,NULL),(208,'208',1,'Moutaoufik','Khadija',5,'18 Rue 836 cité Al Massira','khadija.moutaoufik@gmail.com','00212','762546559','AGADIR','MA',1,208,NULL),(209,'209',1,'Moutaouifik','Khadija',5,'18 rue 836 - cité el acira ','khadija.Moutaouifik@gmail.com','00212','762546559','Agadir ','MA',1,209,NULL),(210,'210',1,'Mouttaqi','Hajr',15,'Rue 424, Bloc A','ingenieurlarbi@yahoo.fr','00212','618451155','Kénitra','MA',1,210,NULL),(211,'211',1,'Mouttaqi','Larbi',9,'Rue 424, Bloc A','ingenieurlarbi@yahoo.fr','00212','618451155','Kénitra','MA',1,211,NULL),(212,'212',1,'Mouttaqi','Mohamed Anas',15,'Rue 424, Bloc A','ingenieurlarbi@yahoo.fr','00212','618451155','Kénitra','MA',1,212,NULL),(213,'213',1,'Mrigua','Mohammed',NULL,'','','','','','MA',1,213,NULL),(214,'214',1,'Mrigua','Said',NULL,'','','','','','MA',1,214,NULL),(215,'215',1,'Naâmi','Nadia',5,'Anassi 27A Zntrée 12, N° 160- casablanca','la-princesse-des-tenebres@hotmail.fr','00212','630157799','Casablanca','MA',1,215,NULL),(216,'216',1,'Nachid','Naïm',9,'Cité Massira 2, Bloc 12, Ap. n° 15','nachid_naim@yahoo.fr','00212','661359804','Rabat','MA',1,216,NULL),(217,'217',1,'Nassila','Oussama',5,'N°22 Bloc AB El Houzia','Nassilad63@gmail,com','00212','668694291','Kénitra','MA',1,217,NULL),(218,'218',1,'Nechad','Imane',5,'N°7 rue Sara II, Nargiss B, Bd Rahma, route de Sefrou','imanenechad5@hotmail.com','','','Fès','MA',1,218,NULL),(219,'219',1,'Otmane','Lahcen',43,'22, lotissement Koutoubia II; rte de mehdia , salé ','','00212','537885652','Salé','MA',1,219,NULL),(220,'220',1,'Otmane','Youssef',8,'1094, rue Essaâda','sysdis@gmail.com','00212','661645187','Salé','MA',1,220,NULL),(221,'221',1,'Ouacha','Lahcen',NULL,'','','','','Rissani ','MA',1,221,NULL),(222,'222',1,'Ouakrim','Latifa',1,'Lycée Roi Fahd','izza_amaz@hotmail.com','00212','666566799','Tanger','MA',1,222,NULL),(223,'BL66150',1,'Ouassou','Asmaa',5,'11 rue mouaffak eddine , res ismail etage 3 appt 8, quartier des hopitaux -casablanca','asmaa.ouassou@gmail.com','00212','665490546','Casablanca','MA',1,223,NULL),(224,'224',1,'Ouassou','Mohamed',NULL,'12 rue mouaffak eddine , res ismail etage 3 appt 8, quartier des hopitaux -casablanca','mozamoham@gmail.com','00212','667077483','Casablanca','MA',1,224,NULL),(225,'225',1,'Ouassou','Zakaria',NULL,'13 rue mouaffak eddine , res ismail etage 3 appt 8, quartier des hopitaux -casablanca','zakaria_ouassou@msn.com','00212','660165489','Casablanca','MA',1,225,NULL),(226,'226',1,'Ouibimah','Abdessamad',5,' Hay izlafen Azilal- 22000- Azilal',' abdessamad8fstb@gmail.com','00212','673345450','Azilal ','MA',1,226,NULL),(227,'227',1,'Ouizagane','Anouar',5,'N°4, Bloc 9, lot Ghita 1','anouarouizgane@hotmail.fr','00212','668102460','Béni Mellal','MA',1,227,NULL),(228,'228',1,'Oukannou','Lahcen',44,'Parc national d\'Ifrane','oukannou_lahcen@yahoo.fr','00212','662145474','Azrou','MA',1,228,NULL),(229,'229',1,'Ounir','Hammou',NULL,'','','','','','MA',1,229,NULL),(230,'230',1,'Qninba','Abdeljebbar',4,'Cité Intilak, Imm. 1, Appt. 1- agdal -rabat','qninba_abdel59@yahoo.fr','00212','661184823','Rabat','MA',1,230,NULL),(231,'231',1,'Rabach','Lahcen',45,'','rabachlahcen@gmail.com','00212','661565259','errachidia ','MA',1,231,NULL),(232,'232',1,'Radi','Mohammed',4,'Assif C N° 36 ','radibam@hotmail.com','','','Marrakech','MA',1,232,NULL),(233,'233',1,'Rahmani','Abdelmajid',1,'','maidaqua@hotmail.com','00212','661604696','Oujda','MA',1,233,NULL),(234,'234',1,'Rami','Mostapha',46,'39 hay saad khemisset -15020','mostafarami91@gmail.com','00212','633261979','khemisset ','MA',1,234,NULL),(235,'235',1,'Rihane','Abdesslam',47,'B.P. 76, Beni Yakhlef- mohammedia','abdeslam_rihane@yahoo.fr','00212','676427587','Mohammedia','MA',1,235,NULL),(236,'236',1,'Rochdane','Rochdane',5,'','rochdane@yahoo.fr','','','Marrakech','MA',1,236,NULL),(237,'237',1,'Saada','Mohamed',NULL,'','','','','','MA',1,237,NULL),(238,'238',1,'Saddiki','Mohamed',5,'25, rue Meknès, hay el hassani - berkane','saddikmohammed@gmail.com','00212','615192239','Berkane','MA',1,238,NULL),(239,'239',1,'Sadik','Mohammed',22,'Eaux et forets, Azrou','sadikmohammed53@yahoo.fr','00212','661047206','Azrou','MA',1,239,NULL),(240,'240',1,'Sadki','Issam',4,'N°339 Bloc D3 cité dakhla AGADIR',' i.sadki@uiz.ac.ma','00212','661631289','Agadir ','MA',1,240,NULL),(241,'241',1,'Saidi','Maryem',5,'Hay El Messoudia, Rue 36, N° 23 C D','maryemsaidi51@gmail.com','00212','665175342','Casablanca','MA',1,241,NULL),(242,'242',1,'Sallak','Bouchaib',9,'Dref Moyen Atlas','sallak.bouchaib@gmail.com','00212','669349449','Meknès','MA',1,242,NULL),(243,'243',1,'Sbihi','Fatima Zahra',5,'hay chemaou n° 12 Salé ','fati.zahra.sbihi@gmail.com','00212','622060022','salé ','MA',1,243,NULL),(244,'244',1,'Schmitt','Gerard',12,'Le village Eourres 05300','g.schmitt@free.fr','00212','689183377','','FR',1,244,NULL),(245,'245',1,'Selmaoui','Najat',1,'Avenue Mohamed V','montreal58@hotmail.fr','00212','670814186','Kénitra','MA',1,245,NULL),(246,'246',1,'Semmar','Hicham',48,'12, rue Souria, Immeuble Jacaranda , rue souria , gueliz -marrakech ','semmar-hicham@hotmail.fr','00212','661245767','Marrakech','MA',1,246,NULL),(247,'247',1,'Taibi','Wissam',49,'141, Marjane 4','wissam3200@gmail.com','00212','662640635','Meknès','MA',1,247,NULL),(248,'248',1,'Tamadouni','Iradati',5,'IS ','iradati_tamadouni@yahoo.fr','00212','698962713','Rabat','MA',1,248,NULL),(249,'249',1,'Tamraoui','Youness',NULL,'','','','','Agadir ','MA',1,249,NULL),(250,'250',1,'Tejjeni','Yahya',1,'N°8, Rue El Israe','tejj118@yahoo.fr','00212','666059120','Berkane','MA',1,250,NULL),(251,'251',1,'Tejjeni','Soufiane',5,'N°8, Rue El Israe','','','','Berkane','MA',1,251,NULL),(252,'252',1,'Touil','Soufiane',50,'537 rue mahdia hay magreb arabi','souftouil78@gmail.com','00212','661472530','Bouarfa','MA',1,252,NULL),(253,'254',1,'Touzani','Houari',NULL,'BP 1279- Nador ','','','','Nador ','MA',1,254,NULL),(254,'255',1,'Wissalmane','Hayat',5,'N°32 rue 13 Hay Hassani','wissalmane.hayat@gmail.com','00212','675736029','Casablanca','MA',1,255,NULL),(255,'256',1,'Yaquoubi','Abdelkader',1,'oujda','yaqo2005@yahoo.fr','00212','676944392','Oujda','MA',1,256,NULL),(256,'257',1,'Zair','Iatimad',51,'Lot. Sanabil, N° 26','amouda2@gmail.com','00212','668895685','Salé','MA',1,257,NULL),(257,'258',1,'Zejjari','Moncef',5,'10 rue jabal seroua hay nasr karia ','zejjarimoncef@gmail.com','00212','658982519','Rabat','MA',1,258,NULL),(258,'259',1,'Zerdeb','Abdelhak',1,'Lycée Khawarizmi','zerdeba@yahoo.fr','00212','667332181','Tanger','MA',1,259,NULL),(259,'260',1,'Zerrouk','Mariam',11,'384 diour jdad bni m\'hamed sebata- meknes ','mariam.meknes@gmail.com','00212','613859803','meknes ','MA',1,260,NULL),(260,'261',1,'Zidane','Yaacoub',5,'Imm. 45, Appt. 10, Rés. Al Boustane- hay el fath -rabat','zizo1992@live.fr','00212','645759575','Rabat','MA',1,261,NULL),(261,'262',1,'Zidani','Oumkaltoum',NULL,'','','','','casablanca','MA',1,262,NULL),(262,'263',1,'Zine','Nasser-Eddine',4,'Univ. Moulay Ismail','nzine1956@gmail.com','00212','667679225','Meknès','MA',1,263,NULL),(263,'264',1,'Ziti','Soumia',1,'Cité Wahda, Rue Beni Saleh, N°12','ziti.soumia@gmail.com','00212','623476736','Salé','MA',1,264,NULL),(264,'265',1,'Zizoune','Asmae',52,'Dar el hamra rue bouknadel , numero 108- salé','asmae.zinoune@gmail.com','00212','612928230','salé','MA',1,265,NULL),(265,'266',1,'Znari','Mohamed',4,'','znarim@gmail.com','','','Marrakech','MA',1,266,NULL),(512,'AB653606',1,'Boulahia','Adel',NULL,'80 , Rue Ben Khiran, Hay Ouahda, El Karia','','+212','','Salé','MA',NULL,NULL,NULL),(522,'12333',1,'Allali','Mohamed',NULL,'14 Imm N Residence Sous-lieutenant Faouzi Legrini El Menzeh','el3allali@gmail.com','+212','0663535436','Afourar','MA',1,NULL,'photo-12333.jpg'),(524,'aaa123',1,'mmm','mmm',NULL,'14 Imm N Residence Sous-lieutenant Faouzi Legrini El Menzeh','mmm','+212','0663535436','Afourar','MA',NULL,NULL,NULL);
/*!40000 ALTER TABLE `personnes` ENABLE KEYS */;
UNLOCK TABLES;

--
-- Table structure for table `personnes_copy`
--

DROP TABLE IF EXISTS `personnes_copy`;
/*!40101 SET @saved_cs_client     = @@character_set_client */;
/*!40101 SET character_set_client = utf8 */;
CREATE TABLE `personnes_copy` (
  `id` int(11) NOT NULL AUTO_INCREMENT,
  `cin` varchar(10) COLLATE utf8_unicode_ci NOT NULL,
  `identitetype_id` int(11) NOT NULL,
  `indicatif` varchar(50) COLLATE utf8_unicode_ci DEFAULT NULL,
  `nom` varchar(255) COLLATE utf8_unicode_ci NOT NULL,
  `prenom` varchar(255) COLLATE utf8_unicode_ci NOT NULL,
  `profession_id` int(11) DEFAULT NULL,
  `adresse` varchar(255) COLLATE utf8_unicode_ci DEFAULT NULL,
  `email` varchar(90) COLLATE utf8_unicode_ci DEFAULT NULL,
  `tel` varchar(30) COLLATE utf8_unicode_ci DEFAULT NULL,
  `ville_id` varchar(255) COLLATE utf8_unicode_ci DEFAULT NULL,
  `pays_id` varchar(120) COLLATE utf8_unicode_ci DEFAULT NULL,
  `personnetype_id` int(11) DEFAULT NULL,
  `pk` int(11) DEFAULT NULL,
  PRIMARY KEY (`id`),
  UNIQUE KEY `cin` (`cin`)
) ENGINE=InnoDB AUTO_INCREMENT=551 DEFAULT CHARSET=utf8 COLLATE=utf8_unicode_ci ROW_FORMAT=DYNAMIC;
/*!40101 SET character_set_client = @saved_cs_client */;

--
-- Dumping data for table `personnes_copy`
--

LOCK TABLES `personnes_copy` WRITE;
/*!40000 ALTER TABLE `personnes_copy` DISABLE KEYS */;
INSERT INTO `personnes_copy` VALUES (39,'1',1,'','Abba ','El Hassan',NULL,'Lycée Tarik','abbaelhassan@gmail.com','0661054736','Azrou','MA',0,1),(40,'2',1,'','Abejja ','Omar  ',NULL,'lot lalla moulaty -sefrou','','0611699406','Sefrou','MA',0,2),(41,'3',1,'','Achahbar ','Charif  ',NULL,'20, rue Al Qualçadi, Appt 14- Agdal - Rabat','ucpmaroc@gmail.com','0662340948','Rabat','MA',0,3),(42,'4',1,'','Adidi ','Abdelaziz ',NULL,'INAU, B.P. 6215','a2adidi@yahoo.fr','0661876377','Rabat','MA',0,4),(43,'5',1,'','Adlan El Mrini ','Mohamed Said ',NULL,'Lycée Abi Absas Sebti','aesvtlaraksar7@yahoo.fr','0667537623','Tanger','MA',0,5),(44,'6',1,'','ahiyati','Hamza',NULL,'BLOC 4 RUE 2 N°18 HAY MOHAMMADI','ahiati19@gmail.com','06-63214171','Casablanca','MA',0,6),(45,'7',1,'','Ait M\'hand ','Malika  ',NULL,'Groupe Al ouahda yah nahda 8','malika20014@gmail.com','066522434','rabat ','MA',0,7),(46,'8',1,'','Alaoui ','Altaf  ',NULL,'Imm. Sophale 5, Appt. N°9, B.M.O -meknes ','altaf.alaoui@gmail.com','0674361135','Meknès','MA',0,8),(47,'9',1,'','Amadjar ','Malika  ',NULL,'67 Bloc C,','morjana_56@live.fr','0660652058','Kénitra','MA',0,9),(48,'R246683',1,'','Ameziane ','Mohamed',NULL,'B.P. 827, Beni Bouayache 32050 -al hoceima','mohamed.ameziane@ymail.com','0633709952','Al Hoceima','MA',0,10),(49,'11',1,'','Amlal ','Abderahim',NULL,'Douar Tassila massa chtouka ait baha','abderrahim95amalal@gmail.com','0604120138','Massa','MA',0,11),(50,'12',1,'','Amrani','Amrani',NULL,'','aamrani49@yahoo,fr','0672786973','Ahfir','MA',0,12),(51,'13',1,'','Amrani ','el mostapha',NULL,'Lot 1507 - bir rami sud n° 3','mostaphamrani@gmail.com','06-61355787','Kénitra ','MA',0,13),(52,'14',1,'','Aouni ','Kenza ',NULL,'3 Rue harroun errachid , agdal - rabat ','aounikz@gmail.com','0661655822','Rabat','MA',0,14),(53,'15',1,'','Aourir ','Mohamed ',NULL,'','maourir@gmail.com','0671948720','Agadir','MA',0,15),(54,'16',1,'','Atany ','Taha ',NULL,'16, rue Abou Ghaleb Achiani, Maârif','atany.taha@gmail.com','0674423509','Casablanca','MA',0,16),(55,'S 83144',1,'','Azaouaghe ','said ',NULL,'69, rue  Abdelkrim El Khattabi -nador','azaouaghe@yahoo.fr','0661845568','Nador','MA',0,17),(56,'18',1,'','Azdem','Driss ',NULL,'','akraty@hotmail.fr','0634562122','casablanca','MA',0,18),(57,'19',1,'','Banan','Hassan',NULL,'Lot 75, Appt. 6, Houria - kenitra','hassanbanane63@gmail.com','0666287501','Kénitra','MA',0,19),(58,'20',1,'','Banaoui ','Ali ',NULL,'','','','Agadir ','MA',0,20),(59,'21',1,'','Bara ','Mouslim ',NULL,'Ecatap, Université Annaba 23000','m.bara@live.com','00213699101375','Algérie','MA',0,21),(60,'22',1,'','Bayed ','Abdellatif ',NULL,'Institut Scientifique','uob_isr@yahoo.com','0663688600','Rabat','MA',0,22),(61,'23',1,'','Belfkih el idrissi ','khalil ',NULL,'','benlafkihelidrissikhalil@yahoo.fr','06-44594735','rabat','MA',0,23),(62,'24',1,'','belgaziz','Soumaya ',NULL,'Bloc knr 19- sité el houda ','soumayabelgaziz012@gmail.com','06-96926678','Agadir ','MA',0,24),(63,'25',1,'','Belgaziz','Soumaya ',NULL,'BLOK K NR 19 CITE EL HOUDA AGADIR','soumayabelgaziz012@gmail.com','0697926678','Agadir ','MA',0,25),(64,'26',1,'','Belkacem ','Mohammed  ',NULL,'N°6, Rue Moula Tayeb','belkacem93@gmail.com','0600393823','Berkane','MA',0,26),(65,'27',1,'','Ben Amar ','Amal  ',NULL,'Massira 1, Tafilalet 2 , imm f , n° 25','benamar2003@gmail.com','0616461740','Marrakech','MA',0,27),(66,'28',1,'','Ben lafkih el idrissi ','khalil',NULL,'','','','','MA',0,28),(67,'29',1,'','Ben Salah','sidi Mustapha ',NULL,'Lycée Khawarizmi','sidiben66@yahoo.fr','0644000369','Tanger','MA',0,29),(68,'30',1,'','Ben Slimane ','Mohamed',NULL,'DREF Moyen Atlas','drefma7@gmail.com','0642819410','Meknès','MA',0,30),(69,'31',1,'','Benchama ','Ayoub ',NULL,'residence al mansour , imm b3 , appt 6 , tabriquet - salé ','benchamaayoub@gmail.com','0621026893','Salé','MA',0,31),(70,'A737440',1,'','Bencherqi','Imane ',NULL,'résidence oum hani imm 7 , appt 7- salé ','icherqi.grepom@gmail.com','0668600023','Rabat','MA',0,32),(71,'33',1,'','Benhichou','Badr',NULL,'BP4630, CP 12020 Massira, Témara','ayourbadr@gmail.com','0667835449','Témara','MA',0,33),(72,'34',1,'','Benka ','El-Mostafa ',NULL,'DR ait maala ouaouizerth azilal-22402- Azilal','mosben.mse@gmail.com','0626781485','Azilal ','MA',0,34),(73,'35',1,'','Benlafkih El idrissi ','Khalil',NULL,'','benlafkihelidrissikhalil@yahoo.fr','0644594735','Rabat','MA',0,35),(74,'36',1,'','Benramel','Mostapha  ',NULL,'Rue 182, N° 4441','beramel_salah@yahoo.fr','0661704841','Kénitra','MA',0,36),(75,'37',1,'','Bensaid ','Ihssane  ',NULL,'Institut Scientifique','ihbensaid@yahoo.fr','','Rabat','MA',0,37),(76,'38',1,'','Berrada ','Kaoutar',NULL,'19, lot. youssra et Zerka/Rte Mehdia H19 Apt 8 Imb H19. Salé','berrada.kaoutar@gmail.com','0656228872','salé','MA',0,38),(77,'39',1,'','BIBOUDEN','SOKAINA',NULL,'AGHBALOU SIDI WASSAY MASSA','sokainatilila@gmail.com','0678091779',' Massa','MA',0,39),(78,'40',1,'','Bona','Saida ',NULL,'','reinedesbaa@gmail.com','0664111103','Marrakech','MA',0,40),(79,'41',1,'','Bouajaja ','Adel ',NULL,'Lot,Dadda, Imm. 43, Appt. 3','abouajaja@grepom.org','0661707658','Salé','MA',0,41),(80,'42',1,'','Bouazzaoui ','Nabila ',NULL,'13, Rue Pékin, N° 13','nbouaz@gmail.com','0665829834','Rabat','MA',0,42),(81,'43',1,'','Boudraa ','Wahiba ',NULL,'Cité champs Manenvre bloc 02, n°14 24000','wahibaboudraa@yahoo.fr','213 770547202','Guelma, Algérie','MA',0,43),(82,'44',1,'','Bouiamrine','El Houcine ',NULL,'Univ. Moulay Ismail','bouiamrine@yahoo.fr','0699302730','Meknès','MA',0,44),(83,'45',1,'','Bouisefar ','Rabie',NULL,'el quoudsse 02 blo 03 NR 118 - Taza','rabiphotoghraphy@gmail.com','06-45590659','Taza','MA',0,45),(84,'46',1,'','Boumaaza ','Mbarek ',NULL,'N°17, Boulevard El Yarmouk','boumaazambarek@yahoo.fr','0666221992','Berkane','MA',0,46),(85,'47',1,'','Boumaaza ','Jihad ',NULL,'N°17, Boulevard El Yarmouk','boumaaza.jihad@gmail.com','0661754498','Berkane','MA',0,47),(86,'48',1,'','Boumedienne ','Ahmed ',NULL,'63, Rue Anoual','ahmedboumediene308@yahoo.fr','0672786973','Ahfir','MA',0,48),(87,'49',1,'','Boumedienne ','Mehdi ',NULL,'63, Rue Anoual','','','Ahfir','MA',0,49),(88,'50',1,'','Bououarour ','Oussama ',NULL,'239 , Secteur hay rahma salé ','oussama.bouarour @gmail.com','0673810367','Salé','MA',0,50),(89,'A609275',1,'','Bourass ','khadija',NULL,'8, rue Mohammedia- hassan - rabat','bourass_khadija@yahoo.fr','0613633387','Rabat','MA',0,51),(90,'52',1,'','Bourass ','abdelhak',NULL,'','','','kenitra','MA',0,52),(91,'53',1,'','Bourouah ','El Bachir ',NULL,'N°18, Rue 19,hay el maamora','bourouahbachir@hotmail.fr','0667276373','Kénitra','MA',0,53),(92,'54',1,'','Bousfiha ','Mohammed ',NULL,'57, Avenue Tadla- aviation -rabat','bousmed@gmail.com','0662521911','Rabat','MA',0,54),(93,'E 112767',1,'','Boussadik','Halima ',NULL,'','bousadik_halima@yahoo.fr','0673062523','Marrakech','MA',0,55),(94,'56',1,'','Boutbaiq ','Bilal ',NULL,'Bloc C 55 - Maghrib Arabi ','','0668233561','Kénitra','MA',0,56),(95,'57',1,'','Bouzaaboul ','Mounir ',NULL,'','','','Kénitra','MA',0,57),(96,'58',1,'','Bouzekry ','Assia ',NULL,'Lycée Charif Idrissi','assiamatf@yahoo.fr','0676917788','Tétouan','MA',0,58),(97,'59',1,'','Chafik ','Mustapha ',NULL,'N° 1154, Secteur 8, Rue Moulouya','chafik_moustapha@yahoo.fr','0670906662','Salé','MA',0,59),(98,'60',1,'','Chakri ','Said ',NULL,'CEET/Ecole Al Quods','aesvt.tanger@yahoo.fr','0661259714','Tanger','MA',0,60),(99,'61',1,'','Chaoui ','Hicham ',NULL,'753 Lot Arssat sala - route de kénitra - salé 11060','hichamchaoui96@yahoo.fr','0653387760','salé','MA',0,61),(100,'62',1,'','Chekrouni ','Nadia ',NULL,'Quartier El Irfane, Rue Errazi, N° 27-  oujda','naadouch1@hotmail.com','0649490791','Oujda','MA',0,62),(101,'63',1,'','Chemlali ','Abderrahmane ',NULL,'','ciconiaberkane@yahoo.fr','0666614774','Berkane','MA',0,63),(102,'64',1,'','Chemlali ','Bouchra ',NULL,'','siconia.com@berkane.com','0666614774','Berkane','MA',0,64),(103,'65',1,'','Cherkaoui ','Sidi Imad  ',NULL,' Résidence Nassim Al Bahr II','imad.cherkaoui@gmail.com','0662383331','Salé','MA',0,65),(104,'66',1,'','Chikri','Khalid ',NULL,'av med ben abderahmane n°14- Tetouan','khalid.chikri@gmail.com','0661212308','Tetouan ','MA',0,66),(105,'67',1,'','Chikri ','Khalid ',NULL,'MOHAMED BEN ABDERRAHMANE N14','khalid.chikri@gmail.com','0661212308','TETOUAN','MA',0,67),(106,'68',1,'','Chillasse ','Lahcen ',NULL,'Univ. Moulay Ismail','chillasse@yahoo.fr','0661514004','Meknès','MA',0,68),(107,'69',1,'','choukri ','rachid ',NULL,'N° 84 bloc D, Asaka , agadir ','choukri.ra@gmail.com','0678449635','Agadir ','MA',0,69),(108,'70',1,'','Cuzin','Fabrice ',NULL,'','fabcuzin@yahoo.fr','','Marrakech','MA',0,70),(109,'71',1,'','Dakki','Lamiaâ ',NULL,'12, rue Souria, Immeuble Jacaranda- rue souria , gueliz - marrakech ','','0661460238','Marrakech','MA',0,71),(110,'72',1,'','Dakki','Najlaâ ',NULL,'22, lotissement Koutoubia II, rte de mehdia , salé ','n.dakki@hotmail.com','0537885652','Salé','MA',0,72),(111,'73',1,'','Dakki','chaimae',NULL,'22, lotissement Koutoubia II , route de kenitra - salé','','','salé','MA',0,73),(112,'C41600',1,'','Dakki ','Mohamed ',NULL,'22, lotissement Koutoubia II , route de kenitra - salé','dakkiisr@gmail.com','0661391281','Salé','MA',0,74),(113,'75',1,'','Dalai','Mohamed ',NULL,'Dir. Provincial des E & F','assiamatf@yahoo.fr','0661367139','Meknès','MA',0,75),(114,'76',1,'','Dehbi','Abdellah ',NULL,'','','','','MA',0,76),(115,'77',1,'','Derqaoui','Lahcen  ',NULL,'IAV Hassan II, B.P. 6202','lderqaoui@yahoo.fr','0668183340','Rabat','MA',0,77),(116,'78',1,'','Derrou ','Abderrahim ',NULL,'Parc national d\'Ifrane','derrou.a@hotmail.fr','0661354597','ifrane','MA',0,78),(117,'79',1,'','Detsouli','Mohamed ',NULL,'','','0661854910','Berkane','MA',0,79),(118,'80',1,'','Douini',' Ikram',NULL,'Laboratoire de gestion et valoridation des ressources en eau,Centre de recherche, Faculté des sciences et techniques de Beni Mellal','ikram.douini@gmail.com','0640581404','Beni Mellal','MA',0,80),(119,'81',1,'','Douiri','My Rachid ',NULL,'N° 291, cité militaire maamoura - salé','douirirachid@hotmail.com','0619577263','Salé','MA',0,81),(120,'82',1,'','Douiri','Sidi Mohamed ',NULL,'N° 291, cité militaire maamoura - salé','douirisidimohamed@gmail.com','0661736081','Salé','MA',0,82),(121,'83',1,'','Drafat','Mohamed ',NULL,'N° 115, Sidi Ahmed Tadli -sefrou','mohammeddrafat@gmail.com','0660433664','Sefrou','MA',0,83),(122,'84',1,'','Ech-charafi','soukaina',NULL,'rue jabal ayachi n°39 - Hay nasser , karia - salé ','soukainacahrafi2005@gmail.com','0668988750','Salé ','MA',0,84),(123,'85',1,'','egmoulane ','meriam',NULL,'lot remel 2 n° 208 ','meryem.igm@gmail.com','06-69755152','inzegane','MA',0,85),(124,'A35681',1,'','El Agbani','Mohammed-Aziz ',NULL,'Av. Ailanthus Q12, Rés. Assalam ','elagbani@hotmail.com','0661391909',' appt 7- hay riad - rabat;Rabat','MA',0,86),(125,'87',1,'','El Alaoui El Fels','Moulay ',NULL,'','elalaoui.elfels@gmail.com','','Marrakech','MA',0,87),(126,'88',1,'','El Allouli','Nabil ',NULL,'623.lot tabjia, maatallah m\'hamid - Marrakech ','nabil.svt@gmail.com ','0666013986','Marrakech','MA',0,88),(127,'89',1,'','El Azzaoui ','Ahmed',NULL,'Centre Ait Amira Chtouka Ait Baha Agadir -87052','ah.elazzaoui@gmail.com','06-99143698','Agadir ','MA',0,89),(128,'90',1,'','el azzaoui ','Ahmed',NULL,'Centre Ait Amira Chtouka Ait Baha Agadir -87052','ah.elazzaoui@gmail.com','06-99143698','Agadir ','MA',0,90),(129,'91',1,'','El Bahi','Fatima Zahra ',NULL,'Hay Al Massira 1, N° 1947 - temara','fatimazahraelbahi@yahoo.fr','0667151343','Témara','MA',0,91),(130,'92',1,'','El Baouchi','Samia ',NULL,'N° 115, Sidi Ahmed Tadli- sefrou','femmesbladidt@yahoo.fr','0660433664','Sefrou','MA',0,92),(131,'93',1,'','El Blidi','Souad ',NULL,'Institut Scientifique','elblidi@yahoo.fr','0661137595','Rabat','MA',0,93),(132,'94',1,'','El Bouni','Ayad ',NULL,'DZEA, Institut Scientifique','ayad_e@yahoo.fr','0668181197','Rabat','MA',0,94),(133,'95',1,'','El Falah','Said ',NULL,'','saidelfalah@gmail.com','0661325301','Rabat','MA',0,95),(134,'96',1,'','El Fatehi','Yassine ',NULL,'65, rue Brahim Roudani, App. N°5, Océan','y.elfatehi@gmail.com','0661696250','Rabat','MA',0,96),(135,'97',1,'','El Fellah','Bouchta ',NULL,'Institut Scientifique','elfellah59@yahoo.fr','0661170305','Rabat','MA',0,97),(136,'98',1,'','El Ghali Khiyati','Mohamed ',NULL,'mohammed.khiati@giz.de;','khiyati@gmail.com','0662174736','Rabat','MA',0,98),(137,'99',1,'','El Ghazi','Choukri ',NULL,'2200 al omrane selouane - Nador ','','0668969914','Nador','MA',0,99),(138,'100',1,'','El Hajhouji ','salah eddine ',NULL,'Dar el hamra rue bouknadel , numero 108- salé','el.hajhouj.salah@gmail.com','0631097986','salé','MA',0,100),(139,'L123822',1,'','El Hammoumi','Rhimou ',NULL,'Faculté des Sciences','rhamoumi@hotmail.com','0667531425','Casablanca','MA',0,101),(140,'102',1,'','El Haoua','mohamed karim',NULL,'','kelhaoua@bmcebank.co.ma','0660541151','','MA',0,102),(141,'103',1,'','El Hassani','Abderahim ',NULL,'N° 620, Lotissement Slaoui','Hassani_gour@hotmail.com','0642191611','Sefrou','MA',0,103),(142,'104',1,'','El Idrissi Essougrati','Abdelaziz ',NULL,'N°88 Bloc D, Ksar Labhar -akkari -rabat','elidrissiaz@yahoo.fr','0623384285','Rabat','MA',0,104),(143,'105',1,'','El Joudy','Hafida',NULL,'Haychafaa, rue rachad n°15 - 11000- salé ','hafida_el3ayla@gmail.com','0632924138','salé','MA',0,105),(144,'106',1,'','El kamcha','reda',NULL,'Amal 5, NR 1604, El massira Cym - Rabat -10000','elkamcha,reda@hotmail,com','0652375987','Rabat','MA',0,106),(145,'107',1,'','El Khamlichi','Rachid  ',NULL,'rachid.cocn@gmail.com;41, Zvenue Houlouane - tetouan','ricardo196be@yahoo.es','0668556385','Tétouan','MA',0,107),(146,'108',1,'','El khettabi ','anissa ',NULL,'avenu Mohamed daoud -534 ','larifinia @yahoo.es ','06-62101279','Tetouan ','MA',0,108),(147,'109',1,'','El khoumsi ','Driss ',NULL,'Ahadaf - Azrou ','driss1953@gmail.com, hadri33@yahoo.fr','0662760027','Azrou','MA',0,109),(148,'110',1,'','El Mahfadi','Afrah',NULL,'','afrahelmahfadi@gmail.com','0672096727','Rabat','MA',0,110),(149,'111',1,'','El Maroufi','Kaoutar ',NULL,'Imm. 19, Appt. 7, Lot. Alarsa-hay chemaou , route kenita -salé','riyadkawtar@gmail.com','0658369344','Salé','MA',0,111),(150,'112',1,'','El Miloudi ','Hind',NULL,'rabat ','hindelmiloudi@hotmail.com','0661527807','rabat ','MA',0,112),(151,'113',1,'','El Moudden','Kaoutar ',NULL,'Lot 75, Appt 6, Houria','tahanoha@hotmail.com','','Kénitra','MA',0,113),(152,'114',1,'','El Mouden','El Hassan ',NULL,'','elmouden@ucam.ac.ma','0672776688','Marrakech','MA',0,114),(153,'115',1,'','El mounssi ','azeddine',NULL,'avenu Mohamed daoud -535','mounssia@yahoo.fr','','Tetouan ','MA',0,115),(154,'116',1,'','El Oualidi','Jalal ',NULL,'','eloualidi@israbat.ac.ma','','rabat','MA',0,116),(155,'117',1,'','El Ouhadi ','kawtar',NULL,'','kawtar-elou@hotmail.com','0662090325','rabat','MA',0,117),(156,'118',1,'','El Rhaffari','Lhoucine ',NULL,'Faculté des Sciences et Techniques- bp 509- boutalamine- errachidia ','elrhaffari@yahoo.fr','0661503145','Errachidia','MA',0,118),(157,'119',1,'','El Yacoubi Khebiza','Mohamed ',NULL,'','','','Marrakech','MA',0,119),(158,'120',1,'','Elazzaoui','Ahmed',NULL,'Centre Ait Amira Chtouka Ait Baha Agadir -87052','ah.elazzaoui@gmail.com','0699143698','Agadir','MA',0,120),(159,'121',1,'','Elbanak','Abdelhak',NULL,'Hay Nahda II- rue beer anzarane','orni_elbanak@yahoo.fr','0658415403',' n 058 tiflet;Tiflet','MA',0,121),(160,'122',1,'','Elkadmiri ','Mohamed',NULL,'','elkadmirimohammed34@gmail.com','06 01 99 17 49','Salé','MA',0,122),(161,'123',1,'','Elmalki ','Siham ',NULL,'Bd. Edakhla, Jamila 3, N° 91 C D-casablanca','elmalki.siham@gmail.com','0666348368','Casablanca','MA',0,123),(162,'124',1,'','Elmansoury ','Mohamed',NULL,'HAY TIGUEMI OUFELLA LOG DE LA MOSQUÉE DCHEIRA','elmansourymohamed9@gmail.com','0600280501','DCHIERA ','MA',0,124),(163,'125',1,'','Errafi','Azdine ',NULL,'N°2, rue 670, Hyam II','azdineerrafi@gmail.com','0660356105','Agadir','MA',0,125),(164,'126',1,'','Essahsseh','Khalid ',NULL,'Lot 75, Appt 6, Houria','esshassahkhalid@hotamail.fr','0662161986','Kénitra','MA',0,126),(165,'127',1,'','Essalai','Karima ',NULL,'N°296 Hay essalam extention 2 sidi said ','Karima.medtaha@gmail.com','0625453597','meknes ','MA',0,127),(166,'128',1,'','Ezzahoum','Moad ',NULL,'21, Lot. Al Fadila -temara ','moad-ezza@hotmail.com','0614488231','Témara','MA',0,128),(167,'129',1,'','Ezzerari ','Ahmed ',NULL,'N°3231 Hay Al wifaq, Temara','zirari4@hotmail.com','0661653478','Temara','MA',0,129),(168,'130',1,'','Fadil','Jihad ',NULL,'Hay Yasmina I, rue 8, N° 28-ain chock -casablanca','fadil.jihad.1990@gmail.com','0611623530','Casablanca','MA',0,130),(169,'131',1,'','Fahmi','Abdelhak',NULL,'Quartier PAM Centre oualidia','abdelhakfahmi@gmail.com','0662016899','Oualidia','MA',0,131),(170,'132',1,'','Ferradous','Abderrahim ',NULL,'','ferabder@yahoo.fr','','Marrakech','MA',0,132),(171,'133',1,'','Filali Zegzouti','Ayoub ',NULL,'IFCS','afilaliz@yahoo.fr','0662270962','Rabat','MA',0,133),(172,'134',1,'','Fouzi Taybi','Abdelkhalek',NULL,'9 rue 29, DEM - Oujda','','','Oujda','MA',0,134),(173,'135',1,'','Gaudin ','Maxime',NULL,'maison n° 75 , Bloc 108- charaf - cp 80000','maxgaudinlaos@yahoo.fr','0661221763','Agadir ','MA',0,135),(174,'136',1,'','Ghanmouni','Hasna',NULL,'résidence assabah , imm ilot 1 n° 8 CYM ','','','Rabat','MA',0,136),(175,'137',1,'','Hachimi','Moulay Driss ',NULL,'Lycée','hadri33@yahoo.fr','0664240518','Meknès','MA',0,137),(176,'138',1,'','Hadrouni','Ali ',NULL,'N° 10, Lot. Saada-rfaif -sefrou ','try-not-tocy@hotmail.com','0610626784','Sefrou','MA',0,138),(177,'139',1,'','Hajbi','Mohammed ',NULL,'110 rue Houmane El Foutwaki','mohamed_hajbi@hotmail.fr','0658397363','Kénitra','MA',0,139),(178,'140',1,'','Hajib','Saïd ',NULL,'Centre de recherches forestière','saidhajib.crf@gmail.com','0664218139','Rabat','MA',0,140),(179,'141',1,'','Hamid','Ahmed ',NULL,'Centre pédagogique Régional','ham_ahad@yahoo.fr','0661419190','Meknès','MA',0,141),(180,'142',1,'','Hamidi','rabie',NULL,'','','','kenitra','MA',0,142),(181,'143',1,'','Hamidi','Salima ',NULL,'Av. Chourade, Rue Chouhdae, N°3 bis','ecolealfousha@hotmail.fr','0536708865','Oujda','MA',0,143),(182,'144',1,'','Hammada ','Soumaya ',NULL,'Faculté des Sciences et Techniques','hsoumaya@hotmail.com','0663004562','Beni Mellal','MA',0,144),(183,'145',1,'','Hamza','Ahmed ',NULL,'','befored_hamza@yahoo.fr','','Meknès','MA',0,145),(184,'146',1,'','Hamza','Abdelwahed ',NULL,'','','','Meknès','MA',0,146),(185,'147',1,'','Hamza','Latifa ',NULL,'Etabliss. Manhal Al Maarifa','latifa.hamza@yahoo.fr, hamzalatifa@yahoo.fr','0668990711','Meknès','MA',0,147),(186,'148',1,'','Hanane','Saad ',NULL,'Centre de recherche forestière','sd_hanan@yahoo.fr','0660125799','Rabat','MA',0,148),(187,'149',1,'','Hassani','Hassan ',NULL,'Secteur 1, n°18 -hay moulay ismail -salé','hhassanihassan@gmail,com','0658914288','Salé','MA',0,149),(188,'150',1,'','Hilmi','Mohammed',NULL,'NR18 av ibnkhaldoun - salé ','mohammed-hilmi@atlook.com','06-37387331','salé ','MA',0,150),(189,'151',1,'','Hilmi ','Mohamed',NULL,'NR 18 AV IBN KHALDOUN SALE','mohammed-hilmi@outlook.com','0637387331','SALE','MA',0,151),(190,'A260730',1,'','Himmi','Oumnia ',NULL,'Institut Scientifique , av ibn battouta bp 703-10106 - agdal -rabat','himmioumnia@yahoo.fr','0666316466','Rabat','MA',0,152),(191,'153',1,'','Idaghdour','Aicha',NULL,'','','','Agadir ','MA',0,153),(192,'154',1,'','Idbaha ','Fatima',NULL,'','idbahafatimzahra@gmail.com','0634921819','Bouizakrane ','MA',0,154),(193,'155',1,'','idsaid','Youssef ',NULL,'hay amal - tagounitte ','bou3iz1989@hotmail.com','638757389','zagoura ','MA',0,155),(194,'156',1,'','Idsaid ','Youssef ',NULL,'HAY ELAMAL TAGOUNITE ZAGOURA','Bou3iz1989@hotmail.com','0 6 38 75 73 89','ZAGOURA','MA',0,156),(195,'157',1,'','IGMOULLAN','MERYEM',NULL,'LOT RMEL 2 N 208/V INEZGANE','MERYEM.IGM@GMAIL.COM','0669755152','AGADIR','MA',0,157),(196,'158',1,'','Imounachen','Bouayad ',NULL,'Rue C1, N° 41','bouayad-59@hotmail.com','0667771293','Oujda','MA',0,158),(197,'159',1,'','Irizi ','Ali ',NULL,'','','','Agadir ','MA',0,159),(198,'160',1,'','Issaoub Allah','Abdellatif ',NULL,'Bd. Joudar Mohamed Ben Abdellah , n 24 hay rahma, casablanca ','battaif1986@gmail.com','0673125795','Casablanca','MA',0,160),(199,'161',1,'','Jebbad','Raghda ',NULL,'Université Mohammed V','jraghda@hotmail.com','0675378702','Kénitra','MA',0,161),(200,'162',1,'','Joulami ','Latifa ',NULL,'Hay El Falah, Rue 7, N° 62-casablanca','joulami.latifa@gmail.com','0662515206','Casablanca','MA',0,162),(201,'163',1,'','Kamtass','Sanaâ',NULL,'33 Cité Oukacha- ain sebaa -casablanca','sanaa.kamtass@hotmail.fr','0674811415','Casablanca','MA',0,163),(202,'164',1,'','Kasbaji','Mohammed ',NULL,'14, rue Tounfit, Sect. 6 Hay Kifah, K.O.M.','Kasbajimohammed@yahoo.fr','0665050573','Salé','MA',0,164),(203,'165',1,'','Kasbaji','mohammed houcine',NULL,'14, rue Tounfit, Sect. 6 Hay Kifah, K.O.M.','kasbaji.houcine@gmail.com','0616220015','Salé','MA',0,165),(204,'166',1,'','Khaled ','Mourad ',NULL,'19 residence ghizlane appt 2 etg 1 hay raha','commarocmourad@gmail.com','0661233076','casablanca','MA',0,166),(205,'167',1,'','khouli','hakima',NULL,'','hakimakhouli@gmail.com','0661499200','el jadida ','MA',0,167),(206,'168',1,'','Kilouli','Mohammed ',NULL,'Hay El Mohamadi','free_stylerm@hotmail.fr','0642391528','Nador','MA',0,168),(207,'169',1,'','Lachguer','Hamid ',NULL,'N° 70, Lot Houria','hamiido@gmail.com','0660642952','Kénitra','MA',0,169),(208,'170',1,'','Lahrouz','Rachid ',NULL,'Imm. 16, Appt. 4, Maghrib Arabi B','rachid-ilyass@hotmail.com','0662543001','Kénitra','MA',0,170),(209,'G242286',1,'','Lahrouz','said  ',NULL,'Lot 75, Appt. 6, Houria - kenitra','lahrouzsaid@hotmail.com','0668117985','Kénitra','MA',0,171),(210,'172',1,'','Lahrouz','Souad ',NULL,'Bloc B3, N°342','lahrouzsaid@hotmail.com','0668117985','Kénitra','MA',0,172),(211,'173',1,'','Lakhal','Abderrahmane ',NULL,'','lakmane@hotmail.com','0662216738','Oujda','MA',0,173),(212,'174',1,'','Lakhal ','Tarik',NULL,'oum hani 5 - Imm 7 , Appt 7 - salé ','tarik_lk@hotmail.com','0668600023','rabat','MA',0,174),(213,'175',1,'','lakhdar','Araibi ',NULL,'','','','','MA',0,175),(214,'176',1,'','Lamkhanter','Hajar ',NULL,'Sidi Otmane, Bloc 28, N° 37','haja.lamkhanter@gmail.com','0644104963','Casablanca','MA',0,176),(215,'177',1,'','lefrere','Latifa ',NULL,'Faculté des Sciences d\'Agadir hay Dakhla,8000- Agadir','l.lefrere@uiz.ac.ma','06-66073159','Agadir ','MA',0,177),(216,'178',1,'','Lekouche','Abdelati ',NULL,'35, Rés. Hajar, Appt. 08 - mimoussa kenitra','lekoucheabdou@hotmail.com','0666883031','Kénitra','MA',0,178),(217,'179',1,'','lemghari','amina',NULL,'','amlamghari-7@hotmail.com','0662653864','Marrakech','MA',0,179),(218,'180',1,'','Lieron','Vincent',NULL,'RES Belle vue , rue ibn zinbaa , 33000, fes','vlieron@ymail.com','0661354598','Fes','MA',0,180),(219,'181',1,'','Louizi','Halima',NULL,'Haouzia, bloc E, n 204 , Kénitra - 14000- kénitra','halima-louizi@hotmail.fr','0614750739','Kénitra','MA',0,181),(220,'182',1,'','Maaloum','hassan',NULL,'quartier administrative assa centre - 81002','hassanmaaloum@gmail.com','0600647263','Assa ','MA',0,182),(221,'183',1,'','Maarouf','Zineb ',NULL,'Jamila 5, rue 168, N° 42 CD','maarouf-zineb@hotmail.com','0665619796','Casablanca','MA',0,183),(222,'184',1,'','Maatallaoui','Abderrahmane ',NULL,'','maatalaoui1967@hotmail.com','0661074136','','MA',0,184),(223,'185',1,'','Madbouhi','Mostafa ',NULL,'Angle Misr-Zemzem , residence souhaila','mostamad@yahoo.fr','0666300451',' appt 31-kenitra; Kénitra','MA',0,185),(224,'186',1,'','Mahboub ','Driss ',NULL,'n°96, Nakhil ,Azrou','driss.mahboub.pni@gmail.com','0661775285','azrou','MA',0,186),(225,'187',1,'','Mahnaoui','Naima ',NULL,'Lot. Houria, Rue 11, N° 6','naima_mahnaoui@hotmail.com','0678653683','Casablanca','MA',0,187),(226,'188',1,'','Maknass ','Abdelilah ',NULL,'Moulay bouselham , centre ','abeleilahmeknes03@gmail.com','0676917017','Molay bousselham','MA',0,188),(227,'189',1,'','Mamouni','Abdellah ',NULL,'N° 86, Lot Hind - ben seffour- sefrou ','mamouni-1975@live.fr','0611120489','Sefrou','MA',0,189),(228,'190',1,'','Mastadi','Saida ',NULL,'Hay El Houda, Rue 8, N° 33','mastadi.saida@gmail.com','0678182547','Casablanca','MA',0,190),(229,'191',1,'','Mattou','Ali ',NULL,'Ouuled oujih - kenitra','??','??','??','MA',0,191),(230,'192',1,'','Mayad ','el hassan',NULL,'Department of Biology, Faculty of Sciences - Agadir. University Ibn Zohr','elhassan.mayad@gmail.com','0661636689','Agadir ','MA',0,192),(231,'193',1,'','Mbarki','Issame ',NULL,'Hay Chrarba','','0626680435','Saidia','MA',0,193),(232,'194',1,'','Mediani','Mohamed ',NULL,'alytes2med@gmail.com;Hay El Mohammadia, rue 219, n° 27 ,Oujda ','mediamed05@yahoo.fr','0673022830','Oujda','MA',0,194),(233,'195',1,'','Melo Juan José','Ramos ',NULL,'C/ Doctor Jordan, 11 C.P. 38470, Los Silos - Iles Canaries','jramos@birdingcanarias.com','','Espagne','MA',0,195),(234,'196',1,'','Menioui','Mohamed ',NULL,'91, Avenue Houmane Fetouaki- aviation -rabat','mohamed.menioui@gmail.com','0662383852','Rabat','MA',0,196),(235,'197',1,'','Merzoug ','Sayfeddine ',NULL,'Cité Fares Saâdane Bloc 22 A n° 09','thebiologiste_boy@hotmail.com','00213 774529742','Guelma 24000','MA',0,197),(236,'198',1,'','Mesbah','Issam',NULL,'délégation de la ministère de santé province de chefchaouen',' broca.torpido@hotmail.fr','06- 59201485','chefchaouen','MA',0,198),(237,'199',1,'','Messouli','Mohamed ',NULL,'','messouli@gmail.com','','Marrakech','MA',0,199),(238,'200',1,'','Mezane ','Brahim',NULL,'BP. 62 - Rissani','desertbirds@live.fr','0629955657 ','Rissani ','MA',0,200),(239,'201',1,'','Meziane','Amhend ',NULL,'Rue 42, Bouhdila','mr.mezian@gmail.com','0668875641','Berkane','MA',0,201),(240,'202',1,'','Mhammdi','Nadia ',NULL,'Institut Scientifique','nmhammdif@yahoo.com','0667043869','Rabat','MA',0,202),(241,'203',1,'','Mokhtari','Soraya ',NULL,'','sorayamokhtari13@hotmail.com','','Marrakech','MA',0,203),(242,'204',1,'','Mouhajir ','Kaoutar',NULL,'Bayet al maarifa , avenue allal al fassi -madinat irfane- rabat','kaoutar.biogeco@gmail.com','0611063428','Rabat','MA',0,204),(243,'205',1,'','Moujjane','aicha',NULL,'','marjanabis@yahoo.fr','0667282805','rabat','MA',0,205),(244,'206',1,'','Mounir','Mohamed',NULL,'Rmila bloc 3 N 91- 23000- Beni Mellal ',' mohamed_m01@hotmail.fr','0667420574','Beni Mellal','MA',0,206),(245,'207',1,'','Moussa','Karima ',NULL,'45, Av. Mohamed Diouri, N°10','moussakarima@gmail.com','0660548427','Kénitra','MA',0,207),(246,'208',1,'','Moutaoufik','Khadija',NULL,'18 Rue 836 cité Al Massira','khadija.moutaoufik@gmail.com','0762546559','AGADIR','MA',0,208),(247,'209',1,'','Moutaouifik','khadija',NULL,'18 rue 836 - cité el acira ','khadija.Moutaouifik@gmail.com','07-62546559','Agadir ','MA',0,209),(248,'210',1,'','Mouttaqi','Hajr ',NULL,'Rue 424, Bloc A','ingenieurlarbi@yahoo.fr','0618451155','Kénitra','MA',0,210),(249,'211',1,'','Mouttaqi','Larbi ',NULL,'Rue 424, Bloc A','ingenieurlarbi@yahoo.fr','0618451155','Kénitra','MA',0,211),(250,'212',1,'','Mouttaqi','Mohamed Anas ',NULL,'Rue 424, Bloc A','ingenieurlarbi@yahoo.fr','0618451155','Kénitra','MA',0,212),(251,'213',1,'','Mrigua','Mohammed',NULL,'','','','','MA',0,213),(252,'214',1,'','Mrigua','said',NULL,'','','','','MA',0,214),(253,'215',1,'','Naâmi','Nadia ',NULL,'Anassi 27A Zntrée 12, N° 160- casablanca','la-princesse-des-tenebres@hotmail.fr','0630157799','Casablanca','MA',0,215),(254,'216',1,'','Nachid','Naïm ',NULL,'Cité Massira 2, Bloc 12, Ap. n° 15','nachid_naim@yahoo.fr','0661359804','Rabat','MA',0,216),(255,'217',1,'','Nassila','Oussama ',NULL,'N°22 Bloc AB El Houzia','Nassilad63@gmail,com','0668694291','Kénitra','MA',0,217),(256,'218',1,'','Nechad ','Imane ',NULL,'N°7 rue Sara II, Nargiss B, Bd Rahma, route de Sefrou','imanenechad5@hotmail.com','','Fès','MA',0,218),(257,'219',1,'','Otmane','Lahcen ',NULL,'22, lotissement Koutoubia II','','0537885652',' rte de mehdia , salé ;Salé','MA',0,219),(258,'220',1,'','Otmane','Youssef ',NULL,'1094, rue Essaâda','sysdis@gmail.com','0661645187','Salé','MA',0,220),(259,'221',1,'','ouacha','lahcen',NULL,'','','','Rissani ','MA',0,221),(260,'222',1,'','Ouakrim','Latifa',NULL,'Lycée Roi Fahd','izza_amaz@hotmail.com','0666566799','Tanger','MA',0,222),(261,'BL 66150',1,'','Ouassou ','Asmaa ',NULL,'11 rue mouaffak eddine , res ismail etage 3 appt 8, quartier des hopitaux -casablanca','asmaa.ouassou@gmail.com','0665490546','Casablanca','MA',0,223),(262,'224',1,'','Ouassou ','mohamed',NULL,'12 rue mouaffak eddine , res ismail etage 3 appt 8, quartier des hopitaux -casablanca','mozamoham@gmail.com','0667077483','Casablanca','MA',0,224),(263,'225',1,'','Ouassou ','zakaria',NULL,'13 rue mouaffak eddine , res ismail etage 3 appt 8, quartier des hopitaux -casablanca','zakaria_ouassou@msn.com','0660165489','Casablanca','MA',0,225),(264,'226',1,'','Ouibimah','Abdessamad',NULL,' Hay izlafen Azilal- 22000- Azilal',' abdessamad8fstb@gmail.com','0673345450','Azilal ','MA',0,226),(265,'227',1,'','Ouizagane ','Anouar ',NULL,'N°4, Bloc 9, lot Ghita 1','anouarouizgane@hotmail.fr','0668102460','Béni Mellal','MA',0,227),(266,'228',1,'','Oukannou ','Lahcen',NULL,'Parc national d\'Ifrane','oukannou_lahcen@yahoo.fr','0662145474','Azrou','MA',0,228),(267,'229',1,'','Ounir','Hammou',NULL,'','','','','MA',0,229),(268,'A 181852',1,'','Qninba','Abdeljebbar ',NULL,'Cité Intilak, Imm. 1, Appt. 1- agdal -rabat','qninba_abdel59@yahoo.fr','0661184823','Rabat','MA',0,230),(269,'231',1,'','Rabach','Lahcen ',NULL,'','rabachlahcen@gmail.com','06-61565259','errachidia ','MA',0,231),(270,'A 85562',1,'','Radi','Mohammed',NULL,'Assif C N° 36 ','radibam@hotmail.com','','Marrakech','MA',0,232),(271,'233',1,'','Rahmani','Abdelmajid ',NULL,'','maidaqua@hotmail.com','0661604696','Oujda','MA',0,233),(272,'234',1,'','Rami','Mostapha',NULL,'39 hay saad khemisset -15020','mostafarami91@gmail.com','0633261979','khemisset ','MA',0,234),(273,'M 104183',1,'','Rihane','Abdesslam ',NULL,'B.P. 76, Beni Yakhlef- mohammedia','abdeslam_rihane@yahoo.fr','0676427587','Mohammedia','MA',0,235),(274,'236',1,'','Rochdane','Rochdane',NULL,'','rochdane@yahoo.fr','','Marrakech','MA',0,236),(275,'237',1,'','Saada','Mohamed',NULL,'','','','','MA',0,237),(276,'238',1,'','Saddiki','Mohamed ',NULL,'25, rue Meknès, hay el hassani - berkane','saddikmohammed@gmail.com','0615192239','Berkane','MA',0,238),(277,'239',1,'','Sadik ','Mohammed ',NULL,'Eaux et forets, Azrou','sadikmohammed53@yahoo.fr','0661047206','Azrou','MA',0,239),(278,'240',1,'','Sadki ','Issam',NULL,'N°339 Bloc D3 cité dakhla AGADIR',' i.sadki@uiz.ac.ma','0661631289','Agadir ','MA',0,240),(279,'241',1,'','Saidi','Maryem ',NULL,'Hay El Messoudia, Rue 36, N° 23 C D','maryemsaidi51@gmail.com','0665175342','Casablanca','MA',0,241),(280,'242',1,'','Sallak','Bouchaib',NULL,'Dref Moyen Atlas','sallak.bouchaib@gmail.com','0669349449','Meknès','MA',0,242),(281,'243',1,'','sbihi ','Fatima Zahra ',NULL,'hay chemaou n° 12 Salé ','fati.zahra.sbihi@gmail.com','0622060022','salé ','MA',0,243),(282,'244',1,'','Schmitt ','Gerard ',NULL,'Le village Eourres 05300','g.schmitt@free.fr','0689183377','France','MA',0,244),(283,'245',1,'','Selmaoui','Najat ',NULL,'Avenue Mohamed V','montreal58@hotmail.fr','0670814186','Kénitra','MA',0,245),(284,'246',1,'','Semmar','Hicham ',NULL,'12, rue Souria, Immeuble Jacaranda , rue souria , gueliz -marrakech ','semmar-hicham@hotmail.fr','0661245767','Marrakech','MA',0,246),(285,'247',1,'','Taibi','Wissam ',NULL,'141, Marjane 4','wissam3200@gmail.com','0662640635','Meknès','MA',0,247),(286,'248',1,'','Tamadouni','Iradati ',NULL,'IS ','iradati_tamadouni@yahoo.fr','0698962713','Rabat','MA',0,248),(287,'249',1,'','Tamraoui ','youness',NULL,'','','','Agadir ','MA',0,249),(288,'250',1,'','Tejjeni','Yahya ',NULL,'N°8, Rue El Israe','tejj118@yahoo.fr','0666059120','Berkane','MA',0,250),(289,'251',1,'','Tejjeni ','Soufiane ',NULL,'N°8, Rue El Israe','','','Berkane','MA',0,251),(290,'252',1,'','Touil','Soufiane',NULL,'537 rue mahdia hay magreb arabi','souftouil78@gmail.com','0661472530','Bouarfa','MA',0,252),(291,'253',1,'','Touil ','Soufiane ',NULL,'537 rue mahdia - hay maghreb arabi ','souftouil78@gmail.com','06-61472530','Bouarfa ','MA',0,253),(292,'254',1,'','Touzani','Houari ',NULL,'BP 1279- Nador ','','066483854','Nador ','MA',0,254),(293,'255',1,'','Wissalmane ','Hayat ',NULL,'N°32 rue 13 Hay Hassani','wissalmane.hayat@gmail.com','0675736029','Casablanca','MA',0,255),(294,'256',1,'','Yaquoubi','Abdelkader ',NULL,'oujda','yaqo2005@yahoo.fr','0676944392','Oujda','MA',0,256),(295,'257',1,'','Zair','Iatimad ',NULL,'Lot. Sanabil, N° 26','amouda2@gmail.com','0668895685','Salé','MA',0,257),(296,'258',1,'','Zejjari','Moncef',NULL,'10 rue jabal seroua hay nasr karia ','zejjarimoncef@gmail.com','0658982519','Rabat','MA',0,258),(297,'259',1,'','Zerdeb','Abdelhak ',NULL,'Lycée Khawarizmi','zerdeba@yahoo.fr','0667332181','Tanger','MA',0,259),(298,'260',1,'','Zerrouk','Mariam',NULL,'384 diour jdad bni m\'hamed sebata- meknes ','mariam.meknes@gmail.com','0613859803','meknes ','MA',0,260),(299,'261',1,'','Zidane','Yaacoub ',NULL,'Imm. 45, Appt. 10, Rés. Al Boustane- hay el fath -rabat','zizo1992@live.fr','0645759575','Rabat','MA',0,261),(300,'262',1,'','zidani','oumkaltoum',NULL,'','','','casablanca','MA',0,262),(301,'263',1,'','Zine','Nasser-Eddine ',NULL,'Univ. Moulay Ismail','nzine1956@gmail.com','0667679225','Meknès','MA',0,263),(302,'264',1,'','Ziti','Soumia ',NULL,'Cité Wahda, Rue Beni Saleh, N°12','ziti.soumia@gmail.com','0623476736','Salé','MA',0,264),(303,'265',1,'','zizoune','asmae',NULL,'Dar el hamra rue bouknadel , numero 108- salé','asmae.zinoune@gmail.com','0612928230','salé','MA',0,265),(304,'266',1,'','Znari','Mohamed ',NULL,'','znarim@gmail.com','','Marrakech','MA',0,266),(550,'AB653606',1,'+212','Boulahia ','Adel',NULL,'80 , Rue Ben khiran , Hay Ouahda , El karia','','','Salé','MA',NULL,NULL);
/*!40000 ALTER TABLE `personnes_copy` ENABLE KEYS */;
UNLOCK TABLES;

--
-- Table structure for table `personnetypes`
--

DROP TABLE IF EXISTS `personnetypes`;
/*!40101 SET @saved_cs_client     = @@character_set_client */;
/*!40101 SET character_set_client = utf8 */;
CREATE TABLE `personnetypes` (
  `id` int(10) unsigned NOT NULL AUTO_INCREMENT,
  `type_personne` varchar(255) COLLATE utf8_unicode_ci NOT NULL,
  PRIMARY KEY (`id`)
) ENGINE=InnoDB AUTO_INCREMENT=3 DEFAULT CHARSET=utf8 COLLATE=utf8_unicode_ci;
/*!40101 SET character_set_client = @saved_cs_client */;

--
-- Dumping data for table `personnetypes`
--

LOCK TABLES `personnetypes` WRITE;
/*!40000 ALTER TABLE `personnetypes` DISABLE KEYS */;
INSERT INTO `personnetypes` VALUES (1,'Adhérent'),(2,'Salarié');
/*!40000 ALTER TABLE `personnetypes` ENABLE KEYS */;
UNLOCK TABLES;

--
-- Table structure for table `presences`
--

DROP TABLE IF EXISTS `presences`;
/*!40101 SET @saved_cs_client     = @@character_set_client */;
/*!40101 SET character_set_client = utf8 */;
CREATE TABLE `presences` (
  `id` int(10) unsigned NOT NULL AUTO_INCREMENT,
  `reunion_id` int(11) NOT NULL,
  `personne_id` int(11) NOT NULL,
  `created_at` timestamp NULL DEFAULT NULL,
  `updated_at` timestamp NULL DEFAULT NULL,
  `deleted_at` timestamp NULL DEFAULT NULL,
  PRIMARY KEY (`id`)
) ENGINE=InnoDB DEFAULT CHARSET=utf8 COLLATE=utf8_unicode_ci;
/*!40101 SET character_set_client = @saved_cs_client */;

--
-- Dumping data for table `presences`
--

LOCK TABLES `presences` WRITE;
/*!40000 ALTER TABLE `presences` DISABLE KEYS */;
/*!40000 ALTER TABLE `presences` ENABLE KEYS */;
UNLOCK TABLES;

--
-- Table structure for table `procedures`
--

DROP TABLE IF EXISTS `procedures`;
/*!40101 SET @saved_cs_client     = @@character_set_client */;
/*!40101 SET character_set_client = utf8 */;
CREATE TABLE `procedures` (
  `id` int(11) NOT NULL AUTO_INCREMENT,
  `nom_procedure` varchar(255) NOT NULL,
  `description_procedure` varchar(255) DEFAULT NULL,
  PRIMARY KEY (`id`)
) ENGINE=InnoDB AUTO_INCREMENT=4 DEFAULT CHARSET=utf8;
/*!40101 SET character_set_client = @saved_cs_client */;

--
-- Dumping data for table `procedures`
--

LOCK TABLES `procedures` WRITE;
/*!40000 ALTER TABLE `procedures` DISABLE KEYS */;
INSERT INTO `procedures` VALUES (1,'Statut',NULL),(2,'Règlement intérieur','Règlement intérieur de l\'association GREPOM'),(3,'Manuel de procédures',NULL);
/*!40000 ALTER TABLE `procedures` ENABLE KEYS */;
UNLOCK TABLES;

--
-- Table structure for table `professions`
--

DROP TABLE IF EXISTS `professions`;
/*!40101 SET @saved_cs_client     = @@character_set_client */;
/*!40101 SET character_set_client = utf8 */;
CREATE TABLE `professions` (
  `id` int(11) NOT NULL AUTO_INCREMENT,
  `nom_profession` varchar(200) NOT NULL,
  PRIMARY KEY (`id`)
) ENGINE=InnoDB AUTO_INCREMENT=53 DEFAULT CHARSET=latin1;
/*!40101 SET character_set_client = @saved_cs_client */;

--
-- Dumping data for table `professions`
--

LOCK TABLES `professions` WRITE;
/*!40000 ALTER TABLE `professions` DISABLE KEYS */;
INSERT INTO `professions` VALUES (1,'Enseignant'),(2,'Administrateur'),(3,'Gérant de société'),(4,'Enseignant-chercheur'),(5,'Etudiant'),(6,'DAF'),(7,'Ingénieur en chef'),(8,'Fonctionnaire'),(9,'Ingenieur'),(10,'Assistante administrative et comptable'),(11,'Doctorant'),(12,'Photographe'),(13,'Enseignant Agrégé'),(14,'Ingénieur Informaticien'),(15,'Elève'),(16,'Docteur'),(17,'Entrepreneur'),(18,'Médecin Nutritioniste'),(19,'Infographiste'),(20,'Dir. Provincial des E&F'),(21,'Statisticien'),(22,'Ingénieur au eaux et foret'),(23,'Formatrice en communication'),(24,'Technicien'),(25,'Directeur Bureau d\'Etudes'),(26,'Expert Environnement'),(27,'Banquier'),(28,'Médecin Vétérinaire'),(29,'Commissaire Judiciaire'),(30,'Cadre de société'),(31,'Inspecteur de l\'ensegnement'),(32,'Responsable commercial'),(33,'Cadre commercial'),(34,'Responsable Institut français'),(35,'Directeur'),(36,'Directrice Ecole'),(37,'Biologiste'),(38,'Technitien forestier'),(39,'Enseignant-assistant'),(40,'Ornithologue'),(41,'Medecin'),(42,'Accompagnateur en écotourisme'),(43,'Manager en hotellerie'),(44,'Cadre au parc national d ifrane'),(45,'Cadre à l\'ADZOA'),(46,'Master'),(47,'PESA'),(48,'Pharmacien'),(49,'Ingénieur d\'étude'),(50,'Technicien Ecologie'),(51,'Salariée'),(52,'Assistante conservateur - herbier rabat');
/*!40000 ALTER TABLE `professions` ENABLE KEYS */;
UNLOCK TABLES;

--
-- Table structure for table `projets`
--

DROP TABLE IF EXISTS `projets`;
/*!40101 SET @saved_cs_client     = @@character_set_client */;
/*!40101 SET character_set_client = utf8 */;
CREATE TABLE `projets` (
  `id` int(11) NOT NULL AUTO_INCREMENT,
  `titre` varchar(200) NOT NULL,
  `code` varchar(255) NOT NULL,
  `bf_id` int(11) DEFAULT NULL,
  `description` varchar(255) NOT NULL,
  `date_proposition` date NOT NULL,
  `date_acceptation` date DEFAULT NULL,
  PRIMARY KEY (`id`),
  UNIQUE KEY `code` (`code`)
) ENGINE=InnoDB AUTO_INCREMENT=21 DEFAULT CHARSET=latin1;
/*!40101 SET character_set_client = @saved_cs_client */;

--
-- Dumping data for table `projets`
--

LOCK TABLES `projets` WRITE;
/*!40000 ALTER TABLE `projets` DISABLE KEYS */;
INSERT INTO `projets` VALUES (13,'Projet2','code2',10,'description','2017-06-07','2017-08-02'),(14,'Projet1 test','code1',12,'description test','2017-09-11','2017-09-14'),(20,'Projet3','code3',15,'description','2017-04-23','2017-04-27');
/*!40000 ALTER TABLE `projets` ENABLE KEYS */;
UNLOCK TABLES;

--
-- Table structure for table `provinces`
--

DROP TABLE IF EXISTS `provinces`;
/*!40101 SET @saved_cs_client     = @@character_set_client */;
/*!40101 SET character_set_client = utf8 */;
CREATE TABLE `provinces` (
  `Name` varchar(35) COLLATE utf8_unicode_ci NOT NULL,
  `Country` varchar(4) COLLATE utf8_unicode_ci NOT NULL,
  `Population` int(11) DEFAULT NULL,
  `Area` float DEFAULT NULL,
  `Capital` varchar(35) COLLATE utf8_unicode_ci DEFAULT NULL,
  `CapProv` varchar(35) COLLATE utf8_unicode_ci DEFAULT NULL,
  PRIMARY KEY (`Name`,`Country`)
) ENGINE=InnoDB DEFAULT CHARSET=utf8 COLLATE=utf8_unicode_ci;
/*!40101 SET character_set_client = @saved_cs_client */;

--
-- Dumping data for table `provinces`
--

LOCK TABLES `provinces` WRITE;
/*!40000 ALTER TABLE `provinces` DISABLE KEYS */;
INSERT INTO `provinces` VALUES ('Aali an Nil','SUD',1599605,238792,'Malakal','Aali an Nil'),('Aberconwy and Colwyn','GB',110700,1130,'Colwyn Bay','Aberconwy and Colwyn'),('Abruzzo','I',1263000,10794,'LAquila','Abruzzo'),('Abu Dhabi','UAE',670000,67350,NULL,NULL),('Acre','BR',483483,153149,'Rio Branco','Acre'),('Ad Tamim','IRQ',592869,10282,'Kirkuk','Ad Tamim'),('Adamaoua','CAM',495200,63691,'Ngaoundere','Adamaoua'),('Adana','TR',1934907,17253,'Adana','Adana'),('Adiyaman','TR',513131,7614,'Adiyaman','Adiyaman'),('Afghanistan','AFG',22664136,NULL,'Kabul','Afghanistan'),('Afyon','TR',739223,14230,'Afyon','Afyon'),('AG','CH',528887,1403,'Aarau','AG'),('Agri','TR',437093,11376,'Agri','Agri'),('Aguascalientes','MEX',862720,5589,'Aguascalientes','Aguascalientes'),('Ahal','TM',416400,0,'Ashgabat','Ahal'),('AI','CH',14750,172,'Appenzell','AI'),('Aichi','J',6868336,5138,'Nagoya','Aichi'),('Ajman','UAE',64000,64,NULL,NULL),('Akershus','N',393217,NULL,'Oslo','Oslo'),('Akita','J',1213667,11612,'Akita','Akita'),('Aksaray','TR',326399,7626,'Aksaray','Aksaray'),('Al Anbar','IRQ',817868,138501,'Ar Ramadi','Al Anbar'),('Al Basrah','IRQ',872211,19070,'Al Basrah','Al Basrah'),('Al Fujayrah','UAE',54000,1150,NULL,NULL),('al Istiwaiyah','SUD',1406181,197969,'Juba','al Istiwaiyah'),('al Khartum','SUD',1802299,28165,'Khartoum','al Khartum'),('Al Muthanna','IRQ',312911,51740,'As Samawah','Al Muthanna'),('Al Qadisiyah','IRQ',560797,8153,'Diwaniyah','Al Qadisiyah'),('Alabama','USA',4319154,133915,'Montgomery','Alabama'),('Alagoas','BR',2637843,27933,'Maceio','Alagoas'),('Alajuela','CR',569984,9753,'Alajuela','Alajuela'),('Aland','SF',23000,NULL,'Mariehamn','Aland'),('Alaska','USA',609311,1530690,'Juneau','Alaska'),('Alba','RO',428000,6231,'Alba Iulia','Alba'),('Albania','AL',3249136,NULL,'Tirane','Albania'),('Alberta','CDN',2696826,661185,'Edmonton','Alberta'),('Algarve','P',340100,4960,'Faro','Algarve'),('Algeria','DZ',29183032,NULL,'Algier','Algeria'),('Almaty','KAZ',963100,105700,'Almaty','Almaty (munic.)'),('Almaty (munic.)','KAZ',1172400,0,'Almaty','Almaty (munic.)'),('Alsace','F',1624000,8280,'Strasbourg','Alsace'),('Altayskiy kray','R',2690100,169100,'Barnaul','Altayskiy kray'),('Alvsborg','S',444259,11395,'Vanersborg','Alvsborg'),('Amapa','BR',373994,143453,'Macapa','Amapa'),('Amasya','TR',357191,5520,'Amasya','Amasya'),('Amazonas','BR',2390102,1577820,'Manaus','Amazonas'),('Amazonas','CO',39937,109665,'Leticia','Amazonas'),('Amazonas','PE',374587,39249,'Chachapoyas','Amazonas'),('Amazonas','YV',94590,175750,'Puerto Ayacucho','Amazonas'),('American Samoa','AMSA',65628,NULL,'Pago Pago','American Samoa'),('Amurskaya oblast','R',1037800,363700,'Blagoveshchensk','Amurskaya oblast'),('An Najaf','IRQ',583493,28824,'An Najaf','An Najaf'),('Anatoliki Makedhonia kai Thraki','GR',574308,14157,'Komotini','Anatoliki Makedhonia kai Thraki'),('Ancash','PE',1024398,35825,'Huaraz','Ancash'),('Andalusia','E',7053043,87600,'Sevilla','Andalusia'),('Andaman and Nicobar Is.','IND',280661,8249,'Port Blair','Andaman and Nicobar Is.'),('Andhra Pradesh','IND',66508008,275045,'Hyderabad','Andhra Pradesh'),('Andijon','UZB',1899000,4200,'Andijon','Andijon'),('Andorra','AND',72766,NULL,'Andorra la Vella','Andorra'),('Anglesey','GB',68500,719,'Llangefni','Anglesey'),('Anguilla','AXA',14436,NULL,'The Valley','Anguilla'),('Anhui','TJ',59550000,139000,'Hefei','Anhui'),('Ankara','TR',3236626,25706,'Ankara','Ankara'),('Antalya','TR',1132211,20591,'Antalya','Antalya'),('Antananarivo','RM',3195800,58283,'Antananarivo','Antananarivo'),('Antigua and Barbuda','AG',65647,NULL,'Saint Johns','Antigua and Barbuda'),('Antioquia','CO',4067207,63612,'Medellin','Antioquia'),('Antsiranana','RM',689800,43046,'Antsiranana','Antsiranana'),('Antwerp','B',1610695,2867,'Antwerp','Antwerp'),('Anzoategui','YV',1034311,43300,'Barcelona','Anzoategui'),('Aomori','J',1481663,9619,'Aomori','Aomori'),('Apure','YV',382572,76500,'San Fernando','Apure'),('Apurimac','PE',409630,20895,'Abancay','Apurimac'),('Aqmola','KAZ',845700,92000,'Aqmola','Aqmola'),('Aqtobe','KAZ',752800,300600,'Aqtobe','Aqtobe'),('Aquitaine','F',2796000,41309,'Bordeaux','Aquitaine'),('AR','CH',54104,242,'Herisau','AR'),('Arad','RO',507000,7652,'Arad','Arad'),('Aragon','E',1183576,47720,'Zaragoza','Aragon'),('Aragua','YV',1344099,7014,'Maracay','Aragua'),('Arauca','CO',89972,23818,'Arauca','Arauca'),('Arbil','IRQ',742538,14471,'Arbil','Arbil'),('Arequipa','PE',999851,63345,'Arequipa','Arequipa'),('Arges','RO',678000,6801,'Pitesti','Arges'),('Arizona','USA',4554966,295259,'Phoenix','Arizona'),('Arkansas','USA',2522819,137754,'Little Rock','Arkansas'),('Arkhangelskaya oblast','R',1520800,587400,'Arkhangelsk','Arkhangelskaya oblast'),('Armenia','ARM',3463574,NULL,'Yerevan','Armenia'),('Artvin','TR',212833,7436,'Artvin','Artvin'),('Aruba','ARU',103065,NULL,'Oranjestad','Aruba'),('Arunachal Pradesh','IND',864558,83743,'Itanagar','Arunachal Pradesh'),('Arusha','EAT',1351700,82306,'Arusha','Arusha'),('As Sulaymaniyah','IRQ',942513,17023,'As Sulaymaniyah','As Sulaymaniyah'),('ash Shamaliyah','SUD',1083024,476040,'ad Damir','ash Shamaliyah'),('Ash Shariqah','UAE',269000,2600,NULL,NULL),('ash Sharqiyah','SUD',2208209,334074,'Kassala','ash Sharqiyah'),('Assam','IND',22414322,78438,'Dispur','Assam'),('Astrakhanskaya oblast','R',1028900,44100,'Astrakhan','Astrakhanskaya oblast'),('Asturias','E',1083388,10604,'Oviedo','Asturias'),('Aswan','ET',883000,679,'Aswan','Aswan'),('Asyut','ET',2456000,1553,'Asyut','Asyut'),('Atlantico','CO',1478213,3388,'Barranquilla','Atlantico'),('Atlantida','HCA',263700,4251,'La Ceiba','Atlantida'),('Attiki','GR',3522769,3808,'Athens','Attiki'),('Atyrau','KAZ',459600,118600,'Atyrau','Atyrau'),('Aust Agder','N',94688,NULL,'Arendal','Aust Agder'),('Australia Capital Territory','AUS',304100,2452,'Canberra','Australia Capital Territory'),('Auvergne','F',1321000,26013,'Clermont Ferrand','Auvergne'),('Aveiro','P',656000,2808,'Aveiro','Aveiro'),('Avon','GB',962000,1346,'Bristol','Avon'),('Ayacucho','PE',517397,43814,'Ayacucho','Ayacucho'),('Aydin','TR',824816,8007,'Aydin','Aydin'),('Ayeyarwady','MYA',4994100,35138,'Pathein','Ayeyarwady'),('Azarbayian e Gharbt','IR',2284208,38850,'Orumiyeh','Azarbayian e Gharbt'),('Azarbayian e Sharqi','IR',4420343,67102,'Tabriz','Azarbayian e Sharqi'),('Azerbaijan','AZ',7676953,NULL,'Baku','Azerbaijan'),('Azores','P',236700,2247,'Ponta Delgada','Azores'),('Babil','IRQ',1108773,6468,'Al Hillah','Babil'),('Bacau','RO',731000,6606,'Bacau','Bacau'),('Bacs Kiskun','H',540800,8363,'Kecskemet','Bacs Kiskun'),('Badakhshoni Kuni','TAD',167100,63700,'Khorugh','Badakhshoni Kuni'),('Baden Wurttemberg','D',10272069,35742,'Stuttgart','Baden Wurttemberg'),('Baghdad','IRQ',4648609,734,'Baghdad','Baghdad'),('Bago','MYA',3799800,39404,'Bago','Bago'),('Bahamas','BS',259367,NULL,'Nassau','Bahamas'),('Bahia','BR',12531895,567295,'Salvador','Bahia'),('Bahr al Ghazal','SUD',2265510,200894,'Waw','Bahr al Ghazal'),('Bahrain','BRN',590042,NULL,'Manama','Bahrain'),('Baja California','MEX',2112140,70113,'Mexicali','Baja California'),('Baja California Sur','MEX',375494,73677,'La Paz','Baja California Sur'),('Bakhtaran','IR',1622159,23667,'Bakhtaran','Bakhtaran'),('Balearic Islands','E',736865,4992,'Palma de Mallorca','Balearic Islands'),('Balikesir','TR',973314,14292,'Balikesir','Balikesir'),('Balkan','TM',925500,233900,'Nebitdag','Balkan'),('Bandundu','ZRE',4644758,295658,'Bandundu','Bandundu'),('Bangladesh','BD',123062800,NULL,'Dhaka','Bangladesh'),('Baranya','H',417100,4487,'Pecs','Pecs (munic.)'),('Barbados','BDS',257030,NULL,'Bridgetown','Barbados'),('Barinas','YV',519197,35200,'Barinas','Barinas'),('Bas Zaire','ZRE',2158595,53920,'Matadi','Bas Zaire'),('Basilicata','I',611000,9992,'Potenza','Basilicata'),('Basque Country','E',2075561,7235,'Vitoria Gasteiz','Basque Country'),('Basse Normandie','F',1391000,17589,'Caen','Basse Normandie'),('Batman','TR',344669,4694,'Batman','Batman'),('Batys Qazaqstan','KAZ',669800,151300,'Oral','Batys Qazaqstan'),('Bayburt','TR',107330,3652,'Bayburt','Bayburt'),('Bayern','D',11921944,70546,'Munich','Bayern'),('BE','CH',941952,5960,'Bern','BE'),('Bedfordshire','GB',534300,1235,'Bedford','Bedfordshire'),('Beijing (munic.)','TJ',11250000,16800,'Beijing','Beijing (munic.)'),('Beja','P',167900,10225,'Beja','Beja'),('Bekes','H',404000,5632,'Bekescaba','Bekes'),('Belarus','BY',10415973,NULL,'Minsk','Belarus'),('Belgorodskaya oblast','R',1469100,27100,'Belgorod','Belgorodskaya oblast'),('Belize','BZ',219296,NULL,'Belmopan','Belize'),('Bengo','ANG',166000,31371,'Caxito','Bengo'),('Benguela','ANG',644000,31788,'Benguela','Benguela'),('Beni Suef','ET',1586000,1322,'Beni Suef','Beni Suef'),('Benin','BEN',5709529,NULL,'Porto-Novo','Benin'),('Berkshire','GB',752500,1259,'Reading','Berkshire'),('Berlin','D',3472009,889,'Berlin','Berlin'),('Bermuda','BERM',67837,NULL,'Hamilton','Bermuda'),('Bhutan','BHT',1822625,NULL,'Thimphu','Bhutan'),('Bialostockie','PL',697000,10055,'Bialystok','Bialostockie'),('Bialskopodlaskie','PL',306700,5348,'Biala Podlaska','Bialskopodlaskie'),('Bie','ANG',1125000,70314,'Bie','Bie'),('Bielskie','PL',911500,3704,'Bielsko Biala','Bielskie'),('Bihar','IND',86374465,173877,'Patna','Bihar'),('Bihor','RO',660000,7535,'Oradea','Bihor'),('Bilecik','TR',175526,4307,'Bilecik','Bilecik'),('Bingol','TR',250966,8125,'Bingol','Bingol'),('Bistrita Nasaud','RO',328000,5305,'Bistrita','Bistrita Nasaud'),('Bitlis','TR',330115,6707,'Bitlis','Bitlis'),('BL','CH',252331,517,'Liestal','BL'),('Blaenau Gwent','GB',73300,109,'Ebbw Vale','Blaenau Gwent'),('Blekinge','S',151168,2941,'Karlskrona','Blekinge'),('Bocas del Toro','PA',88400,8745,'Bocas del Toro','Bocas del Toro'),('Bolivar','CO',1288985,25978,'Cartagena','Bolivar'),('Bolivar','YV',1142210,238000,'Ciudad Bolivar','Bolivar'),('Bolivia','BOL',7165257,NULL,'La Paz','Bolivia'),('Bolu','TR',536869,11051,'Bolu','Bolu'),('Borders','GB',105700,4698,'Newtown St. Boswells','Borders'),('Borsod Abauj Zemplen','H',749100,7248,'Miskolc','Miskolc (munic.)'),('Bosnia and Herzegovina','BIH',2656240,NULL,'Sarajevo','Bosnia and Herzegovina'),('Botosani','RO',468000,4965,'Botosani','Botosani'),('Botswana','RB',1477630,NULL,'Gaborone','Botswana'),('Bourgogne','F',1609000,31582,'Dijon','Bourgogne'),('Boyaca','CO',1209739,23189,'Tunja','Boyaca'),('Boyer Ahmad e Kohkiluyeh','IR',496739,14261,'Yasuj','Boyer Ahmad e Kohkiluyeh'),('Brabant','B',2253794,3358,'Brussels','Brabant'),('Braga','P',746100,2673,'Braga','Braga'),('Braganca','P',158300,6608,'Braganca','Braganca'),('Braila','RO',404000,4724,'Braila','Braila'),('Brandenburg','D',2536747,29480,'Potsdam','Brandenburg'),('Brasov','RO',695000,5351,'Brasov','Brasov'),('Bremen','D',680000,404,'Bremen','Bremen'),('Bretagne','F',2796000,27209,'Rennes','Bretagne'),('Bridgend','GB',130900,246,'Bridgend','Bridgend'),('British Columbia','CDN',3724500,948596,'Victoria','British Columbia'),('British Virgin Islands','BVIR',24491,NULL,'Road Town','British Virgin Islands'),('Brunei','BRU',299939,NULL,'Bandar Seri Begawan','Brunei'),('Bryanskaya oblast','R',1479700,34900,'Bryansk','Bryanskaya oblast'),('BS','CH',195759,37,'Basel','BS'),('Buckinghamshire','GB',640200,1883,'Aylesbury','Buckinghamshire'),('Bucuresti','RO',2319000,1521,'Bucharest','Bucuresti'),('Budapest (munic.)','H',2008500,525,'Budapest','Budapest (munic.)'),('Buenos Aires','RA',12594974,307571,'La Plata','Buenos Aires'),('Bukhoro','UZB',1262000,39400,'Bukhoro','Bukhoro'),('Bulgaria','BG',8612757,NULL,'Sofia','Bulgaria'),('Bur Said (munic.)','ET',461000,72,'Bur Said','Bur Said (munic.)'),('Burdur','TR',254899,6887,'Burdur','Burdur'),('Burgenland','A',273000,3965,'Eisenstadt','Burgenland'),('Burkina Faso','BF',10623323,NULL,'Ouagadougou','Burkina Faso'),('Bursa','TR',1603137,11043,'Bursa','Bursa'),('Burundi','BI',5943057,NULL,'Bujumbura','Burundi'),('Bushehr','IR',694252,27653,'Bushehr','Bushehr'),('Buskerud','N',219967,NULL,'Drammen','Buskerud'),('Buzau','RO',524000,6072,'Buzau','Buzau'),('Bydgoskie','PL',1120300,10349,'Bydgoszcz','Bydgoskie'),('Cabinda','ANG',163000,7270,'Cabinda','Cabinda'),('Cabo Delgado','MOC',1202200,82625,'Pemba','Cabo Delgado'),('Caerphilly','GB',171000,279,'Ystrad Fawr','Caerphilly'),('Cajamarca','PE',1349129,33247,'Cajamarca','Cajamarca'),('Calabria','I',2080000,15080,'Catanzaro','Calabria'),('Calarasi','RO',351000,5075,'Calarasi','Calarasi'),('Caldas','CO',883024,7888,'Manizales','Caldas'),('California','USA',32268301,411047,'Sacramento','California'),('Callao','PE',701022,146,'Callao','Callao'),('Camaguey','C',723000,15990,'Camaguey','Camaguey'),('Cambodia','K',10861218,NULL,'Phnom Penh','Cambodia'),('Cambridgeshire','GB',669900,3409,'Cambridge','Cambridgeshire'),('Campania','I',5709000,13595,'Napoli','Campania'),('Campeche','MEX',642516,51833,'Campeche','Campeche'),('Canakkale','TR',432263,9737,'Canakkale','Canakkale'),('Canary Islands','E',1534897,7447,'Santa Cruz de Tenerife','Canary Islands'),('Cankiri','TR',279129,8454,'Cankiri','Cankiri'),('Cantabria','E',526090,5321,'Santander','Cantabria'),('Cape Verde','CV',449066,NULL,'Praia','Cape Verde'),('Caqueta','CO',264507,88965,'Florencia','Caqueta'),('Carabobo','YV',1823767,4650,'Valencia','Carabobo'),('Caras Severin','RO',408000,8503,'Resita','Caras Severin'),('Cardiff','GB',306600,139,'Cardiff','Cardiff'),('Carinthia','A',559000,9533,'Klagenfurt','Carinthia'),('Carmarthenshire','GB',169000,2398,'Carmarthen','Carmarthenshire'),('Cartago','CR',359765,3125,'Cartago','Cartago'),('Casanare','CO',147472,44640,'Yopal','Casanare'),('Castelo Branco','P',214700,6675,'Castelo Branco','Castelo Branco'),('Castile and Leon','E',2504371,94224,'Valladolid','Castile and Leon'),('Castile La Mancha','E',1656179,79462,'Toledo','Castile La Mancha'),('Catalonia','E',6090107,32113,'Barcelona','Catalonia'),('Catamarca','RA',264324,102602,'San Fernando del Valle de Catamarca','Catamarca'),('Cauca','CO',857751,29308,'Popayan','Cauca'),('Cayman Islands','CAYM',49035,NULL,'George Town','Cayman Islands'),('Ceara','BR',6803567,146348,'Fortaleza','Ceara'),('Central','EAK',3110000,13176,'Nyeri','Central'),('Central','GB',273400,2700,'Stirling','Central'),('Central','IL',938000,1242,'Ramla','Central'),('Central','Z',722400,94395,'Kabwe','Central'),('Central African Republic','RCA',3274426,NULL,'Bangui','Central African Republic'),('Centre','CAM',1651600,68926,'Yaounde','Centre'),('Centre','F',2371000,39151,'Orleans','Centre'),('Ceredigion','GB',69700,1797,'Aberystwyth','Ceredigion'),('Cesar','CO',699428,22905,'Valledupar','Cesar'),('Chaco','RA',839677,99633,'Resistencia','Chaco'),('Chad','TCH',6976845,NULL,'NDjamena','Chad'),('Chahar Mahal e Bakhtiari','IR',747297,14870,'Shahr e Kord','Chahar Mahal e Bakhtiari'),('Champagne Ardenne','F',1348000,25606,'Chalons en Champagne','Champagne Ardenne'),('Chandigarh','IND',642015,114,'Chandigarh','Chandigarh'),('Chechen Rep.','R',865100,12300,'Grozny','Chechen Rep.'),('Chelmskie','PL',248500,3866,'Chelm','Chelmskie'),('Chelyabinskaya oblast','R',3688700,87900,'Chelyabinsk','Chelyabinskaya oblast'),('Cherkaska','UA',1530900,20900,'Cherkasy','Cherkaska'),('Chernihivska','UA',938600,31900,'Chernihiv','Chernihivska'),('Chernivetska','UA',1405800,8100,'Chernivtsi','Chernivetska'),('Cheshire','GB',966500,2329,'Chester','Cheshire'),('Chiapas','MEX',3584786,73887,'Tuxtla Gutierrez','Chiapas'),('Chiba','J',5797782,5150,'Chiba','Chiba'),('Chihuahua','MEX',2793537,247087,'Chihuahua','Chihuahua'),('Chile','RCH',14333258,NULL,'Santiago','Chile'),('Chin','MYA',368900,36019,'Hakha','Chin'),('Chiriqui','PA',396800,8653,'David','Chiriqui'),('Chitinskaya oblast','R',1295000,431500,'Chita','Chitinskaya oblast'),('Choco','CO',313567,46530,'Quibdo','Choco'),('Choluteca','HCA',326100,4211,'Choluteca','Choluteca'),('Christmas Island','XMAS',1402,NULL,'Flying Fish Cove','Christmas Island'),('Chubut','RA',357189,224686,'Rawson','Chubut'),('Chukotsky ao','R',90500,737700,'Anadyr','Chukotsky ao'),('Chuvash Republic','R',1360800,18300,'Cheboksary','Chuvash Republic'),('Ciechanowskie','PL',431400,6362,'Ciechanow','Ciechanowskie'),('Ciego de Avila','C',353000,6910,'Ciego de Avila','Ciego de Avila'),('Cienfuegos','C',354000,4178,'Cienfuegos','Cienfuegos'),('Ciudad de la Habana','C',2059000,727,'Havana','Ciudad de la Habana'),('Cleveland','GB',557500,583,'Middlesbrough','Cleveland'),('Cluj','RO',743000,6650,'Cluj Napoca','Cluj'),('Coahuila','MEX',2173775,151571,'Saltillo','Coahuila'),('Coast','EAK',1880000,83603,'Mombasa','Coast'),('Cocle','PA',177100,4927,'Penonome','Cocle'),('Cocos Islands','COCO',596,NULL,'West Island','Cocos Islands'),('Coimbra','P',427600,3947,'Coimbra','Coimbra'),('Cojedes','YV',227741,14800,'San Carlos','Cojedes'),('Colima','MEX',488028,5455,'Colima','Colima'),('Colon','HCA',167900,8875,'Trujillo','Colon'),('Colon','PA',222600,7247,'Colon','Colon'),('Colorado','USA',3892644,269595,'Denver','Colorado'),('Comarca de San Blas','PA',0,2357,'El Porvenir','Comarca de San Blas'),('Comayagua','HCA',267000,5196,'Comayagua','Comayagua'),('Comoros','COM',569237,NULL,'Moroni','Comoros'),('Congo','RCB',2527841,NULL,'Brazzaville','Congo'),('Connecticut','USA',3269858,12997,'Hartford','Connecticut'),('Constanta','RO',737000,7055,'Constanta','Constanta'),('Cook Islands','COOK',11870,NULL,'Avarua','Cook Islands'),('Copan','HCA',241400,3203,'Santa Rosa de Copan','Copan'),('Copperbelt','Z',1866400,31328,'Ndola','Copperbelt'),('Cordoba','CO',1013247,25020,'Monteria','Cordoba'),('Cordoba','RA',2766683,165321,'Cordoba','Cordoba'),('Cornwall','GB',475200,3564,'Truro','Cornwall'),('Corrientes','RA',795594,88199,'Corrientes','Corrientes'),('Corse','F',250000,8680,'Ajaccio','Corse'),('Cortes','HCA',732600,3954,'San Pedro Sula','Cortes'),('Corum','TR',609863,12820,'Corum','Corum'),('Cote dIvoire','CI',14762445,NULL,'Yamoussoukro','Cote dIvoire'),('Cote/Littoral','CAM',1354800,20239,'Douala','Cote/Littoral'),('Covasna','RO',238000,3705,'Sfintu Gheorghe','Covasna'),('Croatia','HR',5004112,NULL,'Zagreb','Croatia'),('Csongrad','H',437600,4263,'Hodmezovasarhely','Csongrad'),('Cuando Cubango','ANG',130000,199049,'Menongue','Cuando Cubango'),('Cuanza Norte','ANG',378000,24110,'Ndalatando','Cuanza Norte'),('Cuanza Sul','ANG',651000,55660,'Sumbe','Cuanza Sul'),('Cumbria','GB',489700,6810,'Carlisle','Cumbria'),('Cundinamarca','CO',1512928,22623,'Bogota','Santa Fe de Bogota, DC'),('Cunene','ANG',232000,88342,'Ngiva','Cunene'),('Cuzco','PE',1107473,71891,'Cuzco','Cuzco'),('Cyprus','CY',744609,NULL,'Nicosia','Cyprus'),('Czestochowskie','PL',748000,6182,'Czestochowa','Czestochowskie'),('Dadra and Nagar Haveli','IND',138477,491,'Silvassa','Dadra and Nagar Haveli'),('Dahuk','IRQ',292931,6553,'Dahuk','Dahuk'),('Dakar','SN',1490500,550,'Dakar','Dakar'),('Dalarna','S',290388,28194,'Falun','Dalarna'),('Daman and Diu','IND',101586,112,'Daman','Daman and Diu'),('Daressalam','EAT',1360900,1393,'Dar es Salaam','Daressalam'),('Darfur','SUD',3093699,508684,'al Fasher','Darfur'),('Darien','PA',45000,16671,'La Palma','Darien'),('Dashhowuz','TM',738000,73600,'Tashauz','Dashhowuz'),('Debrecen (munic.)','H',217300,446,'Debrecen','Debrecen (munic.)'),('Delaware','USA',731581,5297,'Dover','Delaware'),('Delhi','IND',9420644,1483,'New Delhi','Delhi'),('Delta Amacuro','YV',114390,40200,'Tucupita','Delta Amacuro'),('Denbighshire','GB',91300,844,'Ruthin','Denbighshire'),('Denizli','TR',750882,11868,'Denizli','Denizli'),('Denmark','DK',5249632,NULL,'Copenhagen','Denmark'),('Derbyshire','GB',938800,2631,'Matlock','Derbyshire'),('Devon','GB',1040000,6711,'Exeter','Devon'),('Dhi Qar','IRQ',917880,12900,'An Nasiriyah','Dhi Qar'),('Dhytiki Ellas','GR',702027,11350,'Patrai','Dhytiki Ellas'),('Dhytiki Makedhonia','GR',292751,9451,'Kozani','Dhytiki Makedhonia'),('Dimbovita','RO',570000,4035,'Tirgoviste','Dimbovita'),('Diourbel','SN',619700,4359,'Diourbel','Diourbel'),('Distr. Columbia','USA',528964,179,'Washington','Distr. Columbia'),('Distrito Federal','BR',1817001,5822,'Brasilia','Distrito Federal'),('Distrito Federal','MEX',8489007,1499,'Mexico City','Distrito Federal'),('Distrito Federal','RA',2965403,200,'Buenos Aires','Distrito Federal'),('Distrito Federal','YV',2279677,1930,'Caracas','Distrito Federal'),('Diyala','IRQ',955112,19076,'Baqubah','Diyala'),('Diyarbakir','TR',1094996,15355,'Diyarbakir','Diyarbakir'),('Djibouti','DJI',427642,NULL,'Djibouti','Djibouti'),('Dnipropetrovska','UA',3908700,31900,'Dnipropetrovsk','Dnipropetrovska'),('Dodoma','EAT',1237800,41311,'Dodoma','Dodoma'),('Dolj','RO',772000,7413,'Craiova','Dolj'),('Dominica','WD',82926,NULL,'Roseau','Dominica'),('Dominican Republic','DOM',8088881,NULL,'Santo Domingo','Dominican Republic'),('Donetska','UA',5346700,26500,'Donetsk','Donetska'),('Dorset','GB',662900,2654,'Dorchester','Dorset'),('Drenthe','NL',454864,2652,'Assen','Drenthe'),('Dubayy','UAE',419000,419,NULL,NULL),('Dumfries and Galloway','GB',147800,6425,'Dumfries','Dumfries and Galloway'),('Dumyat','ET',808000,589,'Dumyat','Dumyat'),('Durango','MEX',1431748,119648,'Durango','Durango'),('Durham','GB',604300,2436,'Durham','Durham'),('Dushanbe (munic.)','TAD',591900,300,'Dushanbe','Dushanbe (munic.)'),('East Flanders','B',1340056,2982,'Ghent','East Flanders'),('East Sussex','GB',716500,1795,'Lewes','East Sussex'),('Eastern','EAK',3724000,159891,'Embu','Eastern'),('Eastern','Z',826100,69106,'Chipata','Eastern'),('Eastern Cape','RSA',5865000,170616,'Bisho','Eastern Cape'),('Ecuador','EC',11466291,NULL,'Quito','Ecuador'),('Edirne','TR',404599,6276,'Edirne','Edirne'),('Ehime','J',1506700,5672,'Matsuyama','Ehime'),('El Bahr el Ahmar','ET',108000,203685,'Hurghada','El Bahr el Ahmar'),('El Buhayra','ET',3602000,10130,'Damanhur','El Buhayra'),('El Daqahliya','ET',3828000,3471,'El Mansura','El Daqahliya'),('El Faiyum','ET',1720000,1827,'El Faiyum','El Faiyum'),('El Gharbiya','ET',3113000,1942,'Tanta','El Gharbiya'),('El Giza','ET',4265000,85153,'El Giza','El Giza'),('El Iskandariya','ET',3170000,2679,'Alexandria','El Iskandariya'),('El Minufiya','ET',2449000,1532,'Shibin el Kom','El Minufiya'),('El Minya','ET',2916000,2262,'El Minya','El Minya'),('El Paraiso','HCA',284100,7218,'Yuscaran','El Paraiso'),('El Qahira','ET',6452000,214,'Cairo','El Qahira'),('El Qalubiya','ET',2868000,1001,'Benha','El Qalubiya'),('El Salvador','ES',5828987,NULL,'San Salvador','El Salvador'),('El Suweiz','ET',392000,17840,'El Suweiz','El Suweiz'),('El Wadi el Jadid','ET',126000,376505,'El Kharga','El Wadi el Jadid'),('Elazig','TR',498225,9153,'Elazig','Elazig'),('Elblaskie','PL',483200,6103,'Elblag','Elblaskie'),('Emilia Romagna','I',3924000,22123,'Bologna','Emilia Romagna'),('Entre Rios','RA',1020257,78781,'Parana','Entre Rios'),('Equateur','ZRE',3960187,403293,'Mbandaka','Equateur'),('Equatorial Guinea','GQ',431282,NULL,'Malabo','Equatorial Guinea'),('Eritrea','ER',3427883,NULL,'Asmara','Eritrea'),('Erzincan','TR',299251,11903,'Erzincan','Erzincan'),('Erzurum','TR',848201,25066,'Erzurum','Erzurum'),('Esfahan','IR',3682444,104650,'Esfahan','Esfahan'),('Eskisehir','TR',641057,13652,'Eskisehir','Eskisehir'),('Espirito Santo','BR',2786126,46184,'Vitoria','Espirito Santo'),('Essex','GB',1548800,3672,'Chelmsford','Essex'),('Est','CAM',517200,109011,'Bertoua','Est'),('Estonia','EW',1459428,NULL,'Tallinn','Estonia'),('Estremadura','E',1050590,41635,'Merida','Estremadura'),('Ethiopia','ETH',57171662,NULL,'Addis Ababa','Ethiopia'),('Evora','P',173500,7393,'Evora','Evora'),('Falcon','YV',699232,24800,'Coro','Falcon'),('Falkland Islands','FALK',3140,NULL,'Stanley','Falkland Islands'),('Farghona','UZB',2338000,7100,'Farghona','Farghona'),('Faroe Islands','FARX',43857,NULL,'Torshavn','Faroe Islands'),('Fars','IR',3543828,133298,'Shiraz','Fars'),('Fatick','SN',476000,7935,'Fatick','Fatick'),('Fed. Terr. of Kuala Lumpur','MAL',1145075,243,'Kuala Lumpur','Fed. Terr. of Kuala Lumpur'),('Fed. Terr. of Labuan','MAL',54307,91,'Labuan','Fed. Terr. of Labuan'),('Fejer','H',422500,4374,'Szekesfehervar','Fejer'),('Fianarantsoa','RM',2209700,102373,'Fianarantsoa','Fianarantsoa'),('Fife','GB',352100,1319,'Glenrothes','Fife'),('Fiji','FJI',782381,NULL,'Suva','Fiji'),('Finnmark','N',75667,NULL,'Vadsoe','Finnmark'),('Flevoland','NL',262325,1425,'Lelystad','Flevoland'),('Flintshire','GB',145300,437,'Mold','Flintshire'),('Florida','USA',14653945,151939,'Tallahassee','Florida'),('Formosa','RA',398413,72066,'Formosa','Formosa'),('FR','CH',224552,1670,'Fribourg','FR'),('Franche Comte','F',1097000,16202,'Besancon','Franche Comte'),('Francisco Morazan','HCA',908300,7946,'Tegucigalpa','Francisco Morazan'),('Free State','RSA',2470000,129437,'Bloemfontein','Free State'),('French Guiana','FGU',151187,NULL,'Cayenne','French Guiana'),('French Polynesia','FPOL',287032,NULL,'Papeete','French Polynesia'),('Friesland','NL',609579,3361,'Leeuwarden','Friesland'),('Friuli Venezia Giulia','I',1193000,7845,'Trieste','Friuli Venezia Giulia'),('Fujian','TJ',31830000,120000,'Fuzhou','Fujian'),('Fukui','J',826996,4192,'Fukui','Fukui'),('Fukuoka','J',4933393,4961,'Fukuoka','Fukuoka'),('Fukushima','J',2133592,13784,'Fukushima','Fukushima'),('Gabon','G',1172798,NULL,'Libreville','Gabon'),('Galati','RO',642000,4425,'Galati','Galati'),('Galicia','E',2720761,29574,'Santiago de Compostella','Galicia'),('Gambia','WAG',1204984,NULL,'Banjul','Gambia'),('Gansu','TJ',23780000,450000,'Lanzhou','Gansu'),('Gauteng','RSA',7171300,18760,'Johannesburg','Gauteng'),('Gavleborg','S',289339,18191,'Gavle','Gavleborg'),('Gaza','MOC',1401500,75709,'Xai Xai','Gaza'),('Gaza Strip','GAZA',813332,NULL,NULL,NULL),('Gaziantep','TR',1140594,7642,'Gaziantep','Gaziantep'),('Gdanskie','PL',1445000,7394,'Gdansk','Gdanskie'),('GE','CH',395466,282,'Geneva','GE'),('Gelderland','NL',1864732,4995,'Arnhem','Gelderland'),('Georgia','GE',5219810,NULL,'Tbilisi','Georgia'),('Georgia','USA',7486242,152576,'Atlanta','Georgia'),('Ghana','GH',17698271,NULL,'Accra','Ghana'),('Gibraltar','GBZ',28765,NULL,'Gibraltar','Gibraltar'),('Gifu','J',2100315,10596,'Gifu','Gifu'),('Gilan','IR',2204047,14709,'Rasht','Gilan'),('Giresun','TR',499087,6934,'Giresun','Giresun'),('Giurgiu','RO',325000,3810,'Giurgiu','Giurgiu'),('GL','CH',39410,685,'Glarus','GL'),('Gloucestershire','GB',538800,2643,'Gloucester','Gloucestershire'),('Goa','IND',1169793,3702,'Panaji','Goa'),('Goias','BR',4501538,341289,'Goiania','Goias'),('Gorj','RO',388000,5641,'Tirgu Jiu','Gorj'),('Gorzowskie','PL',505600,8484,'Gorzow Wielkopolskie','Gorzowskie'),('Goteborg och Bohus','S',742550,5141,'Goteborg','Goteborg och Bohus'),('Gotland','S',57383,3140,'Visby','Gotland'),('GR','CH',185063,7105,'Chur','GR'),('Gracias a Dios','HCA',39000,16630,'Puerto Lempira','Gracias a Dios'),('Grampian','GB',532500,8752,'Aberdeen','Grampian'),('Granma','C',773000,8372,'Bayamo','Granma'),('Greater London','GB',6803100,1579,'London','Greater London'),('Greater Manchester','GB',2561600,1287,'Manchester','Greater Manchester'),('Greenland','GROX',58203,NULL,'Nuuk','Greenland'),('Grenada','WG',94961,NULL,'Saint Georges','Grenada'),('Groningen','NL',557995,2344,'Groningen','Groningen'),('Guadeloupe','GUAD',407768,NULL,'Basse-Terre','Guadeloupe'),('Guainia','CO',12345,72238,'Puerto Inirida','Guainia'),('Guajira, La','CO',299995,20848,'Riohacha','Guajira, La'),('Guam','GUAM',178430,NULL,'Agana','Guam'),('Guanacaste','CR',254530,10141,'Liberia','Guanacaste'),('Guanajuato','MEX',4406568,30589,'Guanajuato','Guanajuato'),('Guangdong','TJ',66890000,186000,'Guangzhou','Guangdong'),('Guangxi Zhuangzu','TJ',44930000,236300,'Nanning','Guangxi Zhuangzu'),('Guantanamo','C',484000,6186,'Guantanamo','Guantanamo'),('Guarda','P',187800,5518,'Guarda','Guarda'),('Guarico','YV',583221,64986,'San Juan','Guarico'),('Guatemala','GCA',11277614,NULL,'Guatemala City','Guatemala'),('Guaviare','CO',47073,42327,'San Jose del Guaviare','Guaviare'),('Guernsey','GBG',62920,NULL,'Saint Peter Port','Guernsey'),('Guerrero','MEX',2916567,63749,'Chilpancingo','Guerrero'),('Guinea','RG',7411981,NULL,'Conakry','Guinea'),('Guinea-Bissau','GNB',1151330,NULL,'Bissau','Guinea-Bissau'),('Guizhou','TJ',34580000,170000,'Guiyang','Guizhou'),('Gujarat','IND',41309582,196024,'Gandhinagar','Gujarat'),('Gumma','J',2003540,6356,'Maebashi','Gumma'),('Gumushane','TR',169375,6575,'Gumushane','Gumushane'),('Guyana','GUY',712091,NULL,'Georgetown','Guyana'),('Gwynedd','GB',117000,2548,'Caernarfon','Gwynedd'),('Gyor (munic.)','H',130600,175,'Gyor','Gyor (munic.)'),('Gyor Sopron','H',426800,4012,'Gyor','Gyor (munic.)'),('Haeme','SF',662000,NULL,'Haemeenlinna','Haeme'),('Haifa','IL',602800,854,'Haifa','Haifa'),('Hainan','TJ',7110000,34000,'Haikou','Hainan'),('Hainaut','B',1283252,3787,'Mons','Hainaut'),('Haiti','RH',6731539,NULL,'Port-au-Prince','Haiti'),('Hajdu Bihar','H',549700,6212,'Debrecen','Debrecen (munic.)'),('Hakkari','TR',172479,7121,'Hakkari','Hakkari'),('Halland','S',257874,5454,'Halmstad','Halland'),('Hamadan','IR',1651320,19784,'Hamadan','Hamadan'),('Hamburg','D',1705872,755,'Hamburg','Hamburg'),('Hampshire','GB',1578700,3777,'Winchester','Hampshire'),('Harghita','RO',363000,6610,'Miercurea Ciuc','Harghita'),('Haryana','IND',16463648,44212,'Chandigarh','Chandigarh'),('Hatay','TR',1109754,5403,'Antakya','Hatay'),('Haut Zaire','ZRE',5119750,503239,'Kisangani','Haut Zaire'),('Haute Normandie','F',1737000,12318,'Rouen','Haute Normandie'),('Hawaii','USA',1183723,16760,'Honolulu','Hawaii'),('Hebei','TJ',63880000,190000,'Shijiazhuang','Hebei'),('Hedmark','N',186355,NULL,'Hamar','Hedmark'),('Heilongjiang','TJ',36720000,469000,'Harbin','Heilongjiang'),('Henan','TJ',90270000,167000,'Zhengzhou','Henan'),('Heredia','CR',256726,2656,'Heredia','Heredia'),('Hereford and Worcester','GB',696000,3927,'Worcester','Hereford and Worcester'),('Herrera','PA',108700,2341,'Chitre','Herrera'),('Hertfordshire','GB',989500,1634,'Hertford','Hertfordshire'),('Hessen','D',5980693,21115,'Wiesbaden','Hessen'),('Heves','H',330200,3637,'Eger','Heves'),('Hidalgo','MEX',2112473,20987,'Pachuca de Soto','Hidalgo'),('Highland','GB',207500,26137,'Inverness','Highland'),('Himachal Pradesh','IND',5170877,55673,'Simla','Himachal Pradesh'),('Hiroshima','J',2881748,8467,'Hiroshima','Hiroshima'),('Hokkaido','J',5692321,83519,'Sapporo','Hokkaido'),('Holguin','C',972000,9301,'Holguin','Holguin'),('Holy See','V',840,NULL,'Vatican City','Holy See'),('Hong Kong','HONX',7055071,NULL,'Hong Kong','Hong Kong'),('Hordaland','N',399702,NULL,'Bergen','Hordaland'),('Hormozgan','IR',924433,66780,'Bandar Abbas','Hormozgan'),('Huambo','ANG',1524000,34274,'Huambo','Huambo'),('Huancavelica','PE',413136,22131,'Huancavelica','Huancavelica'),('Huanuco','PE',722669,36938,'Huanuco','Huanuco'),('Hubei','TJ',57190000,187400,'Wuhan','Hubei'),('Huila','ANG',869000,75002,'Lubango','Huila'),('Huila','CO',693712,19890,'Neiva','Huila'),('Humberside','GB',874400,3512,'Hull','Humberside'),('Hunan','TJ',63550000,210000,'Changsha','Hunan'),('Hunedoara','RO',567000,7016,'Deva','Hunedoara'),('Hyogo','J',5401877,8381,'Kobe','Hyogo'),('Ialomita','RO',309000,4449,'Slobozia','Ialomita'),('Iasi','RO',810000,5469,'Iasi','Iasi'),('Ibaraki','J',2955530,6094,'Mito','Ibaraki'),('Ica','PE',608609,21327,'Ica','Ica'),('Icel','TR',1266995,15853,'Mersin','Icel'),('Iceland','IS',270292,NULL,'Reykjavik','Iceland'),('Idaho','USA',1186602,216430,'Boise','Idaho'),('Ilam','IR',440693,19044,'Ilam','Ilam'),('Ile de France','F',10660000,12011,'Paris','Ile de France'),('Illinois','USA',11895849,145933,'Springfield','Illinois'),('Indiana','USA',5864108,93719,'Indianapolis','Indiana'),('Indonesia','RI',206611600,NULL,'Jakarta','Indonesia'),('Inhambane','MOC',1157000,68615,'Inhambane','Inhambane'),('Intibuca','HCA',137800,3072,'La Esperanza','Intibuca'),('Ionioi Nisoi','GR',191003,2307,'Korfu','Ionioi Nisoi'),('Iowa','USA',2852423,145752,'Des Moines','Iowa'),('Ipiros','GR',339210,9203,'Ioannina','Ipiros'),('Ireland','IRL',3566833,NULL,'Dublin','Ireland'),('Iringa','EAT',1208900,58864,'Iringa','Iringa'),('Irkutskaya oblast','R',2795200,767900,'Irkutsk','Irkutskaya oblast'),('Ishikawa','J',1180068,4197,'Kanazawa','Ishikawa'),('Isla de la Juventud','C',71000,2396,'Nueva Gerona','Isla de la Juventud'),('Islas de la Bahia','HCA',24500,261,'Roatan','Islas de la Bahia'),('Isle of Wight','GB',126600,381,'Newport','Newport'),('Ismailiya','ET',623000,1442,'Ismailiya','Ismailiya'),('Isparta','TR',434771,8933,'Isparta','Isparta'),('Istanbul','TR',7309190,5712,'Istanbul','Istanbul'),('Ivano Frankivska','UA',1442900,13900,'Ivano Frankivsk','Ivano Frankivska'),('Ivanovskaya oblast','R',1266400,23900,'Ivanovo','Ivanovskaya oblast'),('Iwate','J',1419505,15277,'Morioka','Iwate'),('Izmir','TR',2694770,11973,'Izmir','Izmir'),('Jalisco','MEX',5991176,80137,'Guadalajara','Jalisco'),('Jamaica','JA',2595275,NULL,'Kingston','Jamaica'),('Jammu and Kashmir','IND',7718700,101387,'Srinagar','Jammu and Kashmir'),('Jamtland','S',136009,49443,'Ostersund','Jamtland'),('Jeleniogorskie','PL',519200,4379,'Jelenia Gora','Jeleniogorskie'),('Jersey','GBJ',87848,NULL,'Saint Helier','Jersey'),('Jiangsu','TJ',70210000,102600,'Nanjing','Jiangsu'),('Jiangxi','TJ',40150000,166600,'Nanchang','Jiangxi'),('Jihocesky','CZ',702000,11345,'Ceske Budejovice','Jihocesky'),('Jihomoravsky','CZ',2059000,15028,'Brno','Jihomoravsky'),('Jilin','TJ',25740000,187000,'Changchun','Jilin'),('Jizzakh','UZB',831000,20500,'Jizzakh','Jizzakh'),('Johor','MAL',2074297,18986,'Johor Baharu','Johor'),('Jonkoping','S',309738,9944,'Jonkoping','Jonkoping'),('Jordan','JOR',4212152,NULL,'Amman','Jordan'),('JU','CH',69188,836,'Delemont','JU'),('Jujuy','RA',512329,53219,'San Salvador de Jujuy','Jujuy'),('Junin','PE',1132448,44409,'Huancayo','Junin'),('Kabardino Balkar Rep.','R',789900,12500,'Nalchik','Kabardino Balkar Rep.'),('Kachin','MYA',904800,89041,'Myitkyina','Kachin'),('Kafr el Sheikh','ET',1968000,3437,'Kafr el Sheikh','Kafr el Sheikh'),('Kagawa','J',1027006,1882,'Takamatsu','Kagawa'),('Kagera','EAT',1326200,28388,'Bukoba','Kagera'),('Kagoshima','J',1794224,9166,'Kagoshima','Kagoshima'),('Kaliningradskaya oblast','R',932200,15100,'Kaliningrad','Kaliningradskaya oblast'),('Kaliskie','PL',715600,6512,'Kalisz','Kaliskie'),('Kalmar','S',241883,11170,'Kalmar','Kalmar'),('Kaluzhskaya oblast','R',1097300,29900,'Kaluga','Kaluzhskaya oblast'),('Kamchatskaya oblast','R',411100,472300,'Petropavlovsk Kamchatsky','Kamchatskaya oblast'),('Kanagawa','J',8245900,2402,'Yokohama','Kanagawa'),('Kansas','USA',2594840,213097,'Topeka','Kansas'),('Kaolack','SN',816400,16010,'Kaolack','Kaolack'),('Karachayevo Cherkessk Rep.','R',436300,14100,'Cherkessk','Karachayevo Cherkessk Rep.'),('Karaman','TR',217536,9163,'Karaman','Karaman'),('Karamanmaras','TR',892952,14327,'Karaman Maras','Karamanmaras'),('Karbala','IRQ',455868,5034,'Karbala','Karbala'),('Karnataka','IND',44977201,191791,'Bangalore','Karnataka'),('Kars','TR',662155,18557,'Kars','Kars'),('Kasai Occidental','ZRE',3465756,156967,'Kananga','Kasai Occidental'),('Kasai Oriental','ZRE',2859220,168216,'Mbuji Mayi','Kasai Oriental'),('Kaskazini Pemba','EAT',137400,574,'Wete','Kaskazini Pemba'),('Kaskazini Ujunga','EAT',97000,470,'Mkokotoni','Kaskazini Ujunga'),('Kastamonu','TR',423611,13108,'Kastamonu','Kastamonu'),('Katowickie','PL',4013200,6650,'Katowice','Katowickie'),('Kayah','MYA',168400,11733,'Loikaw','Kayah'),('Kayin','MYA',1055400,30383,'Hpa an','Kayin'),('Kayseri','TR',943484,16917,'Kayseri','Kayseri'),('Kedah','MAL',1304800,9426,'Alor Setar','Kedah'),('Kedriki Makedhonia','GR',1729581,19147,'Thessaloniki','Kedriki Makedhonia'),('Kelantan','MAL',1181680,14943,'Kota Baharu','Kelantan'),('Kemerovskaya oblast','R',3063500,95500,'Kemerovo','Kemerovskaya oblast'),('Kent','GB',1538800,3731,'Maidstone','Kent'),('Kentucky','USA',3908124,104661,'Frankfort','Kentucky'),('Kerala','IND',29098518,38863,'Trivandrum','Kerala'),('Kerman','IR',1862542,179916,'Kerman','Kerman'),('Khabarovskiy kray','R',1571200,752600,'Khabarovsk','Khabarovskiy kray'),('Kharkivska','UA',3194800,31400,'Kharkiv','Kharkivska'),('Khatlon','TAD',1113500,12600,'Qurghonteppa','Khatlon'),('Khersonska','UA',1258700,28500,'Kherson','Khersonska'),('Khmelnytska','UA',1520600,20600,'Khmelnytskyy','Khmelnytska'),('Khorasan','IR',6013200,313337,'Mashhad','Khorasan'),('Khorazm','UZB',1135000,6300,'Urganch','Khorazm'),('Khujand','TAD',1635900,26100,'Khujand','Khujand'),('Khuzestan','IR',3175852,67282,'Ahvaz','Khuzestan'),('Kieleckie','PL',1127700,9211,'Kielce','Kieleckie'),('Kigoma','EAT',854800,37037,'Kigoma Ujiji','Kigoma'),('Kilimanjaro','EAT',1108700,13309,'Moshi','Kilimanjaro'),('Kinshasa','ZRE',2778281,9965,'Kinshasa','Kinshasa'),('Kiribati','KIR',80919,NULL,'Tarawa','Kiribati'),('Kirikkale','TR',349396,4365,'Kirikkale','Kirikkale'),('Kirklareli','TR',309512,6550,'Kirklareli','Kirklareli'),('Kirovohradska','UA',1245300,24600,'Kirovohrad','Kirovohradska'),('Kirovskaya oblast','R',1634500,120800,'Kirov','Kirovskaya oblast'),('Kirsehir','TR',256862,6570,'Kirsehir','Kirsehir'),('Kivu','ZRE',5232442,256662,'Bukavu','Kivu'),('Kocaeli','TR',936163,3626,'Izmit','Kocaeli'),('Kochi','J',816704,7107,'Kochi','Kochi'),('Kokchetau','KAZ',657000,78200,'Kokchetau','Kokchetau'),('Kolda','SN',606800,21011,'Kolda','Kolda'),('Komarom Esztergom','H',312900,2250,'Tatabanya','Komarom Esztergom'),('Koninskie','PL',472400,5139,'Konin','Koninskie'),('Konya','TR',1750303,38257,'Konya','Konya'),('Kordestan','IR',1233480,24998,'Sanandaj','Kordestan'),('Kosovo','KOS',1804838,NULL,'Pristina','Kosovo'),('Kostromskaya oblast','R',805700,60100,'Kostroma','Kostromskaya oblast'),('Koszalinskie','PL',513700,8470,'Koszalin','Koszalinskie'),('Krakowskie','PL',1238100,3254,'Krakow','Krakowskie'),('Krasnodarsky kray','R',5043900,76000,'Krasnodar','Krasnodarsky kray'),('Krasnoyarskiy kray','R',3105900,2339700,'Krasnoyarsk','Krasnoyarskiy kray'),('Kristianstad','S',291468,6087,'Kristianstad','Kristianstad'),('Kriti','GR',537183,8336,'Iraklion','Kriti'),('Kronoberg','S',178612,8458,'Vaxjo','Kronoberg'),('Krosnienskie','PL',500700,5702,'Krosno','Krosnienskie'),('Krym','UA',2549800,27000,'Simferopol','Krym'),('Kulob','TAD',668100,12000,'Kulob','Kulob'),('Kumamoto','J',1859793,7408,'Kumamoto','Kumamoto'),('Kuopio','SF',252000,NULL,'Kuopio','Kuopio'),('Kurdufan','SUD',3093294,380255,'al Ubayyid','Kurdufan'),('Kurganskaya oblast','R',1112200,71000,'Kurgan','Kurganskaya oblast'),('Kurskaya oblast','R',1346900,29800,'Kursk','Kurskaya oblast'),('Kusini Pemba','EAT',127600,332,'Chake Cahke','Kusini Pemba'),('Kusini Ujunga','EAT',70200,854,'Koani','Kusini Ujunga'),('Kutahya','TR',578020,11875,'Kutahya','Kutahya'),('Kuwait','KWT',1950047,NULL,'Kuwait','Kuwait'),('Kwazulu Natal','RSA',7672000,91481,'Pietermaritzburg','Kwazulu Natal'),('Kymi','SF',345000,NULL,'Kotka','Kymi'),('Kyoto','J',2629592,4613,'Kyoto','Kyoto'),('Kyrgyzstan','KGZ',4529648,NULL,'Bishkek','Kyrgyzstan'),('Kyyivska','UA',4589800,28900,'Kiev','Kyyivska'),('La Habana','C',630000,5731,'Havana','Ciudad de la Habana'),('La Libertad','PE',1366125,25569,'Trujillo','La Libertad'),('La Pampa','RA',259996,143440,'Santa Rosa','La Pampa'),('La Paz','HCA',117400,2331,'La Paz','La Paz'),('La Rioja','RA',220729,89680,'La Rioja','La Rioja'),('Lakshadweep Is.','IND',51707,32,'Kavaratti','Lakshadweep Is.'),('Lambayeque','PE',1009655,14231,'Chiclayo','Lambayeque'),('Lancashire','GB',1408300,3064,'Preston','Lancashire'),('Languedoc Roussillon','F',2115000,27376,'Montpellier','Languedoc Roussillon'),('Laos','LAO',4975772,NULL,'Vientiane','Laos'),('Lappia','SF',195000,NULL,'Rovaniemi','Lappia'),('Lara','YV',1430968,19800,'Barquisimeto','Lara'),('Las Tunas','C',478000,6589,'Victoria de las Tunas','Las Tunas'),('Latvia','LV',2468982,NULL,'Riga','Latvia'),('Lazio','I',5185000,17203,'Rome','Lazio'),('Leban','TM',774700,93800,'Charjew','Leban'),('Lebanon','RL',3776317,NULL,'Beirut','Lebanon'),('Legnickie','PL',521500,4037,'Legnica','Legnickie'),('Leicestershire','GB',890800,2553,'Leichester','Leicestershire'),('Leiria','P',427800,3515,'Leiria','Leiria'),('Lempira','HCA',194600,4290,'Gracias','Lempira'),('Leningradskaya oblast','R',1675900,85900,'Sankt Peterburg','Sankt Peterburg'),('Leninsk (munic.)','KAZ',68600,0,'Leninsk','Leninsk (munic.)'),('Lesotho','LS',1970781,NULL,'Maseru','Lesotho'),('Leszczynskie','PL',391500,4154,'Leszno','Leszczynskie'),('Liaoning','TJ',40670000,145700,'Shenyang','Liaoning'),('Liberia','LB',2109789,NULL,'Monrovia','Liberia'),('Libya','LAR',5445436,NULL,'Tripoli','Libya'),('Liechtenstein','FL',31122,NULL,'Vaduz','Liechtenstein'),('Liege','B',1006081,3862,'Liege','Liege'),('Liguria','I',1663000,5418,'Genua','Liguria'),('Lima','PE',6941672,34801,'Lima','Lima'),('Limburg','B',755593,2422,'Hasselt','Limburg'),('Limburg','NL',1130050,2167,'Maastricht','Limburg'),('Limon','CR',237183,9189,'Limon','Limon'),('Limousin','F',723000,16942,'Limoges','Limousin'),('Limpopo','RSA',4128000,119606,'Pietersburg','Limpopo'),('Lincolnshire','GB',592600,5915,'Lincoln','Lincolnshire'),('Lindi','EAT',646600,66046,'Lindi','Lindi'),('Lipetskaya oblast','R',1250200,24100,'Lipetsk','Lipetskaya oblast'),('Lisbon','P',2063800,2761,'Lisbon','Lisbon'),('Lithuania','LT',3646041,NULL,'Vilnius','Lithuania'),('Lodzkie','PL',1132400,1523,'Lodz','Lodzkie'),('Lombardia','I',8901000,23857,'Milan','Lombardia'),('Lomzynskie','PL',349000,6684,'Lomza','Lomzynskie'),('Lorestan','IR',1501778,28803,'Khorramabad','Lorestan'),('Loreto','PE',789235,368851,'Iquitos','Loreto'),('Lorraine','F',2306000,23547,'Metz','Lorraine'),('Los Santos','PA',82800,3806,'Las Tablas','Los Santos'),('Lothian','GB',758600,1770,'Edinburgh','Lothian'),('Louga','SN',490400,29188,'Louga','Louga'),('Louisiana','USA',4351769,123677,'Baton Rouge','Louisiana'),('Lower Austria','A',1507000,19170,'St. Polten','Lower Austria'),('LU','CH',340536,1493,'Luzern','LU'),('Luanda','ANG',1629000,2418,'Luanda','Luanda'),('Luapula','Z',526300,50567,'Mansa','Luapula'),('Lubelskie','PL',1022600,6792,'Lublin','Lubelskie'),('Luhanska','UA',2871100,26700,'Luhansk','Luhanska'),('Lunda Norte','ANG',292000,102783,'Lucapa','Lunda Norte'),('Lunda Sul','ANG',155000,56985,'Saurimo','Lunda Sul'),('Lusaka','Z',1151300,21896,'Lusaka','Lusaka'),('Luxembourg','B',234664,4441,'Arlon','Luxembourg'),('Luxembourg','L',415870,NULL,'Luxembourg','Luxembourg'),('Lvivska','UA',2764400,21800,'Lviv','Lvivska'),('Macau','MACX',496837,NULL,'Macau','Macau'),('Macedonia','MK',2104035,NULL,'Skopje','Macedonia'),('Madeira','P',253000,794,'Funchal','Madeira'),('Madhya Pradesh','IND',66181170,443446,'Bhopal','Madhya Pradesh'),('Madre de Dios','PE',74306,85182,'Puerto Maldonado','Madre de Dios'),('Madrid','E',5034548,8028,'Madrid','Madrid'),('Magadanskaya oblast','R',258200,461400,'Magadan','Magadanskaya oblast'),('Magdalena','CO',890934,23188,'Santa Marta','Magdalena'),('Magway','MYA',3243200,44820,'Magway','Magway'),('Mahajanga','RM',1075300,150023,'Majunga','Mahajanga'),('Maharashtra','IND',78937187,307713,'Bombay','Maharashtra'),('Maine','USA',1242051,86156,'Augusta','Maine'),('Malanje','ANG',892000,87246,'Malanje','Malanje'),('Malatya','TR',702055,12313,'Malatya','Malatya'),('Malawi','MW',9452844,NULL,'Lilongwe','Malawi'),('Maldives','MV',270758,NULL,'Male','Maldives'),('Mali','RMM',9653261,NULL,'Bamako','Mali'),('Malmohus','S',786757,4938,'Malmo','Malmohus'),('Malta','M',375576,NULL,'Valletta','Malta'),('Man','GBM',73837,NULL,'Douglas','Man'),('Mandalay','MYA',4577800,37024,'Mandalay','Mandalay'),('Mangghystau','KAZ',324400,165600,'Aqtau','Mangghystau'),('Manica','MOC',609500,61661,'Chimoio','Manica'),('Manipur','IND',1837149,22327,'Imphal','Manipur'),('Manisa','TR',1154418,13810,'Manisa','Manisa'),('Manitoba','CDN',1113898,650086,'Winnipeg','Manitoba'),('Maputo','MOC',840800,25756,'Maputo','Maputo (munic.)'),('Maputo (munic.)','MOC',931600,602,'Maputo','Maputo (munic.)'),('Mara','EAT',970900,19566,'Musoma','Mara'),('Maramures','RO',556000,6215,'Baia Mare','Maramures'),('Maranhao','BR',5218442,333365,'Sao Luis','Maranhao'),('Marche','I',1438000,9693,'Ancona','Marche'),('Mardin','TR',557727,8891,'Mardin','Mardin'),('Markazi','IR',1182611,29080,'Arak','Markazi'),('Marshall Islands','MH',58363,NULL,'Majuro','Marshall Islands'),('Martinique','MART',399151,NULL,'Fort-de-France','Martinique'),('Mary','TM',859500,86800,'Mary','Mary'),('Maryland','USA',5094289,27091,'Annapolis','Maryland'),('Massachusetts','USA',6117520,21455,'Boston','Massachusetts'),('Matanzas','C',596000,11978,'Matanzas','Matanzas'),('Mato Grosso','BR',2227983,906806,'Cuiaba','Mato Grosso'),('Mato Grosso do Sul','BR',1922258,358158,'Campo Grande','Mato Grosso do Sul'),('Matruh','ET',182000,212112,'Marsa Matruh','Matruh'),('Mauritania','RIM',2336048,NULL,'Nouakchott','Mauritania'),('Mauritius','MS',1140256,NULL,'Port Louis','Mauritius'),('Mayotte','MAYO',223765,NULL,'Mamoutzou','Mayotte'),('Maysan','IRQ',499842,16072,'Al Amarah','Maysan'),('Mazandaran','IR',3793149,46456,'Sari','Mazandaran'),('Mbeya','EAT',1476200,60350,'Mbeya','Mbeya'),('Mecklenburg Vorpommern','D',1832298,23170,'Schwerin','Mecklenburg Vorpommern'),('Meghalaya','IND',1774778,22429,'Shillong','Meghalaya'),('Mehedinti','RO',329000,4900,'Drobeta Turnu Severin','Mehedinti'),('Melaka','MAL',504502,1650,'Melaka','Melaka'),('Mendoza','RA',1412481,148827,'Mendoza','Mendoza'),('Merida','YV',680503,11300,'Merida','Merida'),('Merseyside','GB',1441100,652,'Liverpool','Merseyside'),('Merthyr Tydfil','GB',59500,111,'Merthyr Tydfil','Merthyr Tydfil'),('Meta','CO',474046,85635,'Villavicencio','Meta'),('Mexico, Estado de','MEX',11707964,21461,'Toluca de Lerdo','Mexico, Estado de'),('Michigan','USA',9773892,151584,'Lansing','Michigan'),('Michoacan','MEX',3870604,59864,'Morelia','Michoacan'),('Micronesia','FSM',125377,NULL,'Palikir','Micronesia'),('Midi Pyrenees','F',2431000,45349,'Toulouse','Midi Pyrenees'),('Mie','J',1841358,5778,'Tsu','Mie'),('Mikkeli','SF',209000,NULL,'Mikkeli','Mikkeli'),('Minas Gerais','BR',16660691,588383,'Belo Horizonte','Minas Gerais'),('Minnesota','USA',4685549,218600,'St. Paul','Minnesota'),('Miranda','YV',2303302,7950,'Los Teques','Miranda'),('Misiones','RA',788915,29801,'Posadas','Misiones'),('Miskolc (munic.)','H',191000,224,'Miskolc','Miskolc (munic.)'),('Mississippi','USA',2730501,123514,'Jackson','Mississippi'),('Missouri','USA',5402058,180514,'Jefferson City','Missouri'),('Miyagi','J',2328739,7292,'Sendai','Miyagi'),('Miyazaki','J',1175819,7735,'Miyazaki','Miyazaki'),('Mizoram','IND',689756,21081,'Aijal','Mizoram'),('Mjini Magharibi','EAT',208300,230,'Zanzibar','Mjini Magharibi'),('Moere og Romsdal','N',237290,NULL,'Molde','Moere og Romsdal'),('Moldova','MD',4463847,NULL,'Chisinau','Moldova'),('Molise','I',332000,4438,'Campobasso','Molise'),('Mon','MYA',1680200,12297,'Moulmein','Mon'),('Monaco','MC',31719,NULL,'Monaco','Monaco'),('Monagas','YV',555705,28900,'Maturin','Monagas'),('Mongolia','MNG',2496617,NULL,'Ulaanbaatar','Mongolia'),('Monmouthshire','GB',84200,851,'Cwmbran','Monmouthshire'),('Montana','USA',878810,380848,'Helena','Montana'),('Montenegro','MNE',672180,NULL,'Podgorica','Montenegro'),('Montserrat','MNTS',5097,NULL,'Plymouth','Montserrat'),('Moquegua','PE',137747,15733,'Moquegua','Moquegua'),('Morelos','MEX',1442662,4941,'Cuernavaca','Morelos'),('Morocco','MA',29779156,NULL,'Rabat','Morocco'),('Morogoro','EAT',1222700,70799,'Morogoro','Morogoro'),('Moskovskaya oblast','R',6596600,47000,'Moscow','Moskva'),('Moskva','R',8664400,0,'Moscow','Moskva'),('Moxico','ANG',316000,223023,'Luena','Moxico'),('Mpumalanga','RSA',2646000,81816,'Nelspruit','Mpumalanga'),('Mtwara','EAT',889500,16707,'Mtwara Mikandani','Mtwara'),('Mugla','TR',562809,13338,'Mugla','Mugla'),('Murcia','E',1070401,11314,'Murcia','Murcia'),('Mures','RO',621000,6696,'Tirgu Mures','Mures'),('Murmanskaya oblast','R',1048000,144900,'Murmansk','Murmanskaya oblast'),('Mus','TR',376543,8196,'Mus','Mus'),('Mwanza','EAT',1878300,19592,'Mwanza','Mwanza'),('Mykolayivska','UA',1342400,24600,'Mykolayiv','Mykolayivska'),('Nagaland','IND',1209546,16579,'Kohima','Nagaland'),('Nagano','J',2193984,13585,'Nagano','Nagano'),('Nagasaki','J',1544934,4112,'Nagasaki','Nagasaki'),('Nairobi','EAK',1346000,684,'Nairobi','Nairobi'),('Namangan','UZB',1652000,7900,'Namangan','Namangan'),('Namibe','ANG',115000,58137,'Namibe','Namibe'),('Namibia','NAM',1677243,NULL,'Windhoek','Namibia'),('Nampula','MOC',2841400,81606,'Nampula','Nampula'),('Namur','B',426305,3665,'Namur','Namur'),('Nara','J',1430862,3692,'Nara','Nara'),('Narino','CO',1085173,33268,'Pasto','Narino'),('Nauru','NAU',10273,NULL,'Yaren','Nauru'),('Navarre','E',523614,10391,'Pamplona','Navarre'),('Nawoiy','UZB',715000,110800,'Nawoiy','Nawoiy'),('Nayarit','MEX',896702,27621,'Tepic','Nayarit'),('NE','CH',165258,803,'Neuchatel','NE'),('Neamt','RO',580000,5890,'Piatra Neamt','Neamt'),('Neath and Port Talbot','GB',140100,441,'Port Talbot','Neath and Port Talbot'),('Nebraska','USA',1656870,200349,'Lincoln','Nebraska'),('Negeri Sembilan','MAL',691150,6643,'Seremban','Negeri Sembilan'),('Nei Monggol','TJ',22600000,1183000,'Hohhot','Nei Monggol'),('Nepal','NEP',22094033,NULL,'Kathmandu','Nepal'),('Netherlands Antilles','NA',227049,NULL,'Willemstad','Netherlands Antilles'),('Neuquen','RA',388833,94078,'Neuquen','Neuquen'),('Nevada','USA',1676809,286352,'Carson City','Nevada'),('Nevsehir','TR',289509,5467,'Nevsehir','Nevsehir'),('New Brunswick','CDN',738133,73437,'Fredericton','New Brunswick'),('New Caledonia','NCA',227436,NULL,'Noumea','New Caledonia'),('New Hampshire','USA',1172709,24033,'Concord','New Hampshire'),('New Jersey','USA',8052849,20168,'Trenton','New Jersey'),('New Mexico','USA',1729751,314925,'Santa Fe','New Mexico'),('New South Wales','AUS',6115100,801428,'Sydney','New South Wales'),('New York','USA',18137226,127189,'Albany','New York'),('New Zealand','NZ',3547983,NULL,'Wellington','New Zealand'),('Newfoundland','CDN',551792,404517,'Saint Johns','Newfoundland'),('Newport','GB',137400,191,'Newport','Newport'),('Niassa','MOC',686700,129055,'Lichinga','Niassa'),('Nicaragua','NIC',4272352,NULL,'Managua','Nicaragua'),('Niedersachsen','D',7715363,47609,'Hannover','Niedersachsen'),('Nigde','TR',305861,7312,'Nigde','Nigde'),('Niger','RN',9113001,NULL,'Niamey','Niger'),('Nigeria','WAN',103912489,NULL,'Abuja','Nigeria'),('Niigata','J',2488364,12579,'Niigata','Niigata'),('Nil al Asraq','SUD',4012543,139017,'Wad Madani','Nil al Asraq'),('Ninawa','IRQ',1507926,35899,'Mosul','Ninawa'),('Ningxia Huizu','TJ',5040000,66400,'Yinchuan','Ningxia Huizu'),('Niue','NIUE',1398,NULL,'Alofi','Niue'),('Nizhegorodskaya oblast','R',3726400,74800,'Nizhniy Novgorod','Nizhegorodskaya oblast'),('Nograd','H',222700,2544,'Salgotarjan','Nograd'),('Noord Brabant','NL',2276207,4938,'s Hertogenbosch','Noord Brabant'),('Noord Holland','NL',2463611,265978,'Haarlem','Noord Holland'),('Nord','CAM',832200,65576,'Garoua','Nord'),('Nord extreme','CAM',1855700,34246,'Maroua','Nord extreme'),('Nord Pas de Calais','F',3965000,12413,'Lille','Nord Pas de Calais'),('Nord Trondelag','N',126692,NULL,'Steinkjer','Nord Trondelag'),('Nordland','N',242268,NULL,'Bodoe','Nordland'),('Nordoueste','CAM',1237300,17810,'Bamenda','Nordoueste'),('Nordrhein Westfalen','D',17816079,34077,'Dusseldorf','Nordrhein Westfalen'),('Norfolk','GB',759400,5368,'Norwich','Norfolk'),('Norfolk Island','NORF',2209,NULL,'Kingston','Norfolk Island'),('Norrbotten','S',264834,98913,'Lulea','Norrbotten'),('Norte de Santander','CO',913491,21658,'Cucuta','Norte de Santander'),('North','IL',739500,4501,'Nazareth','North'),('North Carolina','USA',7425183,136412,'Raleigh','North Carolina'),('North Dakota','USA',640883,183117,'Bismarck','North Dakota'),('North Eastern','EAK',372000,126090,'Garissa','North Eastern'),('North Korea','NOK',23904124,NULL,'Pyongyang','North Korea'),('North West','RSA',3043000,118710,'Mmabatho','North West'),('North Yorkshire','GB',720900,8309,'Northallerton','North Yorkshire'),('Northamptonshire','GB',587100,2367,'Northampton','Northamptonshire'),('Northern','Z',832700,147826,'Kasama','Northern'),('Northern Cape','RSA',746000,363389,'Kimberley','Northern Cape'),('Northern Ireland','GB',1594400,14120,'Belfast','Northern Ireland'),('Northern Mariana Islands','NMIS',88662,NULL,'Saipan','Northern Mariana Islands'),('Northern Territory','AUS',173878,1346200,'Darwin','Northern Territory'),('Northumberland','GB',307100,5032,'Newcastle upon Tyne','Tyne and Wear'),('Northwest Territories','CDN',64402,3379680,'Yellowknife','Northwest Territories'),('Northwestern','Z',396100,125827,'Solwezi','Northwestern'),('Notion Aiyaion','GR',262522,5286,'Ermoupoli','Notion Aiyaion'),('Nottinghamshire','GB',1015500,2164,'Nottingham','Nottinghamshire'),('Nova Scotia','CDN',909282,55490,'Halifax','Nova Scotia'),('Novgorodskaya oblast','R',742600,55300,'Novgorod','Novgorodskaya oblast'),('Novosibirskaya oblast','R',2748600,178200,'Novosibirsk','Novosibirskaya oblast'),('Nowosadeckie','PL',709500,5576,'Nowy Sacz','Nowosadeckie'),('Nueva Esparta','YV',330307,1150,'La Ascuncion','Nueva Esparta'),('Nuevo Leon','MEX',3550114,64555,'Monterrey','Nuevo Leon'),('NW','CH',36466,276,'Stans','NW'),('Nyanza','EAK',3558000,16162,'Kisumu','Nyanza'),('Oaxaca','MEX',3228895,95364,'Oaxaca','Oaxaca'),('Ocotepeque','HCA',81800,1680,'Ocotepeque','Ocotepeque'),('Odeska','UA',2635300,33300,'Odesa','Odeska'),('Oestfold','N',234941,NULL,'Moss','Oestfold'),('Ohio','USA',11186331,107044,'Columbus','Ohio'),('Oita','J',1231306,6338,'Oita','Oita'),('Okayama','J',1950750,7090,'Okayama','Okayama'),('Okinawa','J',1273440,2255,'Naha','Okinawa'),('Oklahoma','USA',3317091,181185,'Oklahoma City','Oklahoma'),('Olancho','HCA',318000,24351,'Jutigalpa','Olancho'),('Olsztynskie','PL',761300,12327,'Olsztyn','Olsztynskie'),('Olt','RO',535000,5507,'Slatina','Olt'),('Oman','OM',2186548,NULL,'Muscat','Oman'),('Omskaya oblast','R',2176400,139700,'Omsk','Omskaya oblast'),('Ongtustik Qazaqstan','KAZ',1987800,117300,'Shymkent','Ongtustik Qazaqstan'),('Ontario','CDN',10753573,1068580,'Toronto','Ontario'),('Opolskie','PL',1023800,8535,'Opole','Opolskie'),('Oppland','N',181791,NULL,'Lillehammer','Oppland'),('Ordu','TR',830105,6001,'Ordu','Ordu'),('Orebro','S',273608,8519,'Orebro','Orebro'),('Oregon','USA',3243487,251418,'Salem','Oregon'),('Orenburgskaya oblast','R',2228600,124000,'Orenburg','Orenburgskaya oblast'),('Orissa','IND',31659736,155707,'Bhubaneswar','Orissa'),('Orjolskaya oblast','R',914000,24700,'Orel','Orjolskaya oblast'),('Orkneys','GB',19590,992,'Kirkwall','Orkneys'),('Osaka','J',8797268,1868,'Osaka','Osaka'),('Oslo','N',449337,NULL,'Oslo','Oslo'),('Ostergotland','S',406100,10562,'Linkoping','Ostergotland'),('Ostroleckie','PL',400500,6498,'Ostroleka','Ostroleckie'),('Ouest','CAM',1339800,13872,'Bafoussam','Ouest'),('Oulu','SF',415000,NULL,'Oulu','Oulu'),('Outer Hebrides','GB',26370,3071,'Stornoway','Outer Hebrides'),('Overijssel','NL',1050389,3337,'Zwolle','Overijssel'),('OW','CH',31310,490,'Sarnen','OW'),('Oxfordshire','GB',597700,2608,'Oxford','Oxfordshire'),('Pahang','MAL',1036724,35965,'Kuantan','Pahang'),('Pakistan','PK',129275660,NULL,'Islamabad','Pakistan'),('Palau','PAL',16952,NULL,'Melekeok','Palau'),('Panama','PA',1168500,11887,'Panama City','Panama'),('Papua New Guinea','PNG',4394537,NULL,'Port Moresby','Papua New Guinea'),('Para','BR',5522783,1253160,'Belem','Para'),('Paraguay','PY',5504146,NULL,'Asuncion','Paraguay'),('Paraiba','BR',3305562,56584,'Joao Pessoa','Paraiba'),('Parana','BR',8985981,199709,'Curitiba','Parana'),('Pasco','PE',243366,25319,'Cerro de Pasco','Pasco'),('Pavlodar','KAZ',943600,124800,'Pavlodar','Pavlodar'),('Pays de la Loire','F',3059000,32082,'Nantes','Pays de la Loire'),('Pecs (munic.)','H',171600,113,'Pecs','Pecs (munic.)'),('Peloponnisos','GR',605663,15490,'Tripoli','Peloponnisos'),('Pembrokeshire','GB',113600,1590,'Haverfordwest','Pembrokeshire'),('Pennsylvania','USA',12019661,117347,'Harrisburg','Pennsylvania'),('Penzenskaya oblast','R',1562300,43200,'Penza','Penzenskaya oblast'),('Perak','MAL',1880016,21005,'Ipoh','Perak'),('Perlis','MAL',184070,795,'Kangar','Perlis'),('Permskaya oblast','R',3009400,160600,'Perm','Permskaya oblast'),('Pernambuco','BR',7404559,98937,'Recife','Pernambuco'),('Pest','H',957900,6394,'Budapest','Budapest (munic.)'),('Philippines','RP',74480848,NULL,'Manila','Philippines'),('Piaui','BR',2676098,252378,'Teresina','Piaui'),('Picardie','F',1811000,19399,'Amiens','Picardie'),('Piemonte','I',4307000,25399,'Turin','Piemonte'),('Pilskie','PL',485700,8205,'Pila','Pilskie'),('Pinar del Rio','C',678000,10925,'Pinar del Rio','Pinar del Rio'),('Piotrkowskie','PL',644200,6266,'Piotrkow Trybunalski','Piotrkowskie'),('Pitcairn Islands','PITC',48,NULL,'Adamstown','Pitcairn Islands'),('Piura','PE',1468337,35892,'Piura','Piura'),('Plockie','PL',518600,5117,'Plock','Plockie'),('Pohjols-Karjala','SF',177000,NULL,'Joensuu','Pohjols-Karjala'),('Poitou Charentes','F',1595000,25809,'Poitiers','Poitou Charentes'),('Poltavska','UA',1756900,28800,'Poltava','Poltavska'),('Pondicherry','IND',807785,492,'Pondicherry','Pondicherry'),('Portalegre','P',134300,6065,'Portalegre','Portalegre'),('Porto','P',1622300,2395,'Porto','Porto'),('Portuguesa','YV',720865,15200,'Guanare','Portuguesa'),('Powys','GB',121800,5204,'Llandrindod Wells','Powys'),('Poznanskie','PL',1344200,8151,'Poznan','Poznanskie'),('Praha','CZ',2329000,11490,'Prague','Praha'),('Prahova','RO',877000,4694,'Ploiesti','Prahova'),('Primorsky kray','R',2255400,165900,'Vladivostok','Primorsky kray'),('Prince Edward Island','CDN',134557,5657,'Charlottetown','Prince Edward Island'),('Provence Cote dAzur','F',4258000,31400,'Marseille','Provence Cote dAzur'),('Przemyskie','PL',409600,4437,'Przemysl','Przemyskie'),('Pskovskaya oblast','R',832300,55300,'Pskov','Pskovskaya oblast'),('Puebla','MEX',4624365,33919,'Puebla','Puebla'),('Puerto Rico','PR',3971020,NULL,'San Juan','Puerto Rico'),('Puglia','I',4066000,19348,'Bari','Puglia'),('Pulau Pinang','MAL',1065075,1031,'Penang','Pulau Pinang'),('Punjab','IND',20281969,50362,'Chandigarh','Chandigarh'),('Puno','PE',1144151,71999,'Puno','Puno'),('Puntarenas','CR',357103,11277,'Puntarenas','Puntarenas'),('Putumayo','CO',174219,24885,'Mocoa','Putumayo'),('Pwani','EAT',638000,32407,'Dar es Salaam','Daressalam'),('Qaraghandy','KAZ',1270100,115400,'Karaganda','Qaraghandy'),('Qaraqalpoghiston','UZB',1343000,164900,'Nukus','Qaraqalpoghiston'),('Qasqadare','UZB',1812000,28400,'Qarshi','Qasqadare'),('Qatar','Q',547761,NULL,'Doha','Qatar'),('Qena','ET',2493000,1851,'Qena','Qena'),('Qinghai','TJ',4740000,720000,'Xining','Qinghai'),('Qostanay','KAZ',1055300,113900,'Qostanay','Qostanay'),('Quebec','CDN',7138795,1540680,'Quebec','Quebec'),('Queensland','AUS',3277000,1727000,'Brisbane','Queensland'),('Queretaro','MEX',1250476,11769,'Queretaro','Queretaro'),('Quindio','CO',392208,1845,'Armenia','Quindio'),('Quintana Roo','MEX',703536,50350,'Chetumal','Quintana Roo'),('Qyzylorda','KAZ',606100,226000,'Qyzylorda','Qyzylorda'),('Radomskie','PL',755500,7294,'Radom','Radomskie'),('Rajasthan','IND',44005990,342239,'Jaipur','Rajasthan'),('Rakhine','MYA',2045600,36778,'Akyab','Rakhine'),('Ras al Khaymah','UAE',116000,1700,NULL,NULL),('Rep. of Adygeya','R',450500,7600,'Maykop','Rep. of Adygeya'),('Rep. of Altay','R',201600,92600,'Gorno Altaysk','Rep. of Altay'),('Rep. of Bashkortostan','R',4096600,143600,'Ufa','Rep. of Bashkortostan'),('Rep. of Buryatiya','R',1052500,351300,'Ulan Ude','Rep. of Buryatiya'),('Rep. of Dagestan','R',2097500,50300,'Makhachkala','Rep. of Dagestan'),('Rep. of Ingushetiya','R',299700,3750,'Nazran','Rep. of Ingushetiya'),('Rep. of Kalmykiya','R',318500,76100,'Elista','Rep. of Kalmykiya'),('Rep. of Karelia','R',785000,172400,'Petrozavodsk','Rep. of Karelia'),('Rep. of Khakassiya','R',585800,61900,'Abakan','Rep. of Khakassiya'),('Rep. of Komi','R',1185500,415900,'Syktyvkar','Rep. of Komi'),('Rep. of Mariy El','R',766300,23200,'Yoshkar Ola','Rep. of Mariy El'),('Rep. of Mordovia','R',955800,26200,'Saransk','Rep. of Mordovia'),('Rep. of North Ossetiya','R',662600,8000,'Vladikavkaz','Rep. of North Ossetiya'),('Rep. of Sakha','R',1022800,3103200,'Yakutsk','Rep. of Sakha'),('Rep. of Tatarstan','R',3760500,68000,'Kazan','Rep. of Tatarstan'),('Rep. of Tyva','R',309700,170500,'Kyzyl','Rep. of Tyva'),('Reunion','REUN',679198,NULL,'Saint-Denis','Reunion'),('Rheinland Pfalz','D',3951573,19851,'Mainz','Rheinland Pfalz'),('Rhode Island','USA',987429,3139,'Providence','Rhode Island'),('Rhondda Cynon Taff','GB',239000,424,'Rhondda','Rhondda Cynon Taff'),('Rhone Alpes','F',5351000,43698,'Lyon','Rhone Alpes'),('Rift Valley','EAK',4894000,173868,'Nakuru','Rift Valley'),('Rio de Janeiro','BR',13316455,43909,'Rio de Janeiro','Rio de Janeiro'),('Rio Grande do Norte','BR',2556939,53306,'Natal','Rio Grande do Norte'),('Rio Grande do Sul','BR',9623003,282062,'Porto Alegre','Rio Grande do Sul'),('Rio Negro','RA',506772,203013,'Viedma','Rio Negro'),('Rioja','E',263437,5045,'Logrono','Rioja'),('Risaralda','CO',652872,4140,'Pereira','Risaralda'),('Rivnenska','UA',1176800,20100,'Rivne','Rivnenska'),('Rize','TR',348776,3920,'Rize','Rize'),('Rogaland','N',323365,NULL,'Stavanger','Rogaland'),('Rondonia','BR',1221290,238512,'Porto Velho','Rondonia'),('Roraima','BR',247724,225116,'Boa Vista','Roraima'),('Rostovskaya oblast','R',4426400,100800,'Rostov no Donu','Rostovskaya oblast'),('Rukwa','EAT',684000,68635,'Sumbawanga','Rukwa'),('Ruvuma','EAT',783300,63498,'Songea','Ruvuma'),('Rwanda','RWA',6853359,NULL,'Kigali','Rwanda'),('Ryazanskaya oblast','R',1325300,39600,'Ryazan','Ryazanskaya oblast'),('Rzeszowskie','PL',734100,4397,'Rzeszow','Rzeszowskie'),('Saarland','D',1084201,2570,'Saarbrucken','Saarland'),('Sabah','MAL',1736902,73620,'Kota Kinabalu','Sabah'),('Sachsen','D',4584345,18412,'Dresden','Sachsen'),('Sachsen Anhalt','D',2759213,20446,'Magdeburg','Sachsen Anhalt'),('Saga','J',884316,2433,'Saga','Saga'),('Sagaing','MYA',3862200,94625,'Sagaing','Sagaing'),('Saint Helena','HELX',7637,NULL,'Jamestown','Saint Helena'),('Saint Kitts and Nevis','KN',41369,NULL,'Basseterre','Saint Kitts and Nevis'),('Saint Louis','SN',680200,44127,'Saint Louis','Saint Louis'),('Saint Lucia','WL',157862,NULL,'Castries','Saint Lucia'),('Saint Martin','SMAR',29820,NULL,'Marigot','Saint Martin'),('Saint Pierre and Miquelon','SPMI',6809,NULL,'Saint-Pierre','Saint Pierre and Miquelon'),('Saint Vincent and the Grenadines','WV',118344,NULL,'Kingstown','Saint Vincent and the Grenadines'),('Saitama','J',6759311,3799,'Urawa','Saitama'),('Sakarya','TR',683061,4817,'Sakarya','Sakarya'),('Sakhalinskaya oblast','R',647800,87100,'Yuzhno Sakhalinsk','Sakhalinskaya oblast'),('Salah ad Din','IRQ',723500,26175,'Samarra','Salah ad Din'),('Salaj','RO',269000,3850,'Zalau','Salaj'),('Salta','RA',866153,155488,'Salta','Salta'),('Salzburg','A',501000,7154,'Salzburg','Salzburg'),('Samarqand','UZB',2322000,16400,'Samarqand','Samarqand'),('Samarskaya oblast','R',3311500,53600,'Samara','Samarskaya oblast'),('Samoa','WS',214384,NULL,'Apia','Samoa'),('Samsun','TR',1158400,9579,'Samsun','Samsun'),('San Andres y Providencia','CO',35818,44,'San Andres','San Andres y Providencia'),('San Jose','CR',1163943,4960,'San Jose','San Jose'),('San Juan','RA',528715,89651,'San Juan','San Juan'),('San Luis','RA',286458,76748,'San Luis','San Luis'),('San Luis Potosi','MEX',2200763,62848,'San Luis Potosi','San Luis Potosi'),('San Marino','RSM',24521,NULL,'San Marino','San Marino'),('San Martin','PE',627781,51253,'Moyobamba','San Martin'),('Sancti Spiritus','C',420000,6744,'Sancti Spiritus','Sancti Spiritus'),('Sankt Peterburg','R',4801500,0,'Sankt Peterburg','Sankt Peterburg'),('Sanliurfa','TR',1001455,18584,'Urfa','Sanliurfa'),('Santa Barbara','HCA',307500,5113,'Santa Barbara','Santa Barbara'),('Santa Catarina','BR',4865090,95442,'Florianopolis','Santa Catarina'),('Santa Cruz','RA',159839,243943,'Rio Gallegos','Santa Cruz'),('Santa Fe','RA',2798422,133007,'Santa Fe','Santa Fe'),('Santa Fe de Bogota, DC','CO',4236490,1587,'Bogota','Santa Fe de Bogota, DC'),('Santander del Sur','CO',1511392,30537,'Bucaramanga','Santander del Sur'),('Santarem','P',442700,6747,'Santarem','Santarem'),('Santiago de Cuba','C',968000,6170,'Santiago de Cuba','Santiago de Cuba'),('Santiago de Estero','RA',671988,136351,'Santiago del Estero','Santiago de Estero'),('Sao Paulo','BR',34055715,248808,'Sao Paulo','Sao Paulo'),('Sao Tome and Principe','STP',144128,NULL,'Sao Tome','Sao Tome and Principe'),('Saratovskaya oblast','R',2739500,100200,'Saratov','Saratovskaya oblast'),('Sarawak','MAL',1648217,124449,'Kuching','Sarawak'),('Sardegna','I',1657000,24090,'Cagliari','Sardegna'),('Saskatchewan','CDN',990237,651900,'Regina','Saskatchewan'),('Satu Mare','RO',417000,4405,'Satu Mare','Satu Mare'),('Saudi Arabia','SA',19409058,NULL,'Riyadh','Saudi Arabia'),('Schleswig Holstein','D',2708392,15738,'Kiel','Schleswig Holstein'),('Selangor','MAL',2289236,7956,'Shah Alam','Selangor'),('Semey','KAZ',811000,185800,'Semey','Semey'),('Semnan','IR',458125,90905,'Semnan','Semnan'),('Serbia','SRB',7379339,NULL,'Belgrade','Serbia'),('Sergipe','BR',1617368,22050,'Aracaju','Sergipe'),('Setubal','P',713700,5064,'Setubal','Setubal'),('Severocesky','CZ',1190000,7819,'Usti nad Labem','Severocesky'),('Severomoravsky','CZ',1976000,11067,'Ostrava','Severomoravsky'),('Seychelles','SY',77575,NULL,'Victoria','Seychelles'),('SG','CH',442350,2025,'Sankt Gallen','SG'),('SH','CH',74035,298,'Schaffhausen','SH'),('Shaanxi','TJ',34810000,205000,'Xian','Shaanxi'),('Shaba/Katanga','ZRE',4452618,496965,'Lubumbashi','Shaba/Katanga'),('Shan','MYA',3716800,155801,'Taunggyi','Shan'),('Shandong','TJ',86710000,153000,'Jinan','Shandong'),('Shanghai (munic.)','TJ',13560000,6200,'Shanghai','Shanghai (munic.)'),('Shanxi','TJ',30450000,156000,'Taiyuan','Shanxi'),('Sharqiya','ET',3766000,4180,'Zagazig','Sharqiya'),('Shetland','GB',22000,1466,'Lerwick','Shetland'),('Shiga','J',1287005,4016,'Otsu','Shiga'),('Shimane','J',771441,6628,'Matsue','Shimane'),('Shinyanga','EAT',1772500,50781,'Shinyanga','Shinyanga'),('Shizuoka','J',3737689,7773,'Shizuoka','Shizuoka'),('Shropshire','GB',412500,3490,'Shrewsbury','Shropshire'),('Shyghys Qazaqstan','KAZ',939500,97500,'Oskemen','Shyghys Qazaqstan'),('Sibiu','RO',509000,5422,'Sibiu','Sibiu'),('Sichuan','TJ',112140000,570000,'Chengdu','Sichuan'),('Sicilia','I',5025000,25709,'Palermo','Sicilia'),('Siedleckie','PL',655300,8499,'Siedlce','Siedleckie'),('Sieradzkie','PL',408700,4869,'Sieradz','Sieradzkie'),('Sierra Leone','WAL',4793121,NULL,'Freetown','Sierra Leone'),('Siirt','TR',243435,5406,'Siirt','Siirt'),('Sikkim','IND',406457,7096,'Gangtok','Sikkim'),('Sina al Janubiyah','ET',33000,33140,'El Tur','Sina al Janubiyah'),('Sina ash Shamaliyah','ET',196000,27574,'El Arish','Sina ash Shamaliyah'),('Sinaloa','MEX',2425675,58092,'Culiacan','Sinaloa'),('Singapore','SGP',3396924,NULL,'Singapore','Singapore'),('Singida','EAT',791800,49341,'Singida','Singida'),('Sinop','TR',265153,5862,'Sinop','Sinop'),('Sirdare','UZB',600000,5100,'Guliston','Sirdare'),('Sirnak','TR',262006,7172,'Sirnak','Sirnak'),('Sistan e Baluchestan','IR',1455102,181578,'Zahedan','Sistan e Baluchestan'),('Sivas','TR',767481,28488,'Sivas','Sivas'),('Skaraborg','S',278162,7937,'Mariestad','Skaraborg'),('Skierniewickie','PL',421700,3960,'Skierniewice','Skierniewickie'),('Slovakia','SK',5374362,NULL,'Bratislava','Slovakia'),('Slovenia','SLO',1951443,NULL,'Ljubljana','Slovenia'),('Slupskie','PL',419300,7453,'Slupsk','Slupskie'),('Smolenskaya oblast','R',1172400,49800,'Smolensk','Smolenskaya oblast'),('SO','CH',239264,790,'Solothurn','SO'),('Sodermanland','S',256818,6060,'Nykoping','Sodermanland'),('Soer Trondelag','N',246824,NULL,'Trondheim','Soer Trondelag'),('Sofala','MOC',1427500,68018,'Beira','Sofala'),('Sogn og Fjordane','N',106116,NULL,'Hermannsverk','Sogn og Fjordane'),('Sohag','ET',2689000,1547,'Sohag','Sohag'),('Solomon Islands','SLB',412902,NULL,'Honiara','Solomon Islands'),('Soltustik Qazaqstan','KAZ',600900,45000,'Petropavl','Soltustik Qazaqstan'),('Somalia','SP',9639151,NULL,'Mogadishu','Somalia'),('Somerset','GB',469400,3451,'Taunton','Somerset'),('Somogy','H',340000,6035,'Kaposvar','Somogy'),('Sonora','MEX',2085536,184934,'Hermosillo','Sonora'),('South','IL',529300,14107,'Beer Sheva','South'),('South Australia','AUS',1474000,984377,'Adelaide','South Australia'),('South Carolina','USA',3760181,80582,'Columbia','South Carolina'),('South Dakota','USA',737973,199730,'Pierre','South Dakota'),('South Korea','ROK',45482291,NULL,'Seoul','South Korea'),('South Yorkshire','GB',1292700,1560,'Barnsley','South Yorkshire'),('Southern','Z',906900,85283,'Livingstone','Southern'),('Sri Lanka','CL',18553074,NULL,'Colombo','Sri Lanka'),('Staffordshire','GB',1047400,2716,'Stafford','Staffordshire'),('Stavropolsky kray','R',2667000,66500,'Stavropol','Stavropolsky kray'),('Sterea Ellas','GR',578876,15549,'Lamia','Sterea Ellas'),('Stockholm','S',1654511,6488,'Stockholm','Stockholm'),('Strathclyde','GB',2287800,13773,'Glasgow','Strathclyde'),('Styria','A',1203000,16386,'Graz','Styria'),('Suceava','RO',699000,8555,'Suceava','Suceava'),('Sucre','CO',561649,10917,'Sincelejo','Sucre'),('Sucre','YV',781756,11800,'Cumana','Sucre'),('Sud','CAM',373800,47110,'Ebolowa','Sud'),('Sudoueste','CAM',838000,24471,'Buea','Sudoueste'),('Suffolk','GB',661900,3797,'Ipswich','Suffolk'),('Sumska','UA',1430200,23800,'Sumy','Sumska'),('Suomi','SF',242000,NULL,'Jyvaeskylae','Suomi'),('Suriname','SME',436418,NULL,'Paramaribo','Suriname'),('Surkhondare','UZB',1437000,20800,'Termiz','Surkhondare'),('Surrey','GB',1035500,1679,'Kingston','Surrey'),('Suwalskie','PL',477100,10490,'Suwalki','Suwalskie'),('Svalbard','SVAX',2116,NULL,'Longyearbyen','Svalbard'),('Sverdlovskaya oblast','R',4686300,194300,'Yekaterinburg','Sverdlovskaya oblast'),('Swansea','GB',230900,378,'Swansea','Swansea'),('Swaziland','SD',998730,NULL,'Mbabane','Swaziland'),('Syria','SYR',15608648,NULL,'Damascus','Syria'),('SZ','CH',122409,908,'Schwyz','SZ'),('Szabolcs Szatmar','H',563500,5938,'Nyiregyhaza','Szabolcs Szatmar'),('Szczecinskie','PL',979500,9982,'Szczecin','Szczecinskie'),('Szeged (munic.)','H',178500,145,'Szeged','Szeged (munic.)'),('Szolnok','H',420900,5608,'Szolnok','Szolnok'),('Tabasco','MEX',1748769,24661,'Villahermosa','Tabasco'),('Tabora','EAT',1036300,76151,'Tabora','Tabora'),('Tachira','YV',946949,11100,'San Cristobal','Tachira'),('Tacna','PE',245843,16075,'Tacna','Tacna'),('Taiwan','RC',21465881,NULL,'Taipei','Taiwan'),('Taldyqorghan','KAZ',721500,118500,'Taldyqorghan','Taldyqorghan'),('Tamaulipas','MEX',2527328,79829,'Ciudad Victoria','Tamaulipas'),('Tambacounda','SN',370000,59602,'Tambacounda','Tambacounda'),('Tambovskaya oblast','R',1310600,34300,'Tambov','Tambovskaya oblast'),('Tamil Nadu','IND',55858946,130058,'Madras','Tamil Nadu'),('Tanga','EAT',1283600,26808,'Tanga','Tanga'),('Tanintharyi','MYA',917200,43343,'Tavoy','Tanintharyi'),('Tarnobrzeskie','PL',604300,6283,'Tarnobrzeg','Tarnobrzeskie'),('Tarnowskie','PL',678400,4151,'Tarnow','Tarnowskie'),('Tasmania','AUS',473022,67800,'Hobart','Tasmania'),('Tayside','GB',395000,7643,'Dundee','Tayside'),('Tehran','IR',9982309,29993,'Tehran','Tehran'),('Tekirdag','TR',468842,6218,'Tekirdag','Tekirdag'),('Tel Aviv','IL',1029700,170,'Tel Aviv','Tel Aviv'),('Telemark','N',162547,NULL,'Skien','Telemark'),('Teleorman','RO',504000,5760,'Alexandria','Teleorman'),('Tennessee','USA',5368198,109153,'Nashville','Tennessee'),('Terengganu','MAL',770931,12955,'Kuala Terengganu','Terengganu'),('Ternopilska','UA',1175100,13800,'Ternopil','Ternopilska'),('Tete','MOC',734600,100724,'Tete','Tete'),('Texas','USA',19439337,691027,'Austin','Texas'),('TG','CH',223372,990,'Frauenfeld','TG'),('Thailand','THA',58851357,NULL,'Bangkok','Thailand'),('Thessalia','GR',731030,14037,'Larisa','Thessalia'),('Thies','SN',948100,6601,'Thies','Thies'),('Thuringen','D',2517776,16171,'Erfurt','Thuringen'),('TI','CH',305199,2812,'Bellinzona','TI'),('Tianjin (munic.)','TJ',9350000,11300,'Tianjin','Tianjin (munic.)'),('Tibet','TJ',2360000,1220000,'Lhasa','Tibet'),('Tierra del Fuego','RA',69369,21571,'Ushuaia','Tierra del Fuego'),('Timis','RO',726000,8692,'Timisoara','Timis'),('Timor-Leste','TL',1131612,NULL,'Dili','Timor-Leste'),('Tlaxcala','MEX',883924,3914,'Tlaxcala','Tlaxcala'),('Toamasina','RM',1444700,71911,'Tamatave','Toamasina'),('Tocantins','BR',1049742,278420,'Palmas','Tocantins'),('Tochigi','J',1984390,6414,'Utsonomiya','Tochigi'),('Togo','RT',4570530,NULL,'Lome','Togo'),('Tokat','TR',719251,9958,'Tokat','Tokat'),('Tokushima','J',832427,4145,'Tokushima','Tokushima'),('Tokyo','J',11773605,2164,'Tokyo','Tokyo'),('Toliara','RM',1396700,161405,'Toliara','Toliara'),('Tolima','CO',1142220,23562,'Ibague','Tolima'),('Tolna','H',251000,3702,'Szekszard','Tolna'),('Tomskaya oblast','R',1077600,316900,'Tomsk','Tomskaya oblast'),('Tonga','TO',106466,NULL,'Nukualofa','Tonga'),('Torfaen','GB',90600,126,'Pontypool','Torfaen'),('Torghay','KAZ',305900,111800,'Arqalyq','Torghay'),('Torunskie','PL',662600,5348,'Torun','Torunskie'),('Toscana','I',3528000,22992,'Firenze','Toscana'),('Toshkent','UZB',4450000,15600,'Tashkent','Toshkent'),('Tottori','J',614929,3494,'Tottori','Tottori'),('Toyama','J',1123125,4252,'Toyama','Toyama'),('Trabzon','TR',795849,4685,'Trabzon','Trabzon'),('Trentino Alto Adige','I',904000,13618,'Bolzano','Trentino Alto Adige'),('Trinidad and Tobago','TT',1272385,NULL,'Port-of-Spain','Trinidad and Tobago'),('Tripura','IND',2757205,10486,'Agartala','Tripura'),('Troms','N',146736,NULL,'Tromsoe','Troms'),('Trujillo','YV',562752,7400,'Trujillo','Trujillo'),('Tucuman','RA',1142105,22524,'San Miguel de Tucuman','Tucuman'),('Tulcea','RO',275000,8430,'Tulcea','Tulcea'),('Tulskaya oblast','R',1814500,25700,'Tula','Tulskaya oblast'),('Tumbes','PE',173616,4669,'Tumbes','Tumbes'),('Tunceli','TR',133143,7774,'Tunceli','Tunceli'),('Tunisia','TN',9019687,NULL,'Tunis','Tunisia'),('Turks and Caicos Islands','TUCA',22942,NULL,'Grand Turk','Turks and Caicos Islands'),('Turku-Pori','SF',702000,NULL,'Turku','Turku-Pori'),('Tuvalu','TUV',10146,NULL,'Funafuti','Tuvalu'),('Tverskaya oblast','R',1650600,84100,'Tver','Tverskaya oblast'),('Tyne and Wear','GB',1125600,540,'Newcastle upon Tyne','Tyne and Wear'),('Tyrol','A',649000,12647,'Innsbruck','Tyrol'),('Tyumenskaya oblast','R',3169900,1435200,'Tyumen','Tyumenskaya oblast'),('Ucayali','PE',364596,102410,'Pucallpa','Ucayali'),('Udmurt Republic','R',1639100,42100,'Izhevsk','Udmurt Republic'),('Uganda','EAU',20158176,NULL,'Kampala','Uganda'),('Uige','ANG',837000,58698,'Uige','Uige'),('Ulyanovskaya oblast','R',1495200,37300,'Simbirsk','Ulyanovskaya oblast'),('Umbria','I',819000,8456,'Perugia','Umbria'),('Umm al Qaywayn','UAE',29000,750,NULL,NULL),('Upper Austria','A',1373000,11979,'Linz','Upper Austria'),('Uppsala','S',273918,6989,'Uppsala','Uppsala'),('UR','CH',35876,1076,'Altdorf','UR'),('Uruguay','ROU',3238952,NULL,'Montevideo','Uruguay'),('Usak','TR',290283,5341,'Usak','Usak'),('Utah','USA',2059148,219888,'Salt Lake City','Utah'),('Utrecht','NL',1063460,1356,'Utrecht','Utrecht'),('Uttar Pradesh','IND',139112287,294411,'Lucknow','Uttar Pradesh'),('Uusimaa','SF',1119000,NULL,'Helsinki','Uusimaa'),('Vaasa','SF',430000,NULL,'Vaasa','Vaasa'),('Vale of Glamorgan','GB',119200,337,'Barry','Vale of Glamorgan'),('Valencia','E',3909047,23255,'Valencia','Valencia'),('Valle','HCA',130900,1565,'Nacaome','Valle'),('Valle dAosta','I',118000,3262,'Aosta','Valle dAosta'),('Valle de Cauca','CO',3027247,22140,'Cali','Valle de Cauca'),('Van','TR',637433,19069,'Van','Van'),('Vanuatu','VU',177504,NULL,'Port-Vila','Vanuatu'),('Varmland','S',284187,17584,'Karlstad','Varmland'),('Vas','H',273900,3337,'Szombathely','Vas'),('Vaslui','RO',468000,5297,'Vaslui','Vaslui'),('Vasterbotten','S',253835,55401,'Umea','Vasterbotten'),('Vasternorrland','S',261280,21678,'Harnosand','Vasternorrland'),('Vastmanland','S',259438,6302,'Vasteras','Vastmanland'),('Vaupes','CO',26178,65268,'Mitu','Vaupes'),('VD','CH',605677,3211,'Lausanne','VD'),('Veneto','I',4415000,18364,'Venice','Veneto'),('Veracruz','MEX',6737324,72815,'Jalapa','Veracruz'),('Veraguas','PA',224700,11239,'Santiago','Veraguas'),('Vermont','USA',588978,24900,'Montpelier','Vermont'),('Vest Agder','N',140232,NULL,'Kristiansand','Vest Agder'),('Vestfold','N',191600,NULL,'Toensberg','Vestfold'),('Veszprem','H',378300,4689,'Veszprem','Veszprem'),('Viana do Castelo','P',248700,2255,'Viana do Castelo','Viana do Castelo'),('Vichada','CO',18702,100242,'Puerto Carreno','Vichada'),('Victoria','AUS',4502200,227600,'Melbourne','Victoria'),('Vienna','A',1583000,415,'Vienna','Vienna'),('Vietnam','VN',73976973,NULL,'Hanoi','Vietnam'),('Vila Real','P',237100,4328,'Vila Real','Vila Real'),('Vilcea','RO',430000,5705,'Rimnicu Vilcea','Vilcea'),('Villa Clara','C',796000,8662,'Santa Clara','Villa Clara'),('Vinnytska','UA',1914400,26500,'Vinnytsya','Vinnytska'),('Virgin Islands','VIRG',97120,NULL,'Charlotte Amalie','Virgin Islands'),('Virginia','USA',6733996,105586,'Richmond','Virginia'),('Viseu','P',401000,5007,'Viseu','Viseu'),('Vladimirskaya oblast','R',1644700,29000,'Vladimir','Vladimirskaya oblast'),('Volgogradskaya oblast','R',2703700,113900,'Volgograd','Volgogradskaya oblast'),('Vologodskaya oblast','R',1349800,145700,'Vologda','Vologodskaya oblast'),('Volynska','UA',1069000,20200,'Lutsk','Volynska'),('Vorarlberg','A',341000,2601,'Bregenz','Vorarlberg'),('Voreion Aiyaion','GR',189541,3836,'Mytilini','Voreion Aiyaion'),('Voronezhskaya oblast','R',2503800,52400,'Voronezh','Voronezhskaya oblast'),('Vrancea','RO',394000,4863,'Focsani','Vrancea'),('VS','CH',271291,5224,'Sion','VS'),('Vychodocesky','CZ',1240000,11240,'Hradec Kralove','Vychodocesky'),('Wakayama','J',1080435,4725,'Wakayama','Wakayama'),('Walbrzyskie','PL',740000,4168,'Walbrzych','Walbrzyskie'),('Wallis and Futuna','WAFU',15289,NULL,'Mata-Utu','Wallis and Futuna'),('Warszwaskie','PL',2421000,3788,'Warsaw','Warszwaskie'),('Warwickshire','GB',489900,1981,'Warwick','Warwickshire'),('Washington','USA',5610362,176479,'Olympia','Washington'),('Wasit','IRQ',546676,17153,'Al Kut','Wasit'),('West Bank','WEST',1427741,NULL,NULL,NULL),('West Bengal','IND',68077965,88752,'Calcutta','West Bengal'),('West Flanders','B',1111557,3134,'Brugge','West Flanders'),('West Midlands','GB',2619000,899,'Birmingham','West Midlands'),('West Sussex','GB',713600,1989,'Chichester','West Sussex'),('West Virginia','USA',1815787,62761,'Charleston','West Virginia'),('West Yorkshire','GB',2066200,2039,'Wakefield','West Yorkshire'),('Western','EAK',2543000,8360,'Kakamega','Western'),('Western','Z',575500,126386,'Mongu','Western'),('Western Australia','AUS',1731700,2525500,'Perth','Western Australia'),('Western Cape','RSA',4118000,129386,'Cape Town','Western Cape'),('Western Sahara','WSA',222631,NULL,'El Aaiun','Western Sahara'),('Wiltshire','GB',575100,3480,'Trowbridge','Wiltshire'),('Wisconsin','USA',5169677,145436,'Madison','Wisconsin'),('Wloclawskie','PL',430800,4402,'Wloclawek','Wloclawskie'),('Wrexham','GB',123500,499,'Wrexham','Wrexham'),('Wroclawskie','PL',1132800,6287,'Wroclaw','Wroclawskie'),('Wyoming','USA',479743,253324,'Cheyenne','Wyoming'),('Xinjiang Uygur','TJ',16320000,1600000,'Urumqi','Xinjiang Uygur'),('Yamagata','J',1256958,9327,'Yamagata','Yamagata'),('Yamaguchi','J',1555543,6106,'Yamaguchi','Yamaguchi'),('Yamanashi','J',881996,4463,'Kofu','Yamanashi'),('Yangon','MYA',3965900,10171,'Rangoon','Yangon'),('Yaracuy','YV',466152,7100,'San Felipe','Yaracuy'),('Yaroslavskaya oblast','R',1451400,36400,'Yaroslavl','Yaroslavskaya oblast'),('Yazd','IR',691119,70011,'Yazd','Yazd'),('Yemen','YE',13483178,NULL,'Sanaa','Yemen'),('Yevreyskaya avt. oblast','R',209900,36000,'Birobidzhan','Yevreyskaya avt. oblast'),('Yoro','HCA',370700,7939,'Yoro','Yoro'),('Yozgat','TR',579150,14123,'Yozgat','Yozgat'),('Yucatan','MEX',1556622,39340,'Merida','Yucatan'),('Yukon Territory','CDN',30766,536324,'Whitehorse','Yukon Territory'),('Yunnan','TJ',39390000,394000,'Kunming','Yunnan'),('Zacatecas','MEX',1336496,75040,'Zacatecas','Zacatecas'),('Zaire','ANG',192000,40130,'Mbanza Congo','Zaire'),('Zakarpatska','UA',1265900,12800,'Uzhhorod','Zakarpatska'),('Zala','H',302600,3786,'Zalaegerszeg','Zala'),('Zambezia','MOC',2619300,105008,'Quelimane','Zambezia'),('Zamojskie','PL',490800,6980,'Zamosc','Zamojskie'),('Zanjan','IR',1776133,36398,'Zanjan','Zanjan'),('Zapadocesky','CZ',869000,10875,'Plzen','Zapadocesky'),('Zaporizka','UA',2099600,27200,'Zaporizhzhya','Zaporizka'),('Zeeland','NL',365846,1791,'Middelburg','Zeeland'),('ZG','CH',92392,238,'Zug','ZG'),('ZH','CH',1175457,1728,'Zurich','ZH'),('Zhambyl','KAZ',1039600,144300,'Zhambyl','Zhambyl'),('Zhejiang','TJ',42940000,101800,'Hangzhou','Zhejiang'),('Zhezkazghan','KAZ',484400,312600,'Zhezkazghan','Zhezkazghan'),('Zhytomyrska','UA',1510700,29900,'Zhytomyr','Zhytomyrska'),('Zielonogorskie','PL',664700,8868,'Zielona Gora','Zielonogorskie'),('Ziguinchor','SN',394700,7339,'Ziguinchor','Ziguinchor'),('Zimbabwe','ZW',11271314,NULL,'Harare','Zimbabwe'),('Zonguldak','TR',1073560,8629,'Zonguldak','Zonguldak'),('Zuid Holland','NL',3325064,2859,'s Gravenhage','Zuid Holland'),('Zulia','YV',2820250,63100,'Maracaibo','Zulia');
/*!40000 ALTER TABLE `provinces` ENABLE KEYS */;
UNLOCK TABLES;

--
-- Table structure for table `recettes`
--

DROP TABLE IF EXISTS `recettes`;
/*!40101 SET @saved_cs_client     = @@character_set_client */;
/*!40101 SET character_set_client = utf8 */;
CREATE TABLE `recettes` (
  `id` int(11) NOT NULL AUTO_INCREMENT,
  `montant` double NOT NULL,
  `source` varchar(255) DEFAULT NULL,
  `source_type` varchar(255) NOT NULL COMMENT 'donateurs/fondbailleurs',
  `devise_id` int(11) DEFAULT NULL,
  `date_virement` date NOT NULL,
  `date_reception` date NOT NULL,
  `modepaiement_id` int(11) DEFAULT NULL,
  `type` varchar(255) NOT NULL,
  `type_id` int(11) DEFAULT NULL,
  PRIMARY KEY (`id`)
) ENGINE=InnoDB AUTO_INCREMENT=260 DEFAULT CHARSET=latin1;
/*!40101 SET character_set_client = @saved_cs_client */;

--
-- Dumping data for table `recettes`
--

LOCK TABLES `recettes` WRITE;
/*!40000 ALTER TABLE `recettes` DISABLE KEYS */;
INSERT INTO `recettes` VALUES (1,100,'3','',3,'2015-01-01','2015-01-01',1,'cotisation',1),(2,100,'4','',3,'2015-01-01','2015-01-01',1,'cotisation',2),(3,100,'8','',3,'2015-01-01','2015-01-01',1,'cotisation',3),(4,50,'10','',3,'2015-01-01','2015-01-01',1,'cotisation',4),(5,100,'15','',3,'2015-01-01','2015-01-01',1,'cotisation',5),(6,100,'17','',3,'2015-01-01','2015-01-01',1,'cotisation',6),(7,50,'18','',3,'2015-01-01','2015-01-01',1,'cotisation',7),(8,100,'19','',3,'2015-01-01','2015-01-01',1,'cotisation',8),(9,100,'22','',3,'2015-01-01','2015-01-01',1,'cotisation',9),(10,100,'28','',3,'2015-01-01','2015-01-01',1,'cotisation',10),(11,50,'31','',3,'2015-01-01','2015-01-01',1,'cotisation',11),(12,100,'32','',3,'2015-01-01','2015-01-01',1,'cotisation',12),(13,50,'33','',3,'2015-01-01','2015-01-01',1,'cotisation',13),(14,100,'40','',3,'2015-01-01','2015-01-01',1,'cotisation',14),(15,100,'41','',3,'2015-01-01','2015-01-01',1,'cotisation',15),(16,100,'46','',3,'2015-01-01','2015-01-01',1,'cotisation',16),(17,100,'47','',3,'2015-01-01','2015-01-01',1,'cotisation',17),(18,100,'48','',3,'2015-01-01','2015-01-01',1,'cotisation',18),(19,50,'49','',3,'2015-01-01','2015-01-01',1,'cotisation',19),(20,50,'51','',3,'2015-01-01','2015-01-01',1,'cotisation',20),(21,100,'53','',3,'2015-01-01','2015-01-01',1,'cotisation',21),(22,100,'54','',3,'2015-01-01','2015-01-01',1,'cotisation',22),(23,100,'55','',3,'2015-01-01','2015-01-01',1,'cotisation',23),(24,100,'59','',3,'2015-01-01','2015-01-01',1,'cotisation',24),(25,100,'65','',3,'2015-01-01','2015-01-01',1,'cotisation',25),(26,100,'68','',3,'2015-01-01','2015-01-01',1,'cotisation',26),(27,100,'71','',3,'2015-01-01','2015-01-01',1,'cotisation',27),(28,100,'72','',3,'2015-01-01','2015-01-01',1,'cotisation',28),(29,50,'73','',3,'2015-01-01','2015-01-01',1,'cotisation',29),(30,100,'74','',3,'2015-01-01','2015-01-01',1,'cotisation',30),(31,100,'77','',3,'2015-01-01','2015-01-01',1,'cotisation',31),(32,100,'86','',3,'2015-01-01','2015-01-01',1,'cotisation',32),(33,100,'88','',3,'2015-01-01','2015-01-01',1,'cotisation',33),(34,100,'95','',3,'2015-01-01','2015-01-01',1,'cotisation',34),(35,100,'97','',3,'2015-01-01','2015-01-01',1,'cotisation',35),(36,100,'100','',3,'2015-01-01','2015-01-01',1,'cotisation',36),(37,100,'101','',3,'2015-01-01','2015-01-01',1,'cotisation',37),(38,100,'102','',3,'2015-01-01','2015-01-01',1,'cotisation',38),(39,100,'103','',3,'2015-01-01','2015-01-01',1,'cotisation',39),(40,100,'104','',3,'2015-01-01','2015-01-01',1,'cotisation',40),(41,100,'107','',3,'2015-01-01','2015-01-01',1,'cotisation',41),(42,100,'111','',3,'2015-01-01','2015-01-01',1,'cotisation',42),(43,100,'112','',3,'2015-01-01','2015-01-01',1,'cotisation',43),(44,100,'114','',3,'2015-01-01','2015-01-01',1,'cotisation',44),(45,50,'117','',3,'2015-01-01','2015-01-01',1,'cotisation',45),(46,100,'121','',3,'2015-01-01','2015-01-01',1,'cotisation',46),(47,50,'123','',3,'2015-01-01','2015-01-01',1,'cotisation',47),(48,100,'129','',3,'2015-01-01','2015-01-01',1,'cotisation',48),(49,100,'130','',3,'2015-01-01','2015-01-01',1,'cotisation',49),(50,100,'131','',3,'2015-01-01','2015-01-01',1,'cotisation',50),(51,100,'140','',3,'2015-01-01','2015-01-01',1,'cotisation',51),(52,100,'142','',3,'2015-01-01','2015-01-01',1,'cotisation',52),(53,100,'144','',3,'2015-01-01','2015-01-01',1,'cotisation',53),(54,100,'149','',3,'2015-01-01','2015-01-01',1,'cotisation',54),(55,100,'152','',3,'2015-01-01','2015-01-01',1,'cotisation',55),(56,50,'160','',3,'2015-01-01','2015-01-01',1,'cotisation',56),(57,50,'162','',3,'2015-01-01','2015-01-01',1,'cotisation',57),(58,100,'164','',3,'2015-01-01','2015-01-01',1,'cotisation',58),(59,50,'165','',3,'2015-01-01','2015-01-01',1,'cotisation',59),(60,100,'167','',3,'2015-01-01','2015-01-01',1,'cotisation',60),(61,100,'171','',3,'2015-01-01','2015-01-01',1,'cotisation',61),(62,100,'174','',3,'2015-01-01','2015-01-01',1,'cotisation',62),(63,100,'179','',3,'2015-01-01','2015-01-01',1,'cotisation',63),(64,100,'184','',3,'2015-01-01','2015-01-01',1,'cotisation',64),(65,50,'190','',3,'2015-01-01','2015-01-01',1,'cotisation',65),(66,100,'191','',3,'2015-01-01','2015-01-01',1,'cotisation',66),(67,100,'201','',3,'2015-01-01','2015-01-01',1,'cotisation',67),(68,100,'205','',3,'2015-01-01','2015-01-01',1,'cotisation',68),(69,50,'213','',3,'2015-01-01','2015-01-01',1,'cotisation',69),(70,50,'214','',3,'2015-01-01','2015-01-01',1,'cotisation',70),(71,50,'217','',3,'2015-01-01','2015-01-01',1,'cotisation',71),(72,10,'220','',3,'2015-01-01','2015-01-01',1,'cotisation',72),(73,50,'223','',3,'2015-01-01','2015-01-01',1,'cotisation',73),(74,100,'224','',3,'2015-01-01','2015-01-01',1,'cotisation',74),(75,100,'225','',3,'2015-01-01','2015-01-01',1,'cotisation',75),(76,100,'230','',3,'2015-01-01','2015-01-01',1,'cotisation',76),(77,100,'231','',3,'2015-01-01','2015-01-01',1,'cotisation',77),(78,100,'232','',3,'2015-01-01','2015-01-01',1,'cotisation',78),(79,100,'235','',3,'2015-01-01','2015-01-01',1,'cotisation',79),(80,100,'239','',3,'2015-01-01','2015-01-01',1,'cotisation',80),(81,100,'246','',3,'2015-01-01','2015-01-01',1,'cotisation',81),(82,100,'250','',3,'2015-01-01','2015-01-01',1,'cotisation',82),(83,50,'251','',3,'2015-01-01','2015-01-01',1,'cotisation',83),(84,100,'260','',3,'2015-01-01','2015-01-01',1,'cotisation',84),(85,100,'263','',3,'2015-01-01','2015-01-01',1,'cotisation',85),(86,100,'264','',3,'2015-01-01','2015-01-01',1,'cotisation',86),(87,100,'265','',3,'2015-01-01','2015-01-01',1,'cotisation',87),(88,100,'266','',3,'2015-01-01','2015-01-01',1,'cotisation',88),(89,50,'7','',3,'2016-01-01','2016-01-01',1,'cotisation',131),(90,100,'15','',3,'2016-01-01','2016-01-01',1,'cotisation',132),(91,50,'31','',3,'2016-01-01','2016-01-01',1,'cotisation',133),(92,50,'34','',3,'2016-01-01','2016-01-01',1,'cotisation',134),(93,50,'38','',3,'2016-01-01','2016-01-01',1,'cotisation',135),(94,50,'50','',3,'2016-01-01','2016-01-01',1,'cotisation',136),(95,50,'61','',3,'2016-01-01','2016-01-01',1,'cotisation',137),(96,100,'65','',3,'2016-01-01','2016-01-01',1,'cotisation',138),(97,50,'69','',3,'2016-01-01','2016-01-01',1,'cotisation',139),(98,100,'74','',3,'2016-01-01','2016-01-01',1,'cotisation',140),(99,50,'80','',3,'2016-01-01','2016-01-01',1,'cotisation',141),(100,50,'84','',3,'2016-01-01','2016-01-01',1,'cotisation',142),(101,100,'86','',3,'2016-01-01','2016-01-01',1,'cotisation',143),(102,50,'90','',3,'2016-01-01','2016-01-01',1,'cotisation',144),(103,100,'101','',3,'2016-01-01','2016-01-01',1,'cotisation',145),(104,100,'104','',3,'2016-01-01','2016-01-01',1,'cotisation',146),(105,50,'105','',3,'2016-01-01','2016-01-01',1,'cotisation',147),(106,50,'106','',3,'2016-01-01','2016-01-01',1,'cotisation',148),(107,50,'110','',3,'2016-01-01','2016-01-01',1,'cotisation',149),(108,100,'127','',3,'2016-01-01','2016-01-01',1,'cotisation',150),(109,100,'131','',3,'2016-01-01','2016-01-01',1,'cotisation',151),(110,100,'135','',3,'2016-01-01','2016-01-01',1,'cotisation',152),(111,100,'136','',3,'2016-01-01','2016-01-01',1,'cotisation',153),(112,100,'149','',3,'2016-01-01','2016-01-01',1,'cotisation',154),(113,100,'152','',3,'2016-01-01','2016-01-01',1,'cotisation',155),(114,100,'171','',3,'2016-01-01','2016-01-01',1,'cotisation',156),(115,100,'177','',3,'2016-01-01','2016-01-01',1,'cotisation',157),(116,100,'181','',3,'2016-01-01','2016-01-01',1,'cotisation',158),(117,50,'182','',3,'2016-01-01','2016-01-01',1,'cotisation',159),(118,100,'192','',3,'2016-01-01','2016-01-01',1,'cotisation',160),(119,50,'206','',3,'2016-01-01','2016-01-01',1,'cotisation',161),(120,100,'223','',3,'2016-01-01','2016-01-01',1,'cotisation',162),(121,50,'226','',3,'2016-01-01','2016-01-01',1,'cotisation',163),(122,100,'229','',3,'2016-01-01','2016-01-01',1,'cotisation',164),(123,100,'230','',3,'2016-01-01','2016-01-01',1,'cotisation',165),(124,100,'231','',3,'2016-01-01','2016-01-01',1,'cotisation',166),(125,100,'232','',3,'2016-01-01','2016-01-01',1,'cotisation',167),(126,100,'235','',3,'2016-01-01','2016-01-01',1,'cotisation',168),(127,100,'237','',3,'2016-01-01','2016-01-01',1,'cotisation',169),(128,100,'240','',3,'2016-01-01','2016-01-01',1,'cotisation',170),(129,50,'243','',3,'2016-01-01','2016-01-01',1,'cotisation',171),(130,50,'258','',3,'2016-01-01','2016-01-01',1,'cotisation',172),(131,100,'264','',3,'2016-01-01','2016-01-01',1,'cotisation',173),(132,100,'19','',3,'2017-01-01','2017-01-01',1,'cotisation',194),(133,100,'46','',3,'2017-01-01','2017-01-01',1,'cotisation',195),(134,100,'47','',3,'2017-01-01','2017-01-01',1,'cotisation',196),(135,100,'52','',3,'2017-01-01','2017-01-01',1,'cotisation',197),(136,100,'54','',3,'2017-01-01','2017-01-01',1,'cotisation',198),(137,50,'62','',3,'2017-01-01','2017-01-01',1,'cotisation',199),(138,100,'71','',3,'2017-01-01','2017-01-01',1,'cotisation',200),(139,100,'73','',3,'2017-01-01','2017-01-01',1,'cotisation',201),(140,100,'74','',3,'2017-01-01','2017-01-01',1,'cotisation',202),(141,100,'86','',3,'2017-01-01','2017-01-01',1,'cotisation',203),(142,100,'88','',3,'2017-01-01','2017-01-01',1,'cotisation',204),(143,100,'101','',3,'2017-01-01','2017-01-01',1,'cotisation',205),(144,100,'104','',3,'2017-01-01','2017-01-01',1,'cotisation',206),(145,100,'108','',3,'2017-01-01','2017-01-01',1,'cotisation',207),(146,100,'115','',3,'2017-01-01','2017-01-01',1,'cotisation',208),(147,100,'122','',3,'2017-01-01','2017-01-01',1,'cotisation',209),(148,100,'131','',3,'2017-01-01','2017-01-01',1,'cotisation',210),(149,100,'143','',3,'2017-01-01','2017-01-01',1,'cotisation',211),(150,100,'149','',3,'2017-01-01','2017-01-01',1,'cotisation',212),(151,50,'150','',3,'2017-01-01','2017-01-01',1,'cotisation',213),(152,100,'152','',3,'2017-01-01','2017-01-01',1,'cotisation',214),(153,100,'171','',3,'2017-01-01','2017-01-01',1,'cotisation',215),(154,100,'200','',3,'2017-01-01','2017-01-01',1,'cotisation',216),(155,100,'201','',3,'2017-01-01','2017-01-01',1,'cotisation',217),(156,100,'221','',3,'2017-01-01','2017-01-01',1,'cotisation',218),(157,100,'223','',3,'2017-01-01','2017-01-01',1,'cotisation',219),(158,100,'230','',3,'2017-01-01','2017-01-01',1,'cotisation',220),(159,100,'232','',3,'2017-01-01','2017-01-01',1,'cotisation',221),(160,100,'235','',3,'2017-01-01','2017-01-01',1,'cotisation',222),(161,100,'250','',3,'2017-01-01','2017-01-01',1,'cotisation',223),(162,100,'262','',3,'2017-01-01','2017-01-01',1,'cotisation',224),(163,100,'263','',3,'2017-01-01','2017-01-01',1,'cotisation',225),(256,23000,'10','',3,'2017-08-01','2017-08-03',2,'projet',20),(257,17500,'15','',3,'2017-08-05','2017-08-03',3,'projet',13),(258,35000,'24','donateurs',3,'2016-12-31','2016-12-31',1,'don',24),(259,15000,NULL,'fondsbailleurs',1,'2017-09-06','2017-09-08',3,'don',10);
/*!40000 ALTER TABLE `recettes` ENABLE KEYS */;
UNLOCK TABLES;

--
-- Table structure for table `reunions`
--

DROP TABLE IF EXISTS `reunions`;
/*!40101 SET @saved_cs_client     = @@character_set_client */;
/*!40101 SET character_set_client = utf8 */;
CREATE TABLE `reunions` (
  `id` int(10) unsigned NOT NULL AUTO_INCREMENT,
  `reuniontype_id` int(11) NOT NULL,
  `sujet_id` int(11) NOT NULL,
  `objet` varchar(255) COLLATE utf8_unicode_ci NOT NULL,
  `date_reunion` datetime NOT NULL,
  `lieu` varchar(255) COLLATE utf8_unicode_ci NOT NULL,
  `chorum` varchar(255) COLLATE utf8_unicode_ci NOT NULL,
  PRIMARY KEY (`id`)
) ENGINE=InnoDB AUTO_INCREMENT=3 DEFAULT CHARSET=utf8 COLLATE=utf8_unicode_ci;
/*!40101 SET character_set_client = @saved_cs_client */;

--
-- Dumping data for table `reunions`
--

LOCK TABLES `reunions` WRITE;
/*!40000 ALTER TABLE `reunions` DISABLE KEYS */;
INSERT INTO `reunions` VALUES (1,2,1,'Test CN','2017-04-01 10:30:00','Rabat','20'),(2,1,1,'AG normal','2017-01-09 12:14:38','Casablanca','5');
/*!40000 ALTER TABLE `reunions` ENABLE KEYS */;
UNLOCK TABLES;

--
-- Table structure for table `reuniontypes`
--

DROP TABLE IF EXISTS `reuniontypes`;
/*!40101 SET @saved_cs_client     = @@character_set_client */;
/*!40101 SET character_set_client = utf8 */;
CREATE TABLE `reuniontypes` (
  `id` int(10) unsigned NOT NULL AUTO_INCREMENT,
  `type_reunion` varchar(255) COLLATE utf8_unicode_ci NOT NULL,
  `code` varchar(10) COLLATE utf8_unicode_ci DEFAULT NULL,
  PRIMARY KEY (`id`)
) ENGINE=InnoDB AUTO_INCREMENT=9 DEFAULT CHARSET=utf8 COLLATE=utf8_unicode_ci;
/*!40101 SET character_set_client = @saved_cs_client */;

--
-- Dumping data for table `reuniontypes`
--

LOCK TABLES `reuniontypes` WRITE;
/*!40000 ALTER TABLE `reuniontypes` DISABLE KEYS */;
INSERT INTO `reuniontypes` VALUES (1,'Assemblée Générale ordinaire','ag'),(2,'Assemblée Générale extraordinaire','ag'),(3,'Assemblée Générale élective','ag'),(4,'Conseil National','cn'),(5,'Bureau Administratif','ba'),(6,'Bureau Exécutif','be'),(7,'CN+BE','cnbe'),(8,'BA+BE','babe');
/*!40000 ALTER TABLE `reuniontypes` ENABLE KEYS */;
UNLOCK TABLES;

--
-- Table structure for table `roles`
--

DROP TABLE IF EXISTS `roles`;
/*!40101 SET @saved_cs_client     = @@character_set_client */;
/*!40101 SET character_set_client = utf8 */;
CREATE TABLE `roles` (
  `roleId` tinyint(4) NOT NULL AUTO_INCREMENT COMMENT 'role id',
  `role` varchar(50) NOT NULL COMMENT 'role text',
  PRIMARY KEY (`roleId`)
) ENGINE=MyISAM AUTO_INCREMENT=4 DEFAULT CHARSET=utf8;
/*!40101 SET character_set_client = @saved_cs_client */;

--
-- Dumping data for table `roles`
--

LOCK TABLES `roles` WRITE;
/*!40000 ALTER TABLE `roles` DISABLE KEYS */;
INSERT INTO `roles` VALUES (1,'System Administrator'),(2,'Manager'),(3,'Employee');
/*!40000 ALTER TABLE `roles` ENABLE KEYS */;
UNLOCK TABLES;

--
-- Table structure for table `salariefonctions`
--

DROP TABLE IF EXISTS `salariefonctions`;
/*!40101 SET @saved_cs_client     = @@character_set_client */;
/*!40101 SET character_set_client = utf8 */;
CREATE TABLE `salariefonctions` (
  `id` int(10) unsigned NOT NULL AUTO_INCREMENT,
  `nom_fonction` varchar(255) COLLATE utf8_unicode_ci NOT NULL,
  PRIMARY KEY (`id`)
) ENGINE=InnoDB AUTO_INCREMENT=6 DEFAULT CHARSET=utf8 COLLATE=utf8_unicode_ci;
/*!40101 SET character_set_client = @saved_cs_client */;

--
-- Dumping data for table `salariefonctions`
--

LOCK TABLES `salariefonctions` WRITE;
/*!40000 ALTER TABLE `salariefonctions` DISABLE KEYS */;
INSERT INTO `salariefonctions` VALUES (1,'Autre'),(2,'Directrice exécutive'),(3,'Chargée de conservation (consultante)'),(4,'Chargé de communication'),(5,'Chargée d’administration');
/*!40000 ALTER TABLE `salariefonctions` ENABLE KEYS */;
UNLOCK TABLES;

--
-- Table structure for table `salaries`
--

DROP TABLE IF EXISTS `salaries`;
/*!40101 SET @saved_cs_client     = @@character_set_client */;
/*!40101 SET character_set_client = utf8 */;
CREATE TABLE `salaries` (
  `id` int(10) unsigned NOT NULL AUTO_INCREMENT,
  `personne_id` int(11) NOT NULL,
  `salariestatut_id` int(11) DEFAULT NULL,
  `reunion_id` int(11) DEFAULT NULL,
  `salariefonction_id` int(10) unsigned NOT NULL,
  `date_recrutement` date NOT NULL,
  `date_demission` date DEFAULT NULL,
  PRIMARY KEY (`id`),
  KEY `salariefonction_id` (`salariefonction_id`),
  CONSTRAINT `salaries_ibfk_1` FOREIGN KEY (`salariefonction_id`) REFERENCES `salariefonctions` (`id`)
) ENGINE=InnoDB AUTO_INCREMENT=7 DEFAULT CHARSET=utf8 COLLATE=utf8_unicode_ci;
/*!40101 SET character_set_client = @saved_cs_client */;

--
-- Dumping data for table `salaries`
--

LOCK TABLES `salaries` WRITE;
/*!40000 ALTER TABLE `salaries` DISABLE KEYS */;
INSERT INTO `salaries` VALUES (1,51,2,NULL,2,'2017-01-01',NULL),(2,223,1,NULL,3,'2017-05-01',NULL),(3,512,2,NULL,4,'2017-01-02',NULL),(4,32,2,NULL,5,'2017-01-02',NULL),(6,524,2,NULL,5,'2017-12-31',NULL);
/*!40000 ALTER TABLE `salaries` ENABLE KEYS */;
UNLOCK TABLES;

--
-- Table structure for table `salariestatuts`
--

DROP TABLE IF EXISTS `salariestatuts`;
/*!40101 SET @saved_cs_client     = @@character_set_client */;
/*!40101 SET character_set_client = utf8 */;
CREATE TABLE `salariestatuts` (
  `id` int(11) NOT NULL AUTO_INCREMENT,
  `nom_statut` varchar(100) NOT NULL,
  PRIMARY KEY (`id`)
) ENGINE=InnoDB AUTO_INCREMENT=3 DEFAULT CHARSET=utf8 COMMENT='Salarié/Consultant';
/*!40101 SET character_set_client = @saved_cs_client */;

--
-- Dumping data for table `salariestatuts`
--

LOCK TABLES `salariestatuts` WRITE;
/*!40000 ALTER TABLE `salariestatuts` DISABLE KEYS */;
INSERT INTO `salariestatuts` VALUES (1,'Consultant(e)'),(2,'Salarié(e)');
/*!40000 ALTER TABLE `salariestatuts` ENABLE KEYS */;
UNLOCK TABLES;

--
-- Table structure for table `sujets`
--

DROP TABLE IF EXISTS `sujets`;
/*!40101 SET @saved_cs_client     = @@character_set_client */;
/*!40101 SET character_set_client = utf8 */;
CREATE TABLE `sujets` (
  `id` int(10) unsigned NOT NULL AUTO_INCREMENT,
  `sujet` varchar(255) COLLATE utf8_unicode_ci NOT NULL,
  `theme_id` int(11) NOT NULL,
  PRIMARY KEY (`id`)
) ENGINE=InnoDB AUTO_INCREMENT=3 DEFAULT CHARSET=utf8 COLLATE=utf8_unicode_ci;
/*!40101 SET character_set_client = @saved_cs_client */;

--
-- Dumping data for table `sujets`
--

LOCK TABLES `sujets` WRITE;
/*!40000 ALTER TABLE `sujets` DISABLE KEYS */;
INSERT INTO `sujets` VALUES (1,'sujet 1',1),(2,'sujet 2',1);
/*!40000 ALTER TABLE `sujets` ENABLE KEYS */;
UNLOCK TABLES;

--
-- Table structure for table `table 37`
--

DROP TABLE IF EXISTS `table 37`;
/*!40101 SET @saved_cs_client     = @@character_set_client */;
/*!40101 SET character_set_client = utf8 */;
CREATE TABLE `table 37` (
  `COL 1` int(3) DEFAULT NULL,
  `COL 2` varchar(21) DEFAULT NULL,
  `COL 3` varchar(16) DEFAULT NULL,
  `COL 4` varchar(39) DEFAULT NULL,
  `COL 5` varchar(5) DEFAULT NULL,
  `COL 6` varchar(10) DEFAULT NULL,
  `COL 7` varchar(36) DEFAULT NULL,
  `COL 8` varchar(68) DEFAULT NULL,
  `COL 9` varchar(57) DEFAULT NULL,
  `COL 10` varchar(37) DEFAULT NULL,
  `COL 11` varchar(25) DEFAULT NULL,
  `COL 12` varchar(30) DEFAULT NULL,
  `COL 13` varchar(9) DEFAULT NULL,
  `COL 14` varchar(4) DEFAULT NULL,
  `COL 15` varchar(4) DEFAULT NULL,
  `COL 16` varchar(4) DEFAULT NULL,
  `COL 17` varchar(4) DEFAULT NULL,
  `COL 18` varchar(4) DEFAULT NULL,
  `COL 19` varchar(3) DEFAULT NULL,
  `COL 20` varchar(2) DEFAULT NULL
) ENGINE=InnoDB DEFAULT CHARSET=utf8;
/*!40101 SET character_set_client = @saved_cs_client */;

--
-- Dumping data for table `table 37`
--

LOCK TABLES `table 37` WRITE;
/*!40000 ALTER TABLE `table 37` DISABLE KEYS */;
INSERT INTO `table 37` VALUES (1,'Abba','El Hassan','Enseignant','00212','661054736','abbaelhassan@gmail.com','Lycée Tarik','Azrou','','','','','','',NULL,NULL,NULL,NULL,NULL),(2,'Abejja','Omar','Administrateur','00212','611699406','','lot lalla moulaty -sefrou','Sefrou','','','','','','',NULL,NULL,NULL,NULL,NULL),(3,'Achahbar','Charif','Gérant de société','00212','662340948','ucpmaroc@gmail.com','20',' rue Al Qualçadi',' Appt 14- Agdal - Rabat','Rabat','2510','100','00','','','','',NULL,NULL),(4,'Adidi','Abdelaziz','Enseignant-chercheur','00212','661876377','a2adidi@yahoo.fr','INAU',' B.P. 6215','Rabat','2551','100','00','','','','',NULL,NULL,NULL),(5,'Adlan El Mrini','Mohamed Said','Enseignant','00212','667537623','aesvtlaraksar7@yahoo.fr','Lycée Abi Absas Sebti','Tanger','','','','','','',NULL,NULL,NULL,NULL,NULL),(6,'Ahiyati','Hamza','Etudiant','00212','663214171','ahiati19@gmail.com','BLOC 4 RUE 2 N°18 HAY MOHAMMADI','Casablanca','','','','','','',NULL,NULL,NULL,NULL,NULL),(7,'Ait M\'hand','Malika','Etudiant','','','malika20014@gmail.com','Groupe Al ouahda yah nahda 8','rabat ','','','2632','50','00','','',NULL,NULL,NULL,NULL),(8,'Alaoui','Altaf','Etudiant','00212','674361135','altaf.alaoui@gmail.com','Imm. Sophale 5',' Appt. N°9',' B.M.O -meknes ','Meknès','49','100','00','','','','',NULL,NULL),(9,'Amadjar','Malika','Enseignant','00212','660652058','morjana_56@live.fr','67 Bloc C','','Kénitra','','','','','','',NULL,NULL,NULL,NULL),(10,'Ameziane','Mohamed','Etudiant','00212','633709952','mohamed.ameziane@ymail.com','B.P. 827',' Beni Bouayache 32050 -al hoceima','Al Hoceima','55','50','00','','','','',NULL,NULL,NULL),(11,'Amlal','Abderahim','Etudiant','00212','604120138','abderrahim95amalal@gmail.com','Douar Tassila massa chtouka ait baha','Massa','','','','','','',NULL,NULL,NULL,NULL,NULL),(12,'Amrani','Amrani','Enseignant','00212','672786973','aamrani49@yahoo','fr','','Ahfir','','','','','','',NULL,NULL,NULL,NULL),(13,'Amrani','El Mostapha','DAF','00212','661355787','mostaphamrani@gmail.com','Lot 1507 - bir rami sud n° 3','Kénitra ','','','','','','',NULL,NULL,NULL,NULL,NULL),(14,'Aouni','Kenza','Ingénieur en chef','00212','661655822','aounikz@gmail.com','3 Rue harroun errachid ',' agdal - rabat ','Rabat','','','','','','',NULL,NULL,NULL,NULL),(15,'Aourir','Mohamed','Enseignant','00212','671948720','maourir@gmail.com','','Agadir','2524','100','00','','100','00','','',NULL,NULL,NULL),(16,'Atany','Taha','Enseignant','00212','674423509','atany.taha@gmail.com','16',' rue Abou Ghaleb Achiani',' Maârif','Casablanca','','','','','','',NULL,NULL,NULL),(17,'Azaouaghe','Said','Enseignant','00212','661845568','azaouaghe@yahoo.fr','69',' rue  Abdelkrim El Khattabi -nador','Nador','2512','100','00','','','','',NULL,NULL,NULL),(18,'Azdem','Driss','Etudiant','00212','634562122','akraty@hotmail.fr','','casablanca','2595','50','00','','','','',NULL,NULL,NULL,NULL),(19,'Banan','Hassan','Enseignant','00212','666287501','hassanbanane63@gmail.com','Lot 75',' Appt. 6',' Houria - kenitra','Kénitra','2503','100','00','','','2855','100',NULL,NULL),(20,'Banaoui','Ali','','','','','','Agadir ','','','','','','',NULL,NULL,NULL,NULL,NULL),(21,'Bara','Mouslim','Etudiant','00213','699101375','m.bara@live.com','Ecatap',' Université Annaba 23000','Algérie','','','','','','',NULL,NULL,NULL,NULL),(22,'Bayed','Abdellatif','Enseignant-chercheur','00212','663688600','uob_isr@yahoo.com','Institut Scientifique','Rabat','66','100','00','','','','',NULL,NULL,NULL,NULL),(23,'Belfkih El Idrissi','Khalil','Fonctionnaire','00212','644594735','benlafkihelidrissikhalil@yahoo.fr','','rabat','','','','','','',NULL,NULL,NULL,NULL,NULL),(24,'Belgaziz','Soumaya','Etudiant','00212','696926678','soumayabelgaziz012@gmail.com','Bloc knr 19- sité el houda ','Agadir ','','','','','','',NULL,NULL,NULL,NULL,NULL),(25,'Belgaziz','Soumaya','Etudiant','00212','697926678','soumayabelgaziz012@gmail.com','BLOK K NR 19 CITE EL HOUDA AGADIR','Agadir ','','','','','','',NULL,NULL,NULL,NULL,NULL),(26,'Belkacem','Mohammed','Etudiant','00212','600393823','belkacem93@gmail.com','N°6',' Rue Moula Tayeb','Berkane','','','','','','',NULL,NULL,NULL,NULL),(27,'Ben Amar','Amal','Etudiant','00212','616461740','benamar2003@gmail.com','Massira 1',' Tafilalet 2 ',' imm f ',' n° 25','Marrakech','','','','','','',NULL,NULL),(28,'Ben Lafkih El Idrissi','Khalil','','','','','','','2522','100','00','','','','',NULL,NULL,NULL,NULL),(29,'Ben Salah','Sidi Mustapha','Enseignant','00212','644000369','sidiben66@yahoo.fr','Lycée Khawarizmi','Tanger','','','','','','',NULL,NULL,NULL,NULL,NULL),(30,'Ben Slimane','Mohamed','Ingenieur','00212','642819410','drefma7@gmail.com','DREF Moyen Atlas','Meknès','','','','','','',NULL,NULL,NULL,NULL,NULL),(31,'Benchama','Ayoub','Etudiant','00212','621026893','benchamaayoub@gmail.com','residence al mansour ',' imm b3 ',' appt 6 ',' tabriquet - salé ','Salé','48','50','00','2568','50','00','',''),(32,'Bencherqi','Imane','Assistante administrative et comptable','00212','668600023','icherqi.grepom@gmail.com','résidence oum hani imm 7 ',' appt 7- salé ','Rabat','50','100','00','','','','',NULL,NULL,NULL),(33,'Benhichou','Badr','Etudiant','00212','667835449','ayourbadr@gmail.com','BP4630',' CP 12020 Massira',' Témara','Témara','61','50','00','','','','',NULL,NULL),(34,'Benka','El-Mostafa','Etudiant','00212','626781485','mosben.mse@gmail.com','DR ait maala ouaouizerth azilal-22402- Azilal','Azilal ','','','2578','50','00','','',NULL,NULL,NULL,NULL),(35,'Benlafkih El Idrissi','Khalil','Fonctionnaire','00212','644594735','benlafkihelidrissikhalil@yahoo.fr','','Rabat','','','','','','',NULL,NULL,NULL,NULL,NULL),(36,'Benramel','Mostapha','Etudiant','00212','661704841','beramel_salah@yahoo.fr','Rue 182',' N° 4441','Kénitra','','','','','','',NULL,NULL,NULL,NULL),(37,'Bensaid','Ihssane','Enseignant-chercheur','','','ihbensaid@yahoo.fr','Institut Scientifique','Rabat','','','','','','',NULL,NULL,NULL,NULL,NULL),(38,'Berrada','Kaoutar','Doctorant','00212','656228872','berrada.kaoutar@gmail.com','19',' lot. youssra et Zerka/Rte Mehdia H19 Apt 8 Imb H19. Salé','salé','','','2631','50','00','','',NULL,NULL,NULL),(39,'Bibouden','Sokaina','Etudiant','00212','678091779','sokainatilila@gmail.com','AGHBALOU SIDI WASSAY MASSA',' Massa','','','','','','',NULL,NULL,NULL,NULL,NULL),(40,'Bona','Saida','','00212','664111103','reinedesbaa@gmail.com','','Marrakech','2533','100','00','','','','',NULL,NULL,NULL,NULL),(41,'Bouajaja','Adel','','00212','661707658','abouajaja@grepom.org','Lot','Dadda',' Imm. 43',' Appt. 3','Salé','2537','100','00','','','','',NULL),(42,'Bouazzaoui','Nabila','Fonctionnaire','00212','665829834','nbouaz@gmail.com','13',' Rue Pékin',' N° 13','Rabat','','','','','','',NULL,NULL,NULL),(43,'Boudraa','Wahiba','Etudiant','00213','770547202','wahibaboudraa@yahoo.fr','Cité champs Manenvre bloc 02',' n°14 24000','Guelma',' Algérie','','','','','','',NULL,NULL,NULL),(44,'Bouiamrine','El Houcine','Enseignant','00212','699302730','bouiamrine@yahoo.fr','Univ. Moulay Ismail','Meknès','','','','','','',NULL,NULL,NULL,NULL,NULL),(45,'Bouisefar','Rabie','Photographe','00212','645590659','rabiphotoghraphy@gmail.com','el quoudsse 02 blo 03 NR 118 - Taza','Taza','','','','','','',NULL,NULL,NULL,NULL,NULL),(46,'Boumaaza','Mbarek','Enseignant','00212','666221992','boumaazambarek@yahoo.fr','N°17',' Boulevard El Yarmouk','Berkane','2509','100','00','','','2859','100','00',NULL,NULL),(47,'Boumaaza','Jihad','','00212','661754498','boumaaza.jihad@gmail.com','N°17',' Boulevard El Yarmouk','Berkane','2539','100','00','','','2860','100','00',NULL,NULL),(48,'Boumedienne','Ahmed','Enseignant','00212','672786973','ahmedboumediene308@yahoo.fr','63',' Rue Anoual','Ahfir','2519','100','00','','','','',NULL,NULL,NULL),(49,'Boumedienne','Mehdi','Etudiant','','','','63',' Rue Anoual','Ahfir','2520','50','00','','','','',NULL,NULL,NULL),(50,'Bououarour','Oussama','Doctorant','00212','673810367','oussama.bouarour @gmail.com','239 ',' Secteur hay rahma salé ','Salé','','','2639','50','00','','',NULL,NULL,NULL),(51,'Bourass','Khadija','Doctorant','00212','613633387','bourass_khadija@yahoo.fr','8',' rue Mohammedia- hassan - rabat','Rabat','2552','50','00','','','','',NULL,NULL,NULL),(52,'Bourass','Abdelhak','','','','','','kenitra','','','','','2856','100','00',NULL,NULL,NULL,NULL),(53,'Bourouah','El Bachir','Enseignant Agrégé','00212','667276373','bourouahbachir@hotmail.fr','N°18',' Rue 19','hay el maamora','Kénitra','2504','100','00','','','','',NULL,NULL),(54,'Bousfiha','Mohammed','Ingénieur Informaticien','00212','662521911','bousmed@gmail.com','57',' Avenue Tadla- aviation -rabat','Rabat','2526','100','00','','','2861','100','00',NULL,NULL),(55,'Boussadik','Halima','Enseignant','00212','673062523','bousadik_halima@yahoo.fr','','Marrakech','2525','100','00','','','','',NULL,NULL,NULL,NULL),(56,'Boutbaiq','Bilal','Elève','00212','668233561','','Bloc C 55 - Maghrib Arabi ','Kénitra','','','','','','',NULL,NULL,NULL,NULL,NULL),(57,'Bouzaaboul','Mounir','Enseignant Agrégé','','','','','Kénitra','','','','','','',NULL,NULL,NULL,NULL,NULL),(58,'Bouzekry','Assia','Enseignant','00212','676917788','assiamatf@yahoo.fr','Lycée Charif Idrissi','Tétouan','','','','','','',NULL,NULL,NULL,NULL,NULL),(59,'Chafik','Mustapha','Ingénieur','00212','670906662','chafik_moustapha@yahoo.fr','N° 1154',' Secteur 8',' Rue Moulouya','Salé','387','100','00','','','','',NULL,NULL),(60,'Chakri','Said','Enseignant','00212','661259714','aesvt.tanger@yahoo.fr','CEET/Ecole Al Quods','Tanger','','','','','','',NULL,NULL,NULL,NULL,NULL),(61,'Chaoui','Hicham','Etudiant','00212','653387760','hichamchaoui96@yahoo.fr','753 Lot Arssat sala - route de kénitra - salé 11060','salé','','','','50','00','','',NULL,NULL,NULL,NULL),(62,'Chekrouni','Nadia','Etudiant','00212','649490791','naadouch1@hotmail.com','Quartier El Irfane',' Rue Errazi',' N° 27-  oujda','Oujda','','','','','2857','50','00',NULL,NULL),(63,'Chemlali','Abderrahmane','Enseignant','00212','666614774','ciconiaberkane@yahoo.fr','','Berkane','','','','','','',NULL,NULL,NULL,NULL,NULL),(64,'Chemlali','Bouchra','Elève','00212','666614774','siconia.com@berkane.com','','Berkane','','','','','','',NULL,NULL,NULL,NULL,NULL),(65,'Cherkaoui','Sidi Imad','Docteur','00212','662383331','imad.cherkaoui@gmail.com',' Résidence Nassim Al Bahr II','Salé','2536','100','00','2585','100','00','','',NULL,NULL,NULL),(66,'Chikri','Khalid','Entrepreneur','00212','661212308','khalid.chikri@gmail.com','av med ben abderahmane n°14- Tetouan','Tetouan ','','','','','','',NULL,NULL,NULL,NULL,NULL),(67,'Chikri','Khalid','Entrepreneur','00212','661212308','khalid.chikri@gmail.com','MOHAMED BEN ABDERRAHMANE N14','TETOUAN','','','','','','',NULL,NULL,NULL,NULL,NULL),(68,'Chillasse','Lahcen','Enseignant-chercheur','00212','661514004','chillasse@yahoo.fr','Univ. Moulay Ismail','Meknès','2508','100','00','','','','',NULL,NULL,NULL,NULL),(69,'Choukri','Rachid','Etudiant','00212','678449635','choukri.ra@gmail.com','N° 84 bloc D',' Asaka ',' agadir ','Agadir ','','','2635','50','00','','',NULL,NULL),(70,'Cuzin','Fabrice','','','','fabcuzin@yahoo.fr','','Marrakech','','','','','','',NULL,NULL,NULL,NULL,NULL),(71,'Dakki','Lamiaâ','Médecin Nutritioniste','00212','661460238','','12',' rue Souria',' Immeuble Jacaranda- rue souria ',' gueliz - marrakech ','Marrakech','2513','100','00','','','2874','100','00'),(72,'Dakki','Najlaâ','Infographiste','00212','537885652','n.dakki@hotmail.com','22',' lotissement Koutoubia II',' rte de mehdia ',' salé ','Salé','2514','100','00','','','','',NULL),(73,'Dakki','Chaimae','Etudiant','','','','22',' lotissement Koutoubia II ',' route de kenitra - salé','salé','2521','50','00','','','2875','100','00',NULL),(74,'Dakki','Mohamed','Enseignant-chercheur','00212','661391281','dakkiisr@gmail.com','22',' lotissement Koutoubia II ',' route de kenitra - salé','Salé','65','100','00','2871','100','2871','100','00',NULL),(75,'Dalai','Mohamed','Dir. Provincial des E&F','00212','661367139','assiamatf@yahoo.fr','Dir. Provincial des E & F','Meknès','','','','','','',NULL,NULL,NULL,NULL,NULL),(76,'Dehbi','Abdellah','Statisticien','','','','','','','','','','','',NULL,NULL,NULL,NULL,NULL),(77,'Derqaoui','Lahcen','Enseignant-chercheur','00212','668183340','lderqaoui@yahoo.fr','IAV Hassan II',' B.P. 6202','Rabat','2516','100','00','','','','',NULL,NULL,NULL),(78,'Derrou','Abderrahim','Ingénieur au eaux et foret','00212','661354597','derrou.a@hotmail.fr','Parc national d\'Ifrane','ifrane','','','','','','',NULL,NULL,NULL,NULL,NULL),(79,'Detsouli','Mohamed','Enseignant','00212','661854910','','','Berkane','','','','','','',NULL,NULL,NULL,NULL,NULL),(80,'Douini',' Ikram','Etudiant','00212','640581404','ikram.douini@gmail.com','Centre de recherche',' Faculté des Sciences et Techniques de Beni Mellal','Beni Mellal','','','2576','50','00','','',NULL,NULL,NULL),(81,'Douiri','My Rachid','Etudiant','00212','619577263','douirirachid@hotmail.com','N° 291',' cité militaire maamoura - salé','Salé','','','','','','',NULL,NULL,NULL,NULL),(82,'Douiri','Sidi Mohamed','Etudiant','00212','661736081','douirisidimohamed@gmail.com','N° 291',' cité militaire maamoura - salé','Salé','','','','','','',NULL,NULL,NULL,NULL),(83,'Drafat','Mohamed','Fonctionnaire','00212','660433664','mohammeddrafat@gmail.com','N° 115',' Sidi Ahmed Tadli -sefrou','Sefrou','','','','','','',NULL,NULL,NULL,NULL),(84,'Ech-Charafi','Soukaina','Doctorant','00212','668988750','soukainacahrafi2005@gmail.com','rue jabal ayachi n°39 - Hay nasser ',' karia - salé ','Salé ','','','','50','00','','',NULL,NULL,NULL),(85,'Egmoulane','Meriam','Etudiant','00212','669755152','meryem.igm@gmail.com','lot remel 2 n° 208 ','inzegane','','','','','','',NULL,NULL,NULL,NULL,NULL),(86,'El Agbani','Mohammed-Aziz','Enseignant-chercheur','00212','661391909','elagbani@hotmail.com','Av. Ailanthus Q12',' Rés. Assalam ',' appt 7- hay riad - rabat\",Rabat','62','100','00','60','100','00','60','100','00',NULL),(87,'El Alaoui El Fels','Moulay','','','','elalaoui.elfels@gmail.com','','Marrakech','','','','','','',NULL,NULL,NULL,NULL,NULL),(88,'El Allouli','Nabil','Enseignant','00212','666013986','nabil.svt@gmail.com ','623.lot tabjia',' maatallah m\'hamid - Marrakech ','Marrakech','2534','100','00','','','2868','100',NULL,NULL,NULL),(89,'El Azzaoui','Ahmed','Etudiant','00212','699143698','ah.elazzaoui@gmail.com','Centre Ait Amira Chtouka Ait Baha Agadir -87052','Agadir ','','','','','','',NULL,NULL,NULL,NULL,NULL),(90,'El Azzaoui','Ahmed','Etudiant','00212','699143698','ah.elazzaoui@gmail.com','Centre Ait Amira Chtouka Ait Baha Agadir -87052','Agadir ','','','','50','00','','',NULL,NULL,NULL,NULL),(91,'El Bahi','Fatima Zahra','Doctorant','00212','667151343','fatimazahraelbahi@yahoo.fr','Hay Al Massira 1',' N° 1947 - temara','Témara','','','','','','',NULL,NULL,NULL,NULL),(92,'El Baouchi','Samia','Formatrice en communication','00212','660433664','femmesbladidt@yahoo.fr','N° 115',' Sidi Ahmed Tadli- sefrou','Sefrou','','','','','','',NULL,NULL,NULL,NULL),(93,'El Blidi','Souad','Enseignant-chercheur','00212','661137595','elblidi@yahoo.fr','Institut Scientifique','Rabat','','','','','','',NULL,NULL,NULL,NULL,NULL),(94,'El Bouni','Ayad','Technicien','00212','668181197','ayad_e@yahoo.fr','DZEA',' Institut Scientifique','Rabat','','','','','','',NULL,NULL,NULL,NULL),(95,'El Falah','Said','Directeur Bureau d\'Etudes','00212','661325301','saidelfalah@gmail.com','','Rabat','47','100','00','','','','',NULL,NULL,NULL,NULL),(96,'El Fatehi','Yassine','Doctorant','00212','661696250','y.elfatehi@gmail.com','65',' rue Brahim Roudani',' App. N°5',' Océan','Rabat','','','','','','',NULL,NULL),(97,'El Fellah','Bouchta','Enseignant-chercheur','00212','661170305','elfellah59@yahoo.fr','Institut Scientifique','Rabat','2517','100','00','','','','',NULL,NULL,NULL,NULL),(98,'El Ghali Khiyati','Mohamed','Expert Environnement','00212','662174736','khiyati@gmail.com','mohammed.khiati@giz.de\",\",Rabat','','','','','','',NULL,NULL,NULL,NULL,NULL,NULL),(99,'El Ghazi','Choukri','','00212','668969914','','2200 al omrane selouane - Nador ','Nador','','','','','','',NULL,NULL,NULL,NULL,NULL),(100,'El Hajhouji','Salah Eddine','Fonctionnaire','00212','631097986','el.hajhouj.salah@gmail.com','Dar el hamra rue bouknadel ',' numero 108- salé','salé','2566','100','00','','','','',NULL,NULL,NULL),(101,'El Hammoumi','Rhimou','Enseignant-chercheur','00212','667531425','rhamoumi@hotmail.com','Faculté des Sciences','Casablanca','67','100','00','2862','100','2862','100','00',NULL,NULL,NULL),(102,'El Haoua','Mohamed Karim','Banquier','00212','660541151','kelhaoua@bmcebank.co.ma','','','2542','100','00','','','','',NULL,NULL,NULL,NULL),(103,'El Hassani','Abderahim','Administrateur','00212','642191611','Hassani_gour@hotmail.com','N° 620',' Lotissement Slaoui','Sefrou','46','100','00','','','','',NULL,NULL,NULL),(104,'El Idrissi Essougrati','Abdelaziz','Médecin Vétérinaire','00212','623384285','elidrissiaz@yahoo.fr','N°88 Bloc D',' Ksar Labhar -akkari -rabat','Rabat','23','100','00','2863','100','2863','100','00',NULL,NULL),(105,'El Joudy','Hafida','Doctorant','00212','632924138','hafida_el3ayla@gmail.com','Haychafaa',' rue rachad n°15 - 11000- salé ','salé','','','2630','50','00','','',NULL,NULL,NULL),(106,'El Kamcha','Reda','Doctorant','00212','652375987','elkamcha','reda@hotmail','com','Amal 5',' NR 1604',' El massira Cym - Rabat -10000','Rabat','','','2639','50','00','',''),(107,'El Khamlichi','Rachid','Entrepreneur','00212','668556385','ricardo196be@yahoo.es','rachid.cocn@gmail.com\",41',' Zvenue Houlouane - tetouan','Tétouan','54','100','00','','','','',NULL,NULL,NULL),(108,'El Khettabi','Anissa','Enseignant','00212','662101279','larifinia @yahoo.es ','avenu Mohamed daoud -534 ','Tetouan ','','','','','2852','100','00',NULL,NULL,NULL,NULL),(109,'El Khoumsi','Driss','Enseignant','00212','662760027','driss1953@gmail.com',' hadri33@yahoo.fr','Ahadaf - Azrou ','Azrou','','','','','','',NULL,NULL,NULL,NULL),(110,'El Mahfadi','Afrah','Doctorant','00212','672096727','afrahelmahfadi@gmail.com','','Rabat','','','2579','50','00','','',NULL,NULL,NULL,NULL),(111,'El Maroufi','Kaoutar','Commissaire Judiciaire','00212','658369344','riyadkawtar@gmail.com','Imm. 19',' Appt. 7',' Lot. Alarsa-hay chemaou ',' route kenita -salé','Salé','2562','100','00','','','','',NULL),(112,'El Miloudi','Hind','Cadre de société','00212','661527807','hindelmiloudi@hotmail.com','rabat ','rabat ','2511','100','00','','','','',NULL,NULL,NULL,NULL),(113,'El Moudden','Kaoutar','Enseignant','','','tahanoha@hotmail.com','Lot 75',' Appt 6',' Houria','Kénitra','','','','','','',NULL,NULL,NULL),(114,'El Mouden','El Hassan','','00212','672776688','elmouden@ucam.ac.ma','','Marrakech','2527','100','00','','','','',NULL,NULL,NULL,NULL),(115,'El Mounssi','Azeddine','Administrateur','','','mounssia@yahoo.fr','avenu Mohamed daoud -535','Tetouan ','','','','','2851','100','00',NULL,NULL,NULL,NULL),(116,'El Oualidi','Jalal','Enseignant-chercheur','','','eloualidi@israbat.ac.ma','','rabat','','','','','','',NULL,NULL,NULL,NULL,NULL),(117,'El Ouhadi','Kawtar','Etudiant','00212','662090325','kawtar-elou@hotmail.com','','rabat','2532','50','00','','','','',NULL,NULL,NULL,NULL),(118,'El Rhaffari','Lhoucine','Enseignant-chercheur','00212','661503145','elrhaffari@yahoo.fr','Faculté des Sciences et Techniques- bp 509- boutalamine- errachidia ','Errachidia','','','','','','',NULL,NULL,NULL,NULL,NULL),(119,'El Yacoubi Khebiza','Mohamed','','','','','','Marrakech','','','','','','',NULL,NULL,NULL,NULL,NULL),(120,'Elazzaoui','Ahmed','Etudiant','00212','699143698','ah.elazzaoui@gmail.com','Centre Ait Amira Chtouka Ait Baha Agadir -87052','Agadir','','','','','','',NULL,NULL,NULL,NULL,NULL),(121,'El Banak','Abdelhak','Commissaire Judiciaire','00212','658415403','orni_elbanak@yahoo.fr','Hay Nahda II- rue beer anzarane',' n 058 tiflet\",Tiflet','2565','100','00','','','','',NULL,NULL,NULL,NULL),(122,'El Kadmiri','Mohamed','Inspecteur de l\'ensegnement','00212','601991749','elkadmirimohammed34@gmail.com','','Salé','','','','','2878','100','00',NULL,NULL,NULL,NULL),(123,'El Malki','Siham','Doctorant','00212','666348368','elmalki.siham@gmail.com','Bd. Edakhla',' Jamila 3',' N° 91 C D-casablanca','Casablanca','2556','50','00','','','','',NULL,NULL),(124,'El Mansoury','Mohamed','Etudiant','00212','600280501','elmansourymohamed9@gmail.com','HAY TIGUEMI OUFELLA LOG DE LA MOSQUÉE DCHEIRA','DCHIERA ','','','','','','',NULL,NULL,NULL,NULL,NULL),(125,'Errafi','Azdine','Fonctionnaire','00212','660356105','azdineerrafi@gmail.com','N°2',' rue 670',' Hyam II','Agadir','','','','','','',NULL,NULL,NULL),(126,'Essahsseh','Khalid','Enseignant','00212','662161986','esshassahkhalid@hotamail.fr','Lot 75',' Appt 6',' Houria','Kénitra','','','','','','',NULL,NULL,NULL),(127,'Essalai','Karima','Enseignant','00212','625453597','Karima.medtaha@gmail.com','N°296 Hay essalam extention 2 sidi said ','meknes ','','','2587','100','00','','',NULL,NULL,NULL,NULL),(128,'Ezzahoum','Moad','Responsable commercial','00212','614488231','moad-ezza@hotmail.com','21',' Lot. Al Fadila -temara ','Témara','','','','','','',NULL,NULL,NULL,NULL),(129,'Ezzerari','Ahmed','Ingénieur','00212','661653478','zirari4@hotmail.com','N°3231 Hay Al wifaq',' Temara','Temara','2564','100','00','','','','',NULL,NULL,NULL),(130,'Fadil','Jihad','Etudiant','00212','611623530','fadil.jihad.1990@gmail.com','Hay Yasmina I',' rue 8',' N° 28-ain chock -casablanca','Casablanca','2545','100','00','','','','',NULL,NULL),(131,'Fahmi','Abdelhak','Cadre commercial','00212','662016899','abdelhakfahmi@gmail.com','Quartier PAM Centre oualidia','Oualidia','2853','100','00','2853','100','00','2553','100','00',NULL,NULL),(132,'Ferradous','Abderrahim','Etudiant','','','ferabder@yahoo.fr','','Marrakech','','','','','','',NULL,NULL,NULL,NULL,NULL),(133,'Filali Zegzouti','Ayoub','Enseignant-chercheur','00212','662270962','afilaliz@yahoo.fr','IFCS','Rabat','','','','','','',NULL,NULL,NULL,NULL,NULL),(134,'Fouzi Taybi','Abdelkhalek','','','','','9 rue 29',' DEM - Oujda','Oujda','','','','','','',NULL,NULL,NULL,NULL),(135,'Gaudin','Maxime','Responsable Institut français','00212','661221763','maxgaudinlaos@yahoo.fr','maison n° 75 ',' Bloc 108- charaf - cp 80000','Agadir ','','','','100','00','','',NULL,NULL,NULL),(136,'Ghanmouni','Hasna','','','','','résidence assabah ',' imm ilot 1 n° 8 CYM ','Rabat','','','3430','100','','',NULL,NULL,NULL,NULL),(137,'Hachimi','Moulay Driss','Enseignant','00212','664240518','hadri33@yahoo.fr','Lycée','Meknès','','','','','','',NULL,NULL,NULL,NULL,NULL),(138,'Hadrouni','Ali','Enseignant','00212','610626784','try-not-tocy@hotmail.com','N° 10',' Lot. Saada-rfaif -sefrou ','Sefrou','','','','','','',NULL,NULL,NULL,NULL),(139,'Hajbi','Mohammed','Fonctionnaire','00212','658397363','mohamed_hajbi@hotmail.fr','110 rue Houmane El Foutwaki','Kénitra','','','','','','',NULL,NULL,NULL,NULL,NULL),(140,'Hajib','Saïd','Directeur','00212','664218139','saidhajib.crf@gmail.com','Centre de recherches forestière','Rabat','2540','100','00','','','','',NULL,NULL,NULL,NULL),(141,'Hamid','Ahmed','Directeur','00212','661419190','ham_ahad@yahoo.fr','Centre pédagogique Régional','Meknès','','','','','','',NULL,NULL,NULL,NULL,NULL),(142,'Hamidi','Rabie','','','','','','kenitra','2547','100','00','','','','',NULL,NULL,NULL,NULL),(143,'Hamidi','Salima','Directrice Ecole','00212','536708865','ecolealfousha@hotmail.fr','Av. Chourade',' Rue Chouhdae',' N°3 bis','Oujda','','','','','2858','100','00',NULL,NULL),(144,'Hammada','Soumaya','Enseignant-chercheur','00212','663004562','hsoumaya@hotmail.com','Faculté des Sciences et Techniques','Beni Mellal','24','100','00','','','','',NULL,NULL,NULL,NULL),(145,'Hamza','Ahmed','Directeur Bureau d\'Etudes','','','befored_hamza@yahoo.fr','','Meknès','','','','','','',NULL,NULL,NULL,NULL,NULL),(146,'Hamza','Abdelwahed','','','','','','Meknès','','','','','','',NULL,NULL,NULL,NULL,NULL),(147,'Hamza','Latifa','Enseignant','00212','668990711','latifa.hamza@yahoo.fr',' hamzalatifa@yahoo.fr','Etabliss. Manhal Al Maarifa','Meknès','','','','','','',NULL,NULL,NULL,NULL),(148,'Hanane','Saad','Ingénieur','00212','660125799','sd_hanan@yahoo.fr','Centre de recherche forestière','Rabat','','','','','','',NULL,NULL,NULL,NULL,NULL),(149,'Hassani','Hassan','Fonctionnaire','00212','658914288','hhassanihassan@gmail','com','Secteur 1',' n°18 -hay moulay ismail -salé','Salé','2515','100','00','2864','100','00','2864','100','00'),(150,'Hilmi','Mohammed','Etudiant','00212','637387331','mohammed-hilmi@atlook.com','NR18 av ibnkhaldoun - salé ','salé ','','','','','2854','50','00',NULL,NULL,NULL,NULL),(151,'Hilmi','Mohamed','Etudiant','00212','637387331','mohammed-hilmi@outlook.com','NR 18 AV IBN KHALDOUN SALE','SALE','','','','','','',NULL,NULL,NULL,NULL,NULL),(152,'Himmi','Oumnia','Enseignant-chercheur','00212','666316466','himmioumnia@yahoo.fr','Institut Scientifique ',' av ibn battouta bp 703-10106 - agdal -rabat','Rabat','64','100','00','73','100','00','73','100','00',NULL),(153,'Idaghdour','Aicha','','','','','','Agadir ','','','','','','',NULL,NULL,NULL,NULL,NULL),(154,'Idbaha','Fatima','Etudiant','00212','634921819','idbahafatimzahra@gmail.com','','Bouizakrane ','','','','','','',NULL,NULL,NULL,NULL,NULL),(155,'Idsaid','Youssef','Etudiant','00212','638757389','bou3iz1989@hotmail.com','hay amal - tagounitte ','zagoura ','','','','','','',NULL,NULL,NULL,NULL,NULL),(156,'Idsaid','Youssef','Etudiant','00212','638757389','Bou3iz1989@hotmail.com','HAY ELAMAL TAGOUNITE ZAGOURA','ZAGOURA','','','','','','',NULL,NULL,NULL,NULL,NULL),(157,'Igmoullan','Meryem','Etudiant','00212','669755152','MERYEM.IGM@GMAIL.COM','LOT RMEL 2 N 208/V INEZGANE','AGADIR','','','','','','',NULL,NULL,NULL,NULL,NULL),(158,'Imounachen','Bouayad','Enseignant','00212','667771293','bouayad-59@hotmail.com','Rue C1',' N° 41','Oujda','','','','','','',NULL,NULL,NULL,NULL),(159,'Irizi','Ali','','','','','','Agadir ','','','','','','',NULL,NULL,NULL,NULL,NULL),(160,'Issaoub Allah','Abdellatif','Etudiant','00212','673125795','battaif1986@gmail.com','Bd. Joudar Mohamed Ben Abdellah ',' n 24 hay rahma',' casablanca ','Casablanca','2553','50','00','','','','',NULL,NULL),(161,'Jebbad','Raghda','Etudiant','00212','675378702','jraghda@hotmail.com','Université Mohammed V','Kénitra','','','','','','',NULL,NULL,NULL,NULL,NULL),(162,'Joulami','Latifa','Etudiant','00212','662515206','joulami.latifa@gmail.com','Hay El Falah',' Rue 7',' N° 62-casablanca','Casablanca','2554','50','00','','','','',NULL,NULL),(163,'Kamtass','Sanaâ','Etudiant','00212','674811415','sanaa.kamtass@hotmail.fr','33 Cité Oukacha- ain sebaa -casablanca','Casablanca','','','','','','',NULL,NULL,NULL,NULL,NULL),(164,'Kasbaji','Mohammed','Technicien','00212','665050573','Kasbajimohammed@yahoo.fr','14',' rue Tounfit',' Sect. 6 Hay Kifah',' K.O.M.','Salé','2544','100','00','','','','',NULL),(165,'Kasbaji','Mohammed Houcine','Etudiant','00212','616220015','kasbaji.houcine@gmail.com','14',' rue Tounfit',' Sect. 6 Hay Kifah',' K.O.M.','Salé','2549','50','00','','','','',NULL),(166,'Khaled','Mourad','Gérant de société','00212','661233076','commarocmourad@gmail.com','19 residence ghizlane appt 2 etg 1 hay raha','casablanca','','','','','','',NULL,NULL,NULL,NULL,NULL),(167,'Khouli','Hakima','','00212','661499200','hakimakhouli@gmail.com','','el jadida ','2560','100','00','','','','',NULL,NULL,NULL,NULL),(168,'Kilouli','Mohammed','Elève','00212','642391528','free_stylerm@hotmail.fr','Hay El Mohamadi','Nador','','','','','','',NULL,NULL,NULL,NULL,NULL),(169,'Lachguer','Hamid','Enseignant','00212','660642952','hamiido@gmail.com','N° 70',' Lot Houria','Kénitra','','','','','','',NULL,NULL,NULL,NULL),(170,'Lahrouz','Rachid','Enseignant','00212','662543001','rachid-ilyass@hotmail.com','Imm. 16',' Appt. 4',' Maghrib Arabi B','Kénitra','','','','','','',NULL,NULL,NULL),(171,'Lahrouz','Said','Enseignant','00212','668117985','lahrouzsaid@hotmail.com','Lot 75',' Appt. 6',' Houria - kenitra','Kénitra','2505','100','00','2865','100','2865','100','00',NULL),(172,'Lahrouz','Souad','','00212','668117985','lahrouzsaid@hotmail.com','Bloc B3',' N°342','Kénitra','','','','','','',NULL,NULL,NULL,NULL),(173,'Lakhal','Abderrahmane','Enseignant','00212','662216738','lakmane@hotmail.com','','Oujda','','','','','','',NULL,NULL,NULL,NULL,NULL),(174,'Lakhal','Tarik','Enseignant-chercheur','00212','668600023','tarik_lk@hotmail.com','oum hani 5 - Imm 7 ',' Appt 7 - salé ','rabat','2529','100','00','','','','',NULL,NULL,NULL),(175,'Lakhdar','Araibi','Etudiant','','','','','','','','','','','',NULL,NULL,NULL,NULL,NULL),(176,'Lamkhanter','Hajar','Etudiant','00212','644104963','haja.lamkhanter@gmail.com','Sidi Otmane',' Bloc 28',' N° 37','Casablanca','','','','','','',NULL,NULL,NULL),(177,'Lefrère','Latifa','Enseignant-chercheur','00212','666073159','l.lefrere@uiz.ac.ma','Faculté des Sciences d\'Agadir hay Dakhla','8000- Agadir','Agadir ','','','','100','00','','',NULL,NULL,NULL),(178,'Lekouche','Abdelati','Enseignant','00212','666883031','lekoucheabdou@hotmail.com','35',' Rés. Hajar',' Appt. 08 - mimoussa kenitra','Kénitra','','','','','','',NULL,NULL,NULL),(179,'Lemghari','Amina','','00212','662653864','amlamghari-7@hotmail.com','','Marrakech','2535','100','00','','','','',NULL,NULL,NULL,NULL),(180,'Lieron','Vincent','Biologiste','00212','661354598','vlieron@ymail.com','RES Belle vue ',' rue ibn zinbaa ',' 33000',' fes','Fes','','','','','','',NULL,NULL),(181,'Louizi','Halima','Doctorant','00212','614750739','halima-louizi@hotmail.fr','Haouzia',' bloc E',' n 204 ',' Kénitra - 14000- kénitra','Kénitra','','','2628','100','00','','',NULL),(182,'Maaloum','Hassan','Doctorant','00212','600647263','hassanmaaloum@gmail.com','quartier administrative assa centre - 81002','Assa ','','','2634','50','00','','',NULL,NULL,NULL,NULL),(183,'Maarouf','Zineb','Etudiant','00212','665619796','maarouf-zineb@hotmail.com','Jamila 5',' rue 168',' N° 42 CD','Casablanca','','','','','','',NULL,NULL,NULL),(184,'Maatallaoui','Abderrahmane','','00212','661074136','maatalaoui1967@hotmail.com','','','2550','100','00','','','','',NULL,NULL,NULL,NULL),(185,'Madbouhi','Mostafa','Administrateur','00212','666300451','mostamad@yahoo.fr','Angle Misr-Zemzem ',' residence souhaila',' appt 31-kenitra\", Kénitra','','','','','','',NULL,NULL,NULL,NULL),(186,'Mahboub','Driss','Technitien forestier','00212','661775285','driss.mahboub.pni@gmail.com','n°96',' Nakhil ','Azrou','azrou','','','','','','',NULL,NULL,NULL),(187,'Mahnaoui','Naima','Etudiant','00212','678653683','naima_mahnaoui@hotmail.com','Lot. Houria',' Rue 11',' N° 6','Casablanca','','','','','','',NULL,NULL,NULL),(188,'Maknass','Abdelilah','Etudiant','00212','676917017','abeleilahmeknes03@gmail.com','Moulay bouselham ',' centre ','Molay bousselham','','','','','','',NULL,NULL,NULL,NULL),(189,'Mamouni','Abdellah','Fonctionnaire','00212','611120489','mamouni-1975@live.fr','N° 86',' Lot Hind - ben seffour- sefrou ','Sefrou','','','','','','',NULL,NULL,NULL,NULL),(190,'Mastadi','Saida','Etudiant','00212','678182547','mastadi.saida@gmail.com','Hay El Houda',' Rue 8',' N° 33','Casablanca','2557','50','00','','','','',NULL,NULL),(191,'Mattou','Ali','','','','','Ouuled oujih - kenitra','??','58','100','00','','','','',NULL,NULL,NULL,NULL),(192,'Mayad','El Hassan','Enseignant-assistant','00212','661636689','elhassan.mayad@gmail.com','Department of Biology',' Faculty of Sciences - Agadir. University Ibn Zohr','Agadir ','','','','100','00','','',NULL,NULL,NULL),(193,'Mbarki','Issame','Elève','00212','626680435','','Hay Chrarba','Saidia','','','','','','',NULL,NULL,NULL,NULL,NULL),(194,'Mediani','Mohamed','Enseignant','00212','673022830','mediamed05@yahoo.fr','alytes2med@gmail.com\",Hay El Mohammadia',' rue 219',' n° 27 ','Oujda ','Oujda','','','','','','',NULL,NULL),(195,'Melo Juan José','Ramos','Ornithologue','','','jramos@birdingcanarias.com','C/ Doctor Jordan',' 11 C.P. 38470',' Los Silos - Iles Canaries','Espagne','','','','','','',NULL,NULL,NULL),(196,'Menioui','Mohamed','Enseignant-chercheur','00212','662383852','mohamed.menioui@gmail.com','91',' Avenue Houmane Fetouaki- aviation -rabat','Rabat','','','','','','',NULL,NULL,NULL,NULL),(197,'Merzoug','Sayfeddine','Etudiant','00213','774529742','thebiologiste_boy@hotmail.com','Cité Fares Saâdane Bloc 22 A n° 09','Guelma 24000','','','','','','',NULL,NULL,NULL,NULL,NULL),(198,'Mesbah','Issam','Medecin','00212','659201485',' broca.torpido@hotmail.fr','délégation de la ministère de santé province de chefchaouen','chefchaouen','','','','','','',NULL,NULL,NULL,NULL,NULL),(199,'Messouli','Mohamed','','','','messouli@gmail.com','','Marrakech','','','','','','',NULL,NULL,NULL,NULL,NULL),(200,'Mezane','Brahim','Accompagnateur en écotourisme','00212','062955657 ','desertbirds@live.fr','BP. 62 - Rissani','Rissani ','','','','','2877','100','00',NULL,NULL,NULL,NULL),(201,'Meziane','Amhend','Enseignant','00212','668875641','mr.mezian@gmail.com','Rue 42',' Bouhdila','Berkane','2546','100','00','','','2873','100','00',NULL,NULL),(202,'Mhammdi','Nadia','Enseignant-chercheur','00212','667043869','nmhammdif@yahoo.com','Institut Scientifique','Rabat','','','','','','',NULL,NULL,NULL,NULL,NULL),(203,'Mokhtari','Soraya','','','','sorayamokhtari13@hotmail.com','','Marrakech','','','','','','',NULL,NULL,NULL,NULL,NULL),(204,'Mouhajir','Kaoutar','Etudiant','00212','611063428','kaoutar.biogeco@gmail.com','Bayet al maarifa ',' avenue allal al fassi -madinat irfane- rabat','Rabat','','','','','','',NULL,NULL,NULL,NULL),(205,'Moujjane','Aicha','','00212','667282805','marjanabis@yahoo.fr','','rabat','2548','100','00','','','','',NULL,NULL,NULL,NULL),(206,'Mounir','Mohamed','Etudiant','00212','667420574',' mohamed_m01@hotmail.fr','Rmila bloc 3 N 91- 23000- Beni Mellal ','Beni Mellal','','','2569','50','00','','',NULL,NULL,NULL,NULL),(207,'Moussa','Karima','Enseignant-chercheur','00212','660548427','moussakarima@gmail.com','45',' Av. Mohamed Diouri',' N°10','Kénitra','','','','','','',NULL,NULL,NULL),(208,'Moutaoufik','Khadija','Etudiant','00212','762546559','khadija.moutaoufik@gmail.com','18 Rue 836 cité Al Massira','AGADIR','','','','','','',NULL,NULL,NULL,NULL,NULL),(209,'Moutaouifik','Khadija','Etudiant','00212','762546559','khadija.Moutaouifik@gmail.com','18 rue 836 - cité el acira ','Agadir ','','','','','','',NULL,NULL,NULL,NULL,NULL),(210,'Mouttaqi','Hajr','Elève','00212','618451155','ingenieurlarbi@yahoo.fr','Rue 424',' Bloc A','Kénitra','','','','','','',NULL,NULL,NULL,NULL),(211,'Mouttaqi','Larbi','Ingénieur','00212','618451155','ingenieurlarbi@yahoo.fr','Rue 424',' Bloc A','Kénitra','','','','','','',NULL,NULL,NULL,NULL),(212,'Mouttaqi','Mohamed Anas','Elève','00212','618451155','ingenieurlarbi@yahoo.fr','Rue 424',' Bloc A','Kénitra','','','','','','',NULL,NULL,NULL,NULL),(213,'Mrigua','Mohammed','','','','','','','2502','50','00','','','','',NULL,NULL,NULL,NULL),(214,'Mrigua','Said','','','','','','','2501','50','00','','','','',NULL,NULL,NULL,NULL),(215,'Naâmi','Nadia','Etudiant','00212','630157799','la-princesse-des-tenebres@hotmail.fr','Anassi 27A Zntrée 12',' N° 160- casablanca','Casablanca','','','','','','',NULL,NULL,NULL,NULL),(216,'Nachid','Naïm','Ingénieur','00212','661359804','nachid_naim@yahoo.fr','Cité Massira 2',' Bloc 12',' Ap. n° 15','Rabat','','','','','','',NULL,NULL,NULL),(217,'Nassila','Oussama','Etudiant','00212','668694291','Nassilad63@gmail','com','N°22 Bloc AB El Houzia','Kénitra','56','50','00','','','','',NULL,NULL,NULL),(218,'Nechad','Imane','Etudiant','','','imanenechad5@hotmail.com','N°7 rue Sara II',' Nargiss B',' Bd Rahma',' route de Sefrou','Fès','','','','','','',NULL,NULL),(219,'Otmane','Lahcen','Manager en hotellerie','00212','537885652','','22',' lotissement Koutoubia II',' rte de mehdia ',' salé \",Salé','','','','','','',NULL,NULL,NULL),(220,'Otmane','Youssef','Fonctionnaire','00212','661645187','sysdis@gmail.com','1094',' rue Essaâda','Salé','388','10','00','','','','',NULL,NULL,NULL),(221,'Ouacha','Lahcen','','','','','','Rissani ','','','','','2879','100','00',NULL,NULL,NULL,NULL),(222,'Ouakrim','Latifa','Enseignant','00212','666566799','izza_amaz@hotmail.com','Lycée Roi Fahd','Tanger','','','','','','',NULL,NULL,NULL,NULL,NULL),(223,'Ouassou','Asmaa','Etudiant','00212','665490546','asmaa.ouassou@gmail.com','11 rue mouaffak eddine ',' res ismail etage 3 appt 8',' quartier des hopitaux -casablanca','Casablanca','59','50','00','2872','100','2872','100','00',NULL),(224,'Ouassou','Mohamed','','00212','667077483','mozamoham@gmail.com','12 rue mouaffak eddine ',' res ismail etage 3 appt 8',' quartier des hopitaux -casablanca','Casablanca','2530','100','00','','','','',NULL,NULL),(225,'Ouassou','Zakaria','','00212','660165489','zakaria_ouassou@msn.com','13 rue mouaffak eddine ',' res ismail etage 3 appt 8',' quartier des hopitaux -casablanca','Casablanca','2531','100','00','','','','',NULL,NULL),(226,'Ouibimah','Abdessamad','Etudiant','00212','673345450',' abdessamad8fstb@gmail.com',' Hay izlafen Azilal- 22000- Azilal','Azilal ','','','2577','50','00','','',NULL,NULL,NULL,NULL),(227,'Ouizagane','Anouar','Etudiant','00212','668102460','anouarouizgane@hotmail.fr','N°4',' Bloc 9',' lot Ghita 1','Béni Mellal','','','','','','',NULL,NULL,NULL),(228,'Oukannou','Lahcen','Cadre au parc national d ifrane','00212','662145474','oukannou_lahcen@yahoo.fr','Parc national d\'Ifrane','Azrou','','','','','','',NULL,NULL,NULL,NULL,NULL),(229,'Ounir','Hammou','','','','','','','','','2182','100','00','','',NULL,NULL,NULL,NULL),(230,'Qninba','Abdeljebbar','Enseignant-chercheur','00212','661184823','qninba_abdel59@yahoo.fr','Cité Intilak',' Imm. 1',' Appt. 1- agdal -rabat','Rabat','63','100','00','72','100','00','72','100','00'),(231,'Rabach','Lahcen','Cadre à l\'ADZOA','00212','661565259','rabachlahcen@gmail.com','','errachidia ','2507','100','00','2580','100','00','','',NULL,NULL,NULL),(232,'Radi','Mohammed','Enseignant-chercheur','','','radibam@hotmail.com','Assif C N° 36 ','Marrakech','68','100','00','2866','100','00','2866','100','00',NULL,NULL),(233,'Rahmani','Abdelmajid','Enseignant','00212','661604696','maidaqua@hotmail.com','','Oujda','','','','','','',NULL,NULL,NULL,NULL,NULL),(234,'Rami','Mostapha','Master','00212','633261979','mostafarami91@gmail.com','39 hay saad khemisset -15020','khemisset ','','','','','','',NULL,NULL,NULL,NULL,NULL),(235,'Rihane','Abdesslam','PESA','00212','676427587','abdeslam_rihane@yahoo.fr','B.P. 76',' Beni Yakhlef- mohammedia','Mohammedia','25','100','00','2867','100','00','2867','100','00',NULL),(236,'Rochdane','Rochdane','Etudiant','','','rochdane@yahoo.fr','','Marrakech','','','','','','',NULL,NULL,NULL,NULL,NULL),(237,'Saada','Mohamed','','','','','','','','','2591','100','00','','',NULL,NULL,NULL,NULL),(238,'Saddiki','Mohamed','Etudiant','00212','615192239','saddikmohammed@gmail.com','25',' rue Meknès',' hay el hassani - berkane','Berkane','','','','','','',NULL,NULL,NULL),(239,'Sadik','Mohammed','Ingénieur au eaux et foret','00212','661047206','sadikmohammed53@yahoo.fr','Eaux et forets',' Azrou','Azrou','2506','100','00','','','','',NULL,NULL,NULL),(240,'Sadki','Issam','Enseignant-chercheur','00212','661631289',' i.sadki@uiz.ac.ma','N°339 Bloc D3 cité dakhla AGADIR','Agadir ','','','','100','00','','',NULL,NULL,NULL,NULL),(241,'Saidi','Maryem','Etudiant','00212','665175342','maryemsaidi51@gmail.com','Hay El Messoudia',' Rue 36',' N° 23 C D','Casablanca','','','','','','',NULL,NULL,NULL),(242,'Sallak','Bouchaib','Ingenieur','00212','669349449','sallak.bouchaib@gmail.com','Dref Moyen Atlas','Meknès','','','','','','',NULL,NULL,NULL,NULL,NULL),(243,'Sbihi','Fatima Zahra','Etudiant','00212','622060022','fati.zahra.sbihi@gmail.com','hay chemaou n° 12 Salé ','salé ','','','2633','50','00','','',NULL,NULL,NULL,NULL),(244,'Schmitt','Gerard','Photographe','00212','689183377','g.schmitt@free.fr','Le village Eourres 05300','France','','','','','','',NULL,NULL,NULL,NULL,NULL),(245,'Selmaoui','Najat','Enseignant','00212','670814186','montreal58@hotmail.fr','Avenue Mohamed V','Kénitra','','','','','','',NULL,NULL,NULL,NULL,NULL),(246,'Semmar','Hicham','Pharmacien','00212','661245767','semmar-hicham@hotmail.fr','12',' rue Souria',' Immeuble Jacaranda ',' rue souria ',' gueliz -marrakech ','Marrakech','2538','100','00','','','',''),(247,'Taibi','Wissam','Ingénieur d\'étude','00212','662640635','wissam3200@gmail.com','141',' Marjane 4','Meknès','','','','','','',NULL,NULL,NULL,NULL),(248,'Tamadouni','Iradati','Etudiant','00212','698962713','iradati_tamadouni@yahoo.fr','IS ','Rabat','','','','','','',NULL,NULL,NULL,NULL,NULL),(249,'Tamraoui','Youness','','','','','','Agadir ','','','','','','',NULL,NULL,NULL,NULL,NULL),(250,'Tejjeni','Yahya','Enseignant','00212','666059120','tejj118@yahoo.fr','N°8',' Rue El Israe','Berkane','2538','100','00','','','2869','100','00',NULL,NULL),(251,'Tejjeni','Soufiane','Etudiant','','','','N°8',' Rue El Israe','Berkane','','50','00','','','','',NULL,NULL,NULL),(252,'Touil','Soufiane','Technicien Ecologie','00212','661472530','souftouil78@gmail.com','537 rue mahdia hay magreb arabi','Bouarfa','','','','','','',NULL,NULL,NULL,NULL,NULL),(254,'Touzani','Houari','','','','','BP 1279- Nador ','Nador ','','','','','','',NULL,NULL,NULL,NULL,NULL),(255,'Wissalmane','Hayat','Etudiant','00212','675736029','wissalmane.hayat@gmail.com','N°32 rue 13 Hay Hassani','Casablanca','','','','','','',NULL,NULL,NULL,NULL,NULL),(256,'Yaquoubi','Abdelkader','Enseignant','00212','676944392','yaqo2005@yahoo.fr','oujda','Oujda','','','','','','',NULL,NULL,NULL,NULL,NULL),(257,'Zair','Iatimad','Salariée','00212','668895685','amouda2@gmail.com','Lot. Sanabil',' N° 26','Salé','','','','','','',NULL,NULL,NULL,NULL),(258,'Zejjari','Moncef','Etudiant','00212','658982519','zejjarimoncef@gmail.com','10 rue jabal seroua hay nasr karia ','Rabat','','','2583','50','00','','',NULL,NULL,NULL,NULL),(259,'Zerdeb','Abdelhak','Enseignant','00212','667332181','zerdeba@yahoo.fr','Lycée Khawarizmi','Tanger','','','','','','',NULL,NULL,NULL,NULL,NULL),(260,'Zerrouk','Mariam','Doctorant','00212','613859803','mariam.meknes@gmail.com','384 diour jdad bni m\'hamed sebata- meknes ','meknes ','2543','100','00','','','','',NULL,NULL,NULL,NULL),(261,'Zidane','Yaacoub','Etudiant','00212','645759575','zizo1992@live.fr','Imm. 45',' Appt. 10',' Rés. Al Boustane- hay el fath -rabat','Rabat','','','','','','',NULL,NULL,NULL),(262,'Zidani','Oumkaltoum','','','','','','casablanca','','','','','2870','100','00',NULL,NULL,NULL,NULL),(263,'Zine','Nasser-Eddine','Enseignant-chercheur','00212','667679225','nzine1956@gmail.com','Univ. Moulay Ismail','Meknès','2561','100','00','','','2876','100','00',NULL,NULL,NULL),(264,'Ziti','Soumia','Enseignant','00212','623476736','ziti.soumia@gmail.com','Cité Wahda',' Rue Beni Saleh',' N°12','Salé','2541','100','00','2584','100','00','','',NULL),(265,'Zizoune','Asmae','Assistante conservateur - herbier rabat','00212','612928230','asmae.zinoune@gmail.com','Dar el hamra rue bouknadel ',' numero 108- salé','salé','2567','100','00','','','','',NULL,NULL,NULL),(266,'Znari','Mohamed','Enseignant-chercheur','','','znarim@gmail.com','','Marrakech','2523','100','00','','','','',NULL,NULL,NULL,NULL);
/*!40000 ALTER TABLE `table 37` ENABLE KEYS */;
UNLOCK TABLES;

--
-- Table structure for table `task`
--

DROP TABLE IF EXISTS `task`;
/*!40101 SET @saved_cs_client     = @@character_set_client */;
/*!40101 SET character_set_client = utf8 */;
CREATE TABLE `task` (
  `id` int(9) NOT NULL AUTO_INCREMENT,
  `title` varchar(250) NOT NULL,
  `status` tinyint(4) NOT NULL DEFAULT '0',
  `timestamp` timestamp NOT NULL DEFAULT CURRENT_TIMESTAMP,
  PRIMARY KEY (`id`)
) ENGINE=InnoDB AUTO_INCREMENT=5 DEFAULT CHARSET=latin1;
/*!40101 SET character_set_client = @saved_cs_client */;

--
-- Dumping data for table `task`
--

LOCK TABLES `task` WRITE;
/*!40000 ALTER TABLE `task` DISABLE KEYS */;
INSERT INTO `task` VALUES (1,'test22',1,'2017-08-19 20:45:46'),(2,'une autre tache',0,'2017-08-19 20:59:25'),(3,'3eme task',0,'2017-08-19 21:00:45'),(4,'test',1,'2017-08-19 23:30:35');
/*!40000 ALTER TABLE `task` ENABLE KEYS */;
UNLOCK TABLES;

--
-- Table structure for table `tc_pays`
--

DROP TABLE IF EXISTS `tc_pays`;
/*!40101 SET @saved_cs_client     = @@character_set_client */;
/*!40101 SET character_set_client = utf8 */;
CREATE TABLE `tc_pays` (
  `Sort_Order` varchar(255) NOT NULL DEFAULT '',
  `Commo_Name` varchar(255) DEFAULT NULL,
  `Formal_Name` varchar(255) DEFAULT NULL,
  `Type` varchar(255) DEFAULT NULL,
  `Sub_Type` varchar(255) DEFAULT NULL,
  `Sovereignty` varchar(255) DEFAULT NULL,
  `Capital` varchar(255) DEFAULT NULL,
  `ISO_4217 Currency Code` varchar(255) DEFAULT NULL,
  `ISO_4217 Currency Name` varchar(255) DEFAULT NULL,
  `ITU-T_Telephone_Code` varchar(255) DEFAULT NULL,
  `ISO_3166_1_2_Letter_Code` varchar(255) DEFAULT NULL,
  `ISO_3166_1_3_Letter_Code` varchar(255) DEFAULT NULL,
  `ISO_3166_1_Number` varchar(255) DEFAULT NULL,
  `IANA_Country_Code_TLD` varchar(255) DEFAULT NULL,
  PRIMARY KEY (`Sort_Order`)
) ENGINE=MyISAM DEFAULT CHARSET=latin1;
/*!40101 SET character_set_client = @saved_cs_client */;

--
-- Dumping data for table `tc_pays`
--

LOCK TABLES `tc_pays` WRITE;
/*!40000 ALTER TABLE `tc_pays` DISABLE KEYS */;
INSERT INTO `tc_pays` VALUES ('1','Afghanistan','Islamic State of Afghanistan','Independent State','','','Kabul','AFN','Afghani','+93','AF','AFG','004','.af'),('2','Albania','Republic of Albania','Independent State','','','Tirana','ALL','Lek','+355','AL','ALB','008','.al'),('3','Algeria','People s Democratic Republic of Algeria','Independent State','','','Algiers','DZD','Dinar','+213','DZ','DZA','012','.dz'),('4','Andorra','Principality of Andorra','Independent State','','','Andorra la Vella','EUR','Euro','+376','AD','AND','020','.ad'),('5','Angola','Republic of Angola','Independent State','','','Luanda','AOA','Kwanza','+244','AO','AGO','024','.ao'),('6','Antigua and Barbuda','','Independent State','','','Saint Johns','XCD','Dollar','+1-268','AG','ATG','028','.ag'),('7','Argentina','Argentine Republic','Independent State','','','Buenos Aires','ARS','Peso','+54','AR','ARG','032','.ar'),('8','Armenia','Republic of Armenia','Independent State','','','Yerevan','AMD','Dram','+374','AM','ARM','051','.am'),('9','Australia','Commonwealth of Australia','Independent State','','','Canberra','AUD','Dollar','+61','AU','AUS','036','.au'),('10','Austria','Republic of Austria','Independent State','','','Vienna','EUR','Euro','+43','AT','AUT','040','.at'),('11','Azerbaijan','Republic of Azerbaijan','Independent State','','','Baku','AZN','Manat','+994','AZ','AZE','031','.az'),('12','Bahamas, The','Commonwealth of The Bahamas','Independent State','','','Nassau','BSD','Dollar','+1-242','BS','BHS','044','.bs'),('13','Bahrain','Kingdom of Bahrain','Independent State','','','Manama','BHD','Dinar','+973','BH','BHR','048','.bh'),('14','Bangladesh','People s Republic of Bangladesh','Independent State','','','Dhaka','BDT','Taka','+880','BD','BGD','050','.bd'),('15','Barbados','','Independent State','','','Bridgetown','BBD','Dollar','+1-246','BB','BRB','052','.bb'),('16','Belarus','Republic of Belarus','Independent State','','','Minsk','BYR','Ruble','+375','BY','BLR','112','.by'),('17','Belgium','Kingdom of Belgium','Independent State','','','Brussels','EUR','Euro','+32','BE','BEL','056','.be'),('18','Belize','','Independent State','','','Belmopan','BZD','Dollar','+501','BZ','BLZ','084','.bz'),('19','Benin','Republic of Benin','Independent State','','','Porto-Novo','XOF','Franc','+229','BJ','BEN','204','.bj'),('20','Bhutan','Kingdom of Bhutan','Independent State','','','Thimphu','BTN','Ngultrum','+975','BT','BTN','064','.bt'),('21','Bolivia','Republic of Bolivia','Independent State','','','La Paz (administrative/legislative) and Sucre (judical)','BOB','Boliviano','+591','BO','BOL','068','.bo'),('22','Bosnia and Herzegovina','','Independent State','','','Sarajevo','BAM','Marka','+387','BA','BIH','070','.ba'),('23','Botswana','Republic of Botswana','Independent State','','','Gaborone','BWP','Pula','+267','BW','BWA','072','.bw'),('24','Brazil','Federative Republic of Brazil','Independent State','','','Brasilia','BRL','Real','+55','BR','BRA','076','.br'),('25','Brunei','Negara Brunei Darussalam','Independent State','','','Bandar Seri Begawan','BND','Dollar','+673','BN','BRN','096','.bn'),('26','Bulgaria','Republic of Bulgaria','Independent State','','','Sofia','BGN','Lev','+359','BG','BGR','100','.bg'),('27','Burkina Faso','','Independent State','','','Ouagadougou','XOF','Franc','+226','BF','BFA','854','.bf'),('28','Burundi','Republic of Burundi','Independent State','','','Bujumbura','BIF','Franc','+257','BI','BDI','108','.bi'),('29','Cambodia','Kingdom of Cambodia','Independent State','','','Phnom Penh','KHR','Riels','+855','KH','KHM','116','.kh'),('30','Cameroon','Republic of Cameroon','Independent State','','','Yaounde','XAF','Franc','+237','CM','CMR','120','.cm'),('31','Canada','','Independent State','','','Ottawa','CAD','Dollar','+1','CA','CAN','124','.ca'),('32','Cape Verde','Republic of Cape Verde','Independent State','','','Praia','CVE','Escudo','+238','CV','CPV','132','.cv'),('33','Central African Republic','','Independent State','','','Bangui','XAF','Franc','+236','CF','CAF','140','.cf'),('34','Chad','Republic of Chad','Independent State','','','N Djamena','XAF','Franc','+235','TD','TCD','148','.td'),('35','Chile','Republic of Chile','Independent State','','','Santiago (administrative/judical) and Valparaiso (legislative)','CLP','Peso','+56','CL','CHL','152','.cl'),('36','China, People s Republic of','People s Republic of China','Independent State','','','Beijing','CNY','Yuan Renminbi','+86','CN','CHN','156','.cn'),('37','Colombia','Republic of Colombia','Independent State','','','Bogota','COP','Peso','+57','CO','COL','170','.co'),('38','Comoros','Union of Comoros','Independent State','','','Moroni','KMF','Franc','+269','KM','COM','174','.km'),('39','Congo, Democratic Republic of the (Congo – Kinshasa)','Democratic Republic of the Congo','Independent State','','','Kinshasa','CDF','Franc','+243','CD','COD','180','.cd'),('40','Congo, Republic of the (Congo – Brazzaville)','Republic of the Congo','Independent State','','','Brazzaville','XAF','Franc','+242','CG','COG','178','.cg'),('41','Costa Rica','Republic of Costa Rica','Independent State','','','San Jose','CRC','Colon','+506','CR','CRI','188','.cr'),('42','Cote d Ivoire (Ivory Coast)','Republic of Cote d Ivoire','Independent State','','','Yamoussoukro','XOF','Franc','+225','CI','CIV','384','.ci'),('43','Croatia','Republic of Croatia','Independent State','','','Zagreb','HRK','Kuna','+385','HR','HRV','191','.hr'),('44','Cuba','Republic of Cuba','Independent State','','','Havana','CUP','Peso','+53','CU','CUB','192','.cu'),('45','Cyprus','Republic of Cyprus','Independent State','','','Nicosia','CYP','Pound','+357','CY','CYP','196','.cy'),('46','Czech Republic','','Independent State','','','Prague','CZK','Koruna','+420','CZ','CZE','203','.cz'),('47','Denmark','Kingdom of Denmark','Independent State','','','Copenhagen','DKK','Krone','+45','DK','DNK','208','.dk'),('48','Djibouti','Republic of Djibouti','Independent State','','','Djibouti','DJF','Franc','+253','DJ','DJI','262','.dj'),('49','Dominica','Commonwealth of Dominica','Independent State','','','Roseau','XCD','Dollar','+1-767','DM','DMA','212','.dm'),('50','Dominican Republic','','Independent State','','','Santo Domingo','DOP','Peso','+1-809 and 1-829','DO','DOM','214','.do'),('51','Ecuador','Republic of Ecuador','Independent State','','','Quito','USD','Dollar','+593','EC','ECU','218','.ec'),('52','Egypt','Arab Republic of Egypt','Independent State','','','Cairo','EGP','Pound','+20','EG','EGY','818','.eg'),('53','El Salvador','Republic of El Salvador','Independent State','','','San Salvador','USD','Dollar','+503','SV','SLV','222','.sv'),('54','Equatorial Guinea','Republic of Equatorial Guinea','Independent State','','','Malabo','XAF','Franc','+240','GQ','GNQ','226','.gq'),('55','Eritrea','State of Eritrea','Independent State','','','Asmara','ERN','Nakfa','+291','ER','ERI','232','.er'),('56','Estonia','Republic of Estonia','Independent State','','','Tallinn','EEK','Kroon','+372','EE','EST','233','.ee'),('57','Ethiopia','Federal Democratic Republic of Ethiopia','Independent State','','','Addis Ababa','ETB','Birr','+251','ET','ETH','231','.et'),('58','Fiji','Republic of the Fiji Islands','Independent State','','','Suva','FJD','Dollar','+679','FJ','FJI','242','.fj'),('59','Finland','Republic of Finland','Independent State','','','Helsinki','EUR','Euro','+358','FI','FIN','246','.fi'),('60','France','French Republic','Independent State','','','Paris','EUR','Euro','+33','FR','FRA','250','.fr'),('61','Gabon','Gabonese Republic','Independent State','','','Libreville','XAF','Franc','+241','GA','GAB','266','.ga'),('62','Gambia, The','Republic of The Gambia','Independent State','','','Banjul','GMD','Dalasi','+220','GM','GMB','270','.gm'),('63','Georgia','Republic of Georgia','Independent State','','','Tbilisi','GEL','Lari','+995','GE','GEO','268','.ge'),('64','Germany','Federal Republic of Germany','Independent State','','','Berlin','EUR','Euro','+49','DE','DEU','276','.de'),('65','Ghana','Republic of Ghana','Independent State','','','Accra','GHS','Cedi','+233','GH','GHA','288','.gh'),('66','Greece','Hellenic Republic','Independent State','','','Athens','EUR','Euro','+30','GR','GRC','300','.gr'),('67','Grenada','','Independent State','','','Saint George s','XCD','Dollar','+1-473','GD','GRD','308','.gd'),('68','Guatemala','Republic of Guatemala','Independent State','','','Guatemala','GTQ','Quetzal','+502','GT','GTM','320','.gt'),('69','Guinea','Republic of Guinea','Independent State','','','Conakry','GNF','Franc','+224','GN','GIN','324','.gn'),('70','Guinea-Bissau','Republic of Guinea-Bissau','Independent State','','','Bissau','XOF','Franc','+245','GW','GNB','624','.gw'),('71','Guyana','Co-operative Republic of Guyana','Independent State','','','Georgetown','GYD','Dollar','+592','GY','GUY','328','.gy'),('72','Haiti','Republic of Haiti','Independent State','','','Port-au-Prince','HTG','Gourde','+509','HT','HTI','332','.ht'),('73','Honduras','Republic of Honduras','Independent State','','','Tegucigalpa','HNL','Lempira','+504','HN','HND','340','.hn'),('74','Hungary','Republic of Hungary','Independent State','','','Budapest','HUF','Forint','+36','HU','HUN','348','.hu'),('75','Iceland','Republic of Iceland','Independent State','','','Reykjavik','ISK','Krona','+354','IS','ISL','352','.is'),('76','India','Republic of India','Independent State','','','New Delhi','INR','Rupee','+91','IN','IND','356','.in'),('77','Indonesia','Republic of Indonesia','Independent State','','','Jakarta','IDR','Rupiah','+62','ID','IDN','360','.id'),('78','Iran','Islamic Republic of Iran','Independent State','','','Tehran','IRR','Rial','+98','IR','IRN','364','.ir'),('79','Iraq','Republic of Iraq','Independent State','','','Baghdad','IQD','Dinar','+964','IQ','IRQ','368','.iq'),('80','Ireland','','Independent State','','','Dublin','EUR','Euro','+353','IE','IRL','372','.ie'),('81','Israel','State of Israel','Independent State','','','Jerusalem','ILS','Shekel','+972','IL','ISR','376','.il'),('82','Italy','Italian Republic','Independent State','','','Rome','EUR','Euro','+39','IT','ITA','380','.it'),('83','Jamaica','','Independent State','','','Kingston','JMD','Dollar','+1-876','JM','JAM','388','.jm'),('84','Japan','','Independent State','','','Tokyo','JPY','Yen','+81','JP','JPN','392','.jp'),('85','Jordan','Hashemite Kingdom of Jordan','Independent State','','','Amman','JOD','Dinar','+962','JO','JOR','400','.jo'),('86','Kazakhstan','Republic of Kazakhstan','Independent State','','','Astana','KZT','Tenge','+7','KZ','KAZ','398','.kz'),('87','Kenya','Republic of Kenya','Independent State','','','Nairobi','KES','Shilling','+254','KE','KEN','404','.ke'),('88','Kiribati','Republic of Kiribati','Independent State','','','Tarawa','AUD','Dollar','+686','KI','KIR','296','.ki'),('89','Korea, Democratic People s Republic of (North Korea)','Democratic People s Republic of Korea','Independent State','','','Pyongyang','KPW','Won','+850','KP','PRK','408','.kp'),('90','Korea, Republic of  (South Korea)','Republic of Korea','Independent State','','','Seoul','KRW','Won','+82','KR','KOR','410','.kr'),('91','Kuwait','State of Kuwait','Independent State','','','Kuwait','KWD','Dinar','+965','KW','KWT','414','.kw'),('92','Kyrgyzstan','Kyrgyz Republic','Independent State','','','Bishkek','KGS','Som','+996','KG','KGZ','417','.kg'),('93','Laos','Lao People s Democratic Republic','Independent State','','','Vientiane','LAK','Kip','+856','LA','LAO','418','.la'),('94','Latvia','Republic of Latvia','Independent State','','','Riga','LVL','Lat','+371','LV','LVA','428','.lv'),('95','Lebanon','Lebanese Republic','Independent State','','','Beirut','LBP','Pound','+961','LB','LBN','422','.lb'),('96','Lesotho','Kingdom of Lesotho','Independent State','','','Maseru','LSL','Loti','+266','LS','LSO','426','.ls'),('97','Liberia','Republic of Liberia','Independent State','','','Monrovia','LRD','Dollar','+231','LR','LBR','430','.lr'),('98','Libya','Great Socialist People s Libyan Arab Jamahiriya','Independent State','','','Tripoli','LYD','Dinar','+218','LY','LBY','434','.ly'),('99','Liechtenstein','Principality of Liechtenstein','Independent State','','','Vaduz','CHF','Franc','+423','LI','LIE','438','.li'),('100','Lithuania','Republic of Lithuania','Independent State','','','Vilnius','LTL','Litas','+370','LT','LTU','440','.lt'),('101','Luxembourg','Grand Duchy of Luxembourg','Independent State','','','Luxembourg','EUR','Euro','+352','LU','LUX','442','.lu'),('102','Macedonia','Republic of Macedonia','Independent State','','','Skopje','MKD','Denar','+389','MK','MKD','807','.mk'),('103','Madagascar','Republic of Madagascar','Independent State','','','Antananarivo','MGA','Ariary','+261','MG','MDG','450','.mg'),('104','Malawi','Republic of Malawi','Independent State','','','Lilongwe','MWK','Kwacha','+265','MW','MWI','454','.mw'),('105','Malaysia','','Independent State','','','Kuala Lumpur (legislative/judical) and Putrajaya (administrative)','MYR','Ringgit','+60','MY','MYS','458','.my'),('106','Maldives','Republic of Maldives','Independent State','','','Male','MVR','Rufiyaa','+960','MV','MDV','462','.mv'),('107','Mali','Republic of Mali','Independent State','','','Bamako','XOF','Franc','+223','ML','MLI','466','.ml'),('108','Malta','Republic of Malta','Independent State','','','Valletta','MTL','Lira','+356','MT','MLT','470','.mt'),('109','Marshall Islands','Republic of the Marshall Islands','Independent State','','','Majuro','USD','Dollar','+692','MH','MHL','584','.mh'),('110','Mauritania','Islamic Republic of Mauritania','Independent State','','','Nouakchott','MRO','Ouguiya','+222','MR','MRT','478','.mr'),('111','Mauritius','Republic of Mauritius','Independent State','','','Port Louis','MUR','Rupee','+230','MU','MUS','480','.mu'),('112','Mexico','United Mexican States','Independent State','','','Mexico','MXN','Peso','+52','MX','MEX','484','.mx'),('113','Micronesia','Federated States of Micronesia','Independent State','','','Palikir','USD','Dollar','+691','FM','FSM','583','.fm'),('114','Moldova','Republic of Moldova','Independent State','','','Chisinau','MDL','Leu','+373','MD','MDA','498','.md'),('115','Monaco','Principality of Monaco','Independent State','','','Monaco','EUR','Euro','+377','MC','MCO','492','.mc'),('116','Mongolia','','Independent State','','','Ulaanbaatar','MNT','Tugrik','+976','MN','MNG','496','.mn'),('117','Montenegro','Republic of Montenegro','Independent State','','','Podgorica','EUR','Euro','+382','ME','MNE','499','.me and .yu'),('118','Morocco','Kingdom of Morocco','Independent State','','','Rabat','MAD','Dirham','+212','MA','MAR','504','.ma'),('119','Mozambique','Republic of Mozambique','Independent State','','','Maputo','MZM','Meticail','+258','MZ','MOZ','508','.mz'),('120','Myanmar (Burma)','Union of Myanmar','Independent State','','','Naypyidaw','MMK','Kyat','+95','MM','MMR','104','.mm'),('121','Namibia','Republic of Namibia','Independent State','','','Windhoek','NAD','Dollar','+264','NA','NAM','516','.na'),('122','Nauru','Republic of Nauru','Independent State','','','Yaren','AUD','Dollar','+674','NR','NRU','520','.nr'),('123','Nepal','','Independent State','','','Kathmandu','NPR','Rupee','+977','NP','NPL','524','.np'),('124','Netherlands','Kingdom of the Netherlands','Independent State','','','Amsterdam (administrative) and The Hague (legislative/judical)','EUR','Euro','+31','NL','NLD','528','.nl'),('125','New Zealand','','Independent State','','','Wellington','NZD','Dollar','+64','NZ','NZL','554','.nz'),('126','Nicaragua','Republic of Nicaragua','Independent State','','','Managua','NIO','Cordoba','+505','NI','NIC','558','.ni'),('127','Niger','Republic of Niger','Independent State','','','Niamey','XOF','Franc','+227','NE','NER','562','.ne'),('128','Nigeria','Federal Republic of Nigeria','Independent State','','','Abuja','NGN','Naira','+234','NG','NGA','566','.ng'),('129','Norway','Kingdom of Norway','Independent State','','','Oslo','NOK','Krone','+47','NO','NOR','578','.no'),('130','Oman','Sultanate of Oman','Independent State','','','Muscat','OMR','Rial','+968','OM','OMN','512','.om'),('131','Pakistan','Islamic Republic of Pakistan','Independent State','','','Islamabad','PKR','Rupee','+92','PK','PAK','586','.pk'),('132','Palau','Republic of Palau','Independent State','','','Melekeok','USD','Dollar','+680','PW','PLW','585','.pw'),('133','Panama','Republic of Panama','Independent State','','','Panama','PAB','Balboa','+507','PA','PAN','591','.pa'),('134','Papua New Guinea','Independent State of Papua New Guinea','Independent State','','','Port Moresby','PGK','Kina','+675','PG','PNG','598','.pg'),('135','Paraguay','Republic of Paraguay','Independent State','','','Asuncion','PYG','Guarani','+595','PY','PRY','600','.py'),('136','Peru','Republic of Peru','Independent State','','','Lima','PEN','Sol','+51','PE','PER','604','.pe'),('137','Philippines','Republic of the Philippines','Independent State','','','Manila','PHP','Peso','+63','PH','PHL','608','.ph'),('138','Poland','Republic of Poland','Independent State','','','Warsaw','PLN','Zloty','+48','PL','POL','616','.pl'),('139','Portugal','Portuguese Republic','Independent State','','','Lisbon','EUR','Euro','+351','PT','PRT','620','.pt'),('140','Qatar','State of Qatar','Independent State','','','Doha','QAR','Rial','+974','QA','QAT','634','.qa'),('141','Romania','','Independent State','','','Bucharest','RON','Leu','+40','RO','ROU','642','.ro'),('142','Russia','Russian Federation','Independent State','','','Moscow','RUB','Ruble','+7','RU','RUS','643','.ru and .su'),('143','Rwanda','Republic of Rwanda','Independent State','','','Kigali','RWF','Franc','+250','RW','RWA','646','.rw'),('144','Saint Kitts and Nevis','Federation of Saint Kitts and Nevis','Independent State','','','Basseterre','XCD','Dollar','+1-869','KN','KNA','659','.kn'),('145','Saint Lucia','','Independent State','','','Castries','XCD','Dollar','+1-758','LC','LCA','662','.lc'),('146','Saint Vincent and the Grenadines','','Independent State','','','Kingstown','XCD','Dollar','+1-784','VC','VCT','670','.vc'),('147','Samoa','Independent State of Samoa','Independent State','','','Apia','WST','Tala','+685','WS','WSM','882','.ws'),('148','San Marino','Republic of San Marino','Independent State','','','San Marino','EUR','Euro','+378','SM','SMR','674','.sm'),('149','Sao Tome and Principe','Democratic Republic of Sao Tome and Principe','Independent State','','','Sao Tome','STD','Dobra','+239','ST','STP','678','.st'),('150','Saudi Arabia','Kingdom of Saudi Arabia','Independent State','','','Riyadh','SAR','Rial','+966','SA','SAU','682','.sa'),('151','Senegal','Republic of Senegal','Independent State','','','Dakar','XOF','Franc','+221','SN','SEN','686','.sn'),('152','Serbia','Republic of Serbia','Independent State','','','Belgrade','RSD','Dinar','+381','RS','SRB','688','.rs and .yu'),('153','Seychelles','Republic of Seychelles','Independent State','','','Victoria','SCR','Rupee','+248','SC','SYC','690','.sc'),('154','Sierra Leone','Republic of Sierra Leone','Independent State','','','Freetown','SLL','Leone','+232','SL','SLE','694','.sl'),('155','Singapore','Republic of Singapore','Independent State','','','Singapore','SGD','Dollar','+65','SG','SGP','702','.sg'),('156','Slovakia','Slovak Republic','Independent State','','','Bratislava','SKK','Koruna','+421','SK','SVK','703','.sk'),('157','Slovenia','Republic of Slovenia','Independent State','','','Ljubljana','EUR','Euro','+386','SI','SVN','705','.si'),('158','Solomon Islands','','Independent State','','','Honiara','SBD','Dollar','+677','SB','SLB','090','.sb'),('159','Somalia','','Independent State','','','Mogadishu','SOS','Shilling','+252','SO','SOM','706','.so'),('160','South Africa','Republic of South Africa','Independent State','','','Pretoria (administrative); Cape Town (legislative); and Bloemfontein (judical)','ZAR','Rand','+27','ZA','ZAF','710','.za'),('161','Spain','Kingdom of Spain','Independent State','','','Madrid','EUR','Euro','+34','ES','ESP','724','.es'),('162','Sri Lanka','Democratic Socialist Republic of Sri Lanka','Independent State','','','Colombo (administrative/judical) and Sri Jayewardenepura Kotte (legislative)','LKR','Rupee','+94','LK','LKA','144','.lk'),('163','Sudan','Republic of the Sudan','Independent State','','','Khartoum','SDG','Pound','+249','SD','SDN','736','.sd'),('164','Suriname','Republic of Suriname','Independent State','','','Paramaribo','SRD','Dollar','+597','SR','SUR','740','.sr'),('165','Swaziland','Kingdom of Swaziland','Independent State','','','Mbabane (administrative) and Lobamba (legislative)','SZL','Lilangeni','+268','SZ','SWZ','748','.sz'),('166','Sweden','Kingdom of Sweden','Independent State','','','Stockholm','SEK','Kronoa','+46','SE','SWE','752','.se'),('167','Switzerland','Swiss Confederation','Independent State','','','Bern','CHF','Franc','+41','CH','CHE','756','.ch'),('168','Syria','Syrian Arab Republic','Independent State','','','Damascus','SYP','Pound','+963','SY','SYR','760','.sy'),('169','Tajikistan','Republic of Tajikistan','Independent State','','','Dushanbe','TJS','Somoni','+992','TJ','TJK','762','.tj'),('170','Tanzania','United Republic of Tanzania','Independent State','','','Dar es Salaam (administrative/judical) and Dodoma (legislative)','TZS','Shilling','+255','TZ','TZA','834','.tz'),('171','Thailand','Kingdom of Thailand','Independent State','','','Bangkok','THB','Baht','+66','TH','THA','764','.th'),('172','Timor-Leste (East Timor)','Democratic Republic of Timor-Leste','Independent State','','','Dili','USD','Dollar','+670','TL','TLS','626','.tp and .tl'),('173','Togo','Togolese Republic','Independent State','','','Lome','XOF','Franc','+228','TG','TGO','768','.tg'),('174','Tonga','Kingdom of Tonga','Independent State','','','Nuku alofa','TOP','Pa anga','+676','TO','TON','776','.to'),('175','Trinidad and Tobago','Republic of Trinidad and Tobago','Independent State','','','Port-of-Spain','TTD','Dollar','+1-868','TT','TTO','780','.tt'),('176','Tunisia','Tunisian Republic','Independent State','','','Tunis','TND','Dinar','+216','TN','TUN','788','.tn'),('177','Turkey','Republic of Turkey','Independent State','','','Ankara','TRY','Lira','+90','TR','TUR','792','.tr'),('178','Turkmenistan','','Independent State','','','Ashgabat','TMM','Manat','+993','TM','TKM','795','.tm'),('179','Tuvalu','','Independent State','','','Funafuti','AUD','Dollar','+688','TV','TUV','798','.tv'),('180','Uganda','Republic of Uganda','Independent State','','','Kampala','UGX','Shilling','+256','UG','UGA','800','.ug'),('181','Ukraine','','Independent State','','','Kiev','UAH','Hryvnia','+380','UA','UKR','804','.ua'),('182','United Arab Emirates','United Arab Emirates','Independent State','','','Abu Dhabi','AED','Dirham','+971','AE','ARE','784','.ae'),('183','United Kingdom','United Kingdom of Great Britain and Northern Ireland','Independent State','','','London','GBP','Pound','+44','GB','GBR','826','.uk'),('184','United States','United States of America','Independent State','','','Washington','USD','Dollar','+1','US','USA','840','.us'),('185','Uruguay','Oriental Republic of Uruguay','Independent State','','','Montevideo','UYU','Peso','+598','UY','URY','858','.uy'),('186','Uzbekistan','Republic of Uzbekistan','Independent State','','','Tashkent','UZS','Som','+998','UZ','UZB','860','.uz'),('187','Vanuatu','Republic of Vanuatu','Independent State','','','Port-Vila','VUV','Vatu','+678','VU','VUT','548','.vu'),('188','Vatican City','State of the Vatican City','Independent State','','','Vatican City','EUR','Euro','+379','VA','VAT','336','.va'),('189','Venezuela','Bolivarian Republic of Venezuela','Independent State','','','Caracas','VEB','Bolivar','+58','VE','VEN','862','.ve'),('190','Vietnam','Socialist Republic of Vietnam','Independent State','','','Hanoi','VND','Dong','+84','VN','VNM','704','.vn'),('191','Yemen','Republic of Yemen','Independent State','','','Sanaa','YER','Rial','+967','YE','YEM','887','.ye'),('192','Zambia','Republic of Zambia','Independent State','','','Lusaka','ZMK','Kwacha','+260','ZM','ZMB','894','.zm'),('193','Zimbabwe','Republic of Zimbabwe','Independent State','','','Harare','ZWD','Dollar','+263','ZW','ZWE','716','.zw'),('194','Abkhazia','Republic of Abkhazia','Proto Independent State','','','Sokhumi','RUB','Ruble','+995','GE','GEO','268','.ge'),('195','China, Republic of (Taiwan)','Republic of China','Proto Independent State','','','Taipei','TWD','Dollar','+886','TW','TWN','158','.tw'),('196','Nagorno-Karabakh','Nagorno-Karabakh Republic','Proto Independent State','','','Stepanakert','AMD','Dram','+374-97','AZ','AZE','031','.az'),('197','Northern Cyprus','Turkish Republic of Northern Cyprus','Proto Independent State','','','Nicosia','TRY','Lira','+90-392','CY','CYP','196','.nc.tr'),('198','Pridnestrovie (Transnistria)','Pridnestrovian Moldavian Republic','Proto Independent State','','','Tiraspol','','Ruple','+373-533','MD','MDA','498','.md'),('199','Somaliland','Republic of Somaliland','Proto Independent State','','','Hargeisa','','Shilling','+252','SO','SOM','706','.so'),('200','South Ossetia','Republic of South Ossetia','Proto Independent State','','','Tskhinvali','RUB and GEL','Ruble and Lari','+995','GE','GEO','268','.ge'),('201','Ashmore and Cartier Islands','Territory of Ashmore and Cartier Islands','Dependency','External Territory','Australia','','','','','AU','AUS','036','.au'),('202','Christmas Island','Territory of Christmas Island','Dependency','External Territory','Australia','The Settlement (Flying Fish Cove)','AUD','Dollar','+61','CX','CXR','162','.cx'),('203','Cocos (Keeling) Islands','Territory of Cocos (Keeling) Islands','Dependency','External Territory','Australia','West Island','AUD','Dollar','+61','CC','CCK','166','.cc'),('204','Coral Sea Islands','Coral Sea Islands Territory','Dependency','External Territory','Australia','','','','','AU','AUS','036','.au'),('205','Heard Island and McDonald Islands','Territory of Heard Island and McDonald Islands','Dependency','External Territory','Australia','','','','','HM','HMD','334','.hm'),('206','Norfolk Island','Territory of Norfolk Island','Dependency','External Territory','Australia','Kingston','AUD','Dollar','+672','NF','NFK','574','.nf'),('207','New Caledonia','','Dependency','Sui generis Collectivity','France','Noumea','XPF','Franc','+687','NC','NCL','540','.nc'),('208','French Polynesia','Overseas Country of French Polynesia','Dependency','Overseas Collectivity','France','Papeete','XPF','Franc','+689','PF','PYF','258','.pf'),('209','Mayotte','Departmental Collectivity of Mayotte','Dependency','Overseas Collectivity','France','Mamoudzou','EUR','Euro','+262','YT','MYT','175','.yt'),('210','Saint Barthelemy','Collectivity of Saint Barthelemy','Dependency','Overseas Collectivity','France','Gustavia','EUR','Euro','+590','GP','GLP','312','.gp'),('211','Saint Martin','Collectivity of Saint Martin','Dependency','Overseas Collectivity','France','Marigot','EUR','Euro','+590','GP','GLP','312','.gp'),('212','Saint Pierre and Miquelon','Territorial Collectivity of Saint Pierre and Miquelon','Dependency','Overseas Collectivity','France','Saint-Pierre','EUR','Euro','+508','PM','SPM','666','.pm'),('213','Wallis and Futuna','Collectivity of the Wallis and Futuna Islands','Dependency','Overseas Collectivity','France','Mata utu','XPF','Franc','+681','WF','WLF','876','.wf'),('214','French Southern and Antarctic Lands','Territory of the French Southern and Antarctic Lands','Dependency','Overseas Territory','France','Martin-de-Viviès','','','','TF','ATF','260','.tf'),('215','Clipperton Island','','Dependency','Possession','France','','','','','PF','PYF','258','.pf'),('216','Bouvet Island','','Dependency','Territory','Norway','','','','','BV','BVT','074','.bv'),('217','Cook Islands','','Dependency','Self-Governing in Free Association','New Zealand','Avarua','NZD','Dollar','+682','CK','COK','184','.ck'),('218','Niue','','Dependency','Self-Governing in Free Association','New Zealand','Alofi','NZD','Dollar','+683','NU','NIU','570','.nu'),('219','Tokelau','','Dependency','Territory','New Zealand','','NZD','Dollar','+690','TK','TKL','772','.tk'),('220','Guernsey','Bailiwick of Guernsey','Dependency','Crown Dependency','United Kingdom','Saint Peter Port','GGP','Pound','+44','GG','GGY','831','.gg'),('221','Isle of Man','','Dependency','Crown Dependency','United Kingdom','Douglas','IMP','Pound','+44','IM','IMN','833','.im'),('222','Jersey','Bailiwick of Jersey','Dependency','Crown Dependency','United Kingdom','Saint Helier','JEP','Pound','+44','JE','JEY','832','.je'),('223','Anguilla','','Dependency','Overseas Territory','United Kingdom','The Valley','XCD','Dollar','+1-264','AI','AIA','660','.ai'),('224','Bermuda','','Dependency','Overseas Territory','United Kingdom','Hamilton','BMD','Dollar','+1-441','BM','BMU','060','.bm'),('225','British Indian Ocean Territory','','Dependency','Overseas Territory','United Kingdom','','','','+246','IO','IOT','086','.io'),('228','Cayman Islands','','Dependency','Overseas Territory','United Kingdom','George Town','KYD','Dollar','+1-345','KY','CYM','136','.ky'),('229','Falkland Islands (Islas Malvinas)','','Dependency','Overseas Territory','United Kingdom','Stanley','FKP','Pound','+500','FK','FLK','238','.fk'),('230','Gibraltar','','Dependency','Overseas Territory','United Kingdom','Gibraltar','GIP','Pound','+350','GI','GIB','292','.gi'),('231','Montserrat','','Dependency','Overseas Territory','United Kingdom','Plymouth','XCD','Dollar','+1-664','MS','MSR','500','.ms'),('232','Pitcairn Islands','','Dependency','Overseas Territory','United Kingdom','Adamstown','NZD','Dollar','','PN','PCN','612','.pn'),('233','Saint Helena','','Dependency','Overseas Territory','United Kingdom','Jamestown','SHP','Pound','+290','SH','SHN','654','.sh'),('234','South Georgia and the South Sandwich Islands','','Dependency','Overseas Territory','United Kingdom','','','','','GS','SGS','239','.gs'),('235','Turks and Caicos Islands','','Dependency','Overseas Territory','United Kingdom','Grand Turk','USD','Dollar','+1-649','TC','TCA','796','.tc'),('236','Northern Mariana Islands','Commonwealth of The Northern Mariana Islands','Dependency','Commonwealth','United States','Saipan','USD','Dollar','+1-670','MP','MNP','580','.mp'),('237','Puerto Rico','Commonwealth of Puerto Rico','Dependency','Commonwealth','United States','San Juan','USD','Dollar','+1-787 and 1-939','PR','PRI','630','.pr'),('238','American Samoa','Territory of American Samoa','Dependency','Territory','United States','Pago Pago','USD','Dollar','+1-684','AS','ASM','016','.as'),('240','Guam','Territory of Guam','Dependency','Territory','United States','Hagatna','USD','Dollar','+1-671','GU','GUM','316','.gu'),('267','Western Sahara','','Disputed Territory','','Administrated by Morocco','El-Aaiun','MAD','Dirham','+212','EH','ESH','732','.eh'),('268','Australian Antarctic Territory','','Antarctic Territory','External Territory','Australia','','','','','AQ','ATA','010','.aq'),('269','Ross Dependency','','Antarctic Territory','Territory','New Zealand','','','','','AQ','ATA','010','.aq'),('270','Peter I Island','','Antarctic Territory','Territory','Norway','','','','','AQ','ATA','010','.aq'),('271','Queen Maud Land','','Antarctic Territory','Territory','Norway','','','','','AQ','ATA','010','.aq'),('272','British Antarctic Territory','','Antarctic Territory','Overseas Territory','United Kingdom','','','','','AQ','ATA','010','.aq'),('261','Svalbard','','Proto Dependency','','Norway','Longyearbyen','NOK','Krone','+47','SJ','SJM','744','.sj'),('262','Ascension','','Proto Dependency','Dependency of Saint Helena','United Kingdom','Georgetown','SHP','Pound','+247','AC','ASC','','.ac'),('264','Antarctica','','Disputed Territory','','Undetermined','','','','','AQ','ATA','010','.aq'),('265','Kosovo','','Disputed Territory','','Administrated by the UN','Pristina','CSD and EUR','Dinar and Euro','+381','CS','SCG','891','.cs and .yu'),('266','Palestinian Territories (Gaza Strip and West Bank)','','Disputed Territory','','Administrated by Israel','Gaza City (Gaza Strip) and Ramallah (West Bank)','ILS','Shekel','+970','PS','PSE','275','.ps'),('256','Martinique','Overseas Region of Martinique','Proto Dependency','Overseas Region','France','Fort-de-France','EUR','Euro','+596','MQ','MTQ','474','.mq'),('257','Reunion','Overseas Region of Reunion','Proto Dependency','Overseas Region','France','Saint-Denis','EUR','Euro','+262','RE','REU','638','.re'),('258','Aland','','Proto Dependency','','Finland','Mariehamn','EUR','Euro','+358-18','AX','ALA','248','.ax'),('259','Aruba','','Proto Dependency','','Netherlands','Oranjestad','AWG','Guilder','+297','AW','ABW','533','.aw'),('260','Netherlands Antilles','','Proto Dependency','','Netherlands','Willemstad','ANG','Guilder','+599','AN','ANT','530','.an'),('250','Hong Kong','Hong Kong Special Administrative Region','Proto Dependency','Special Administrative Region','China','','HKD','Dollar','+852','HK','HKG','344','.hk'),('251','Macau','Macau Special Administrative Region','Proto Dependency','Special Administrative Region','China','Macau','MOP','Pataca','+853','MO','MAC','446','.mo'),('252','Faroe Islands','','Proto Dependency','','Denmark','Torshavn','DKK','Krone','+298','FO','FRO','234','.fo'),('253','Greenland','','Proto Dependency','','Denmark','Nuuk (Godthab)','DKK','Krone','+299','GL','GRL','304','.gl'),('254','French Guiana','Overseas Region of Guiana','Proto Dependency','Overseas Region','France','Cayenne','EUR','Euro','+594','GF','GUF','254','.gf'),('255','Guadeloupe','Overseas Region of Guadeloupe','Proto Dependency','Overseas Region','France','Basse-Terre','EUR','Euro','+590','GP','GLP','312','.gp'),('248','U.S. Virgin Islands','United States Virgin Islands','Dependency','Territory','United States','Charlotte Amalie','USD','Dollar','+1-340','VI','VIR','850','.vi'),('227','British Virgin Islands','','Dependency','Overseas Territory','United Kingdom','Road Town','USD','Dollar','+1-284','VG','VGB','092','.vg'),('226','British Sovereign Base Areas','','Dependency','Overseas Territory','United Kingdom','Episkopi','CYP','Pound','+357','','','',''),('239','Baker Island','','Dependency','Territory','United States','','','','','UM','UMI','581',''),('241','Howland Island','','Dependency','Territory','United States','','','','','UM','UMI','581',''),('242','Jarvis Island','','Dependency','Territory','United States','','','','','UM','UMI','581',''),('263','Tristan da Cunha','','Proto Dependency','Dependency of Saint Helena','United Kingdom','Edinburgh','SHP','Pound','+290','TA','TAA','',''),('245','Midway Islands','','Dependency','Territory','United States','','','','','UM','UMI','581',''),('246','Navassa Island','','Dependency','Territory','United States','','','','','UM','UMI','581',''),('247','Palmyra Atoll','','Dependency','Territory','United States','','','','','UM','UMI','581',''),('249','Wake Island','','Dependency','Territory','United States','','','','','UM','UMI','850',''),('243','Johnston Atoll','','Dependency','Territory','United States','','','','','UM','UMI','581',''),('244','Kingman Reef','','Dependency','Territory','United States','','','','','UM','UMI','581','');
/*!40000 ALTER TABLE `tc_pays` ENABLE KEYS */;
UNLOCK TABLES;

--
-- Table structure for table `themes`
--

DROP TABLE IF EXISTS `themes`;
/*!40101 SET @saved_cs_client     = @@character_set_client */;
/*!40101 SET character_set_client = utf8 */;
CREATE TABLE `themes` (
  `id` int(10) unsigned NOT NULL AUTO_INCREMENT,
  `designation` varchar(255) COLLATE utf8_unicode_ci NOT NULL,
  PRIMARY KEY (`id`)
) ENGINE=InnoDB DEFAULT CHARSET=utf8 COLLATE=utf8_unicode_ci;
/*!40101 SET character_set_client = @saved_cs_client */;

--
-- Dumping data for table `themes`
--

LOCK TABLES `themes` WRITE;
/*!40000 ALTER TABLE `themes` DISABLE KEYS */;
/*!40000 ALTER TABLE `themes` ENABLE KEYS */;
UNLOCK TABLES;

--
-- Table structure for table `tmp`
--

DROP TABLE IF EXISTS `tmp`;
/*!40101 SET @saved_cs_client     = @@character_set_client */;
/*!40101 SET character_set_client = utf8 */;
CREATE TABLE `tmp` (
  `pk` int(11) NOT NULL AUTO_INCREMENT,
  `n` varchar(3) DEFAULT NULL,
  `nom` varchar(22) DEFAULT NULL,
  `prenom` varchar(16) DEFAULT NULL,
  `fonction` varchar(77) DEFAULT NULL,
  `tel` varchar(19) DEFAULT NULL,
  `email` varchar(43) DEFAULT NULL,
  `adresse` varchar(132) DEFAULT NULL,
  `ville` varchar(31) DEFAULT NULL,
  `recu15` varchar(21) DEFAULT NULL,
  `montant15` varchar(7) DEFAULT NULL,
  `recu16` varchar(21) DEFAULT NULL,
  `montant16` varchar(7) DEFAULT NULL,
  `recu17` varchar(21) DEFAULT NULL,
  `montant17` varchar(7) DEFAULT NULL,
  PRIMARY KEY (`pk`)
) ENGINE=InnoDB AUTO_INCREMENT=267 DEFAULT CHARSET=utf8;
/*!40101 SET character_set_client = @saved_cs_client */;

--
-- Dumping data for table `tmp`
--

LOCK TABLES `tmp` WRITE;
/*!40000 ALTER TABLE `tmp` DISABLE KEYS */;
INSERT INTO `tmp` VALUES (1,'1','Abba ','El Hassan','Enseignant','0661054736','abbaelhassan@gmail.com','Lycée Tarik','Azrou','','','','','',''),(2,'2','Abejja ','Omar  ','Administrateur','0611699406','','lot lalla moulaty -sefrou','Sefrou','','','','','',''),(3,'3','Achahbar ','Charif  ','Gérant de société - sté Enerciel','0662340948','ucpmaroc@gmail.com','20, rue Al Qualçadi, Appt 14- Agdal - Rabat','Rabat','2510','100,00','','','',''),(4,'4','Adidi ','Abdelaziz ','Professeur à l\'INAU','0661876377','a2adidi@yahoo.fr','INAU, B.P. 6215','Rabat','2551','100,00','','','',''),(5,'5','Adlan El Mrini ','Mohamed Said ','Enseignant','0667537623','aesvtlaraksar7@yahoo.fr','Lycée Abi Absas Sebti','Tanger','','','','','',''),(6,'6','ahiyati','Hamza','etudiant ','06-63214171','ahiati19@gmail.com','BLOC 4 RUE 2 N°18 HAY MOHAMMADI','Casablanca','','','','','',''),(7,'7','Ait M\'hand ','Malika  ','Etudiante ','066522434','malika20014@gmail.com','Groupe Al ouahda yah nahda 8','rabat ','','','2632','50,00','',''),(8,'8','Alaoui ','Altaf  ','Etudiante','0674361135','altaf.alaoui@gmail.com','Imm. Sophale 5, Appt. N°9, B.M.O -meknes ','Meknès','49','100,00','','','',''),(9,'9','Amadjar ','Malika  ','Professeur','0660652058','morjana_56@live.fr','67 Bloc C,','Kénitra','','','','','',''),(10,'10','Ameziane ','Mohamed','Etudiant','0633709952','mohamed.ameziane@ymail.com','B.P. 827, Beni Bouayache 32050 -al hoceima','Al Hoceima','55','50,00','','','',''),(11,'11','Amlal ','Abderahim','Etudiant ','0604120138','abderrahim95amalal@gmail.com','Douar Tassila massa chtouka ait baha','Massa','','','','','',''),(12,'12','Amrani','Amrani','Professeur SVT','0672786973','aamrani49@yahoo,fr','','Ahfir','','','','','',''),(13,'13','Amrani ','el mostapha','DAF ','06-61355787','mostaphamrani@gmail.com','Lot 1507 - bir rami sud n° 3','Kénitra ','','','','','',''),(14,'14','Aouni ','Kenza ','Ingénieur en chef','0661655822','aounikz@gmail.com','3 Rue harroun errachid , agdal - rabat ','Rabat','','','','','',''),(15,'15','Aourir ','Mohamed ','Enseignant','0671948720','maourir@gmail.com','','Agadir','2524','100,00','','100,00','',''),(16,'16','Atany ','Taha ','Pr. Secondaire SVT','0674423509','atany.taha@gmail.com','16, rue Abou Ghaleb Achiani, Maârif','Casablanca','','','','','',''),(17,'17','Azaouaghe ','said ','Professeur svt ','0661845568','azaouaghe@yahoo.fr','69, rue  Abdelkrim El Khattabi -nador','Nador','2512','100,00','','','',''),(18,'18','Azdem','Driss ','Etudiant','0634562122','akraty@hotmail.fr','','casablanca','2595','50,00','','','',''),(19,'19','Banan','Hassan','Professeur','0666287501','hassanbanane63@gmail.com','Lot 75, Appt. 6, Houria - kenitra','Kénitra','2503','100,00','','','2855','100'),(20,'20','Banaoui ','Ali ','','','','','Agadir ','','','','','',''),(21,'21','Bara ','Mouslim ','Etudiant','00213699101375','m.bara@live.com','Ecatap, Université Annaba 23000','Algérie','','','','','',''),(22,'22','Bayed ','Abdellatif ','Enseignant-Chercheur','0663688600','uob_isr@yahoo.com','Institut Scientifique','Rabat','66','100,00','','','',''),(23,'23','Belfkih el idrissi ','khalil ','fonctionnaire','06-44594735','benlafkihelidrissikhalil@yahoo.fr','','rabat','','','','','',''),(24,'24','belgaziz','Soumaya ','etudiante ','06-96926678','soumayabelgaziz012@gmail.com','Bloc knr 19- sité el houda ','Agadir ','','','','','',''),(25,'25','Belgaziz','Soumaya ','Etudiante ','0697926678','soumayabelgaziz012@gmail.com','BLOK K NR 19 CITE EL HOUDA AGADIR','Agadir ','','','','','',''),(26,'26','Belkacem ','Mohammed  ','Etudiant','0600393823','belkacem93@gmail.com','N°6, Rue Moula Tayeb','Berkane','','','','','',''),(27,'27','Ben Amar ','Amal  ','Etudiante','0616461740','benamar2003@gmail.com','Massira 1, Tafilalet 2 , imm f , n° 25','Marrakech','','','','','',''),(28,'28','Ben lafkih el idrissi ','khalil','','','','','','2522','100,00','','','',''),(29,'29','Ben Salah','sidi Mustapha ','Enseignant','0644000369','sidiben66@yahoo.fr','Lycée Khawarizmi','Tanger','','','','','',''),(30,'30','Ben Slimane ','Mohamed','Ingenieur ','0642819410','drefma7@gmail.com','DREF Moyen Atlas','Meknès','','','','','',''),(31,'31','Benchama ','Ayoub ','Etudiant ','0621026893','benchamaayoub@gmail.com','residence al mansour , imm b3 , appt 6 , tabriquet - salé ','Salé','48','50,00','2568','50,00','',''),(32,'32','Bencherqi','Imane ','Assistante administrative et comptable','0668600023','icherqi.grepom@gmail.com','résidence oum hani imm 7 , appt 7- salé ','Rabat','50','100,00','','','',''),(33,'33','Benhichou','Badr','Etudiant','0667835449','ayourbadr@gmail.com','BP4630, CP 12020 Massira, Témara','Témara','61','50,00','','','',''),(34,'34','Benka ','El-Mostafa ','Etudiant ','0626781485','mosben.mse@gmail.com','DR ait maala ouaouizerth azilal-22402- Azilal','Azilal ','','','2578','50,00','',''),(35,'35','Benlafkih El idrissi ','Khalil','Fonctionnaire ','0644594735','benlafkihelidrissikhalil@yahoo.fr','','Rabat','','','','','',''),(36,'36','Benramel','Mostapha  ','Etudiant','0661704841','beramel_salah@yahoo.fr','Rue 182, N° 4441','Kénitra','','','','','',''),(37,'37','Bensaid ','Ihssane  ','Enseignant-Chercheur','','ihbensaid@yahoo.fr','Institut Scientifique','Rabat','','','','','',''),(38,'38','Berrada ','Kaoutar','Doctorante','0656228872','berrada.kaoutar@gmail.com','19, lot. youssra et Zerka/Rte Mehdia H19 Apt 8 Imb H19. Salé','salé','','','2631','50,00','',''),(39,'39','BIBOUDEN','SOKAINA','Etudiante ','0678091779','sokainatilila@gmail.com','AGHBALOU SIDI WASSAY MASSA',' Massa','','','','','',''),(40,'40','Bona','Saida ','','0664111103','reinedesbaa@gmail.com','','Marrakech','2533','100,00','','','',''),(41,'41','Bouajaja ','Adel ','','0661707658','abouajaja@grepom.org','Lot,Dadda, Imm. 43, Appt. 3','Salé','2537','100,00','','','',''),(42,'42','Bouazzaoui ','Nabila ','Fonctionnaire','0665829834','nbouaz@gmail.com','13, Rue Pékin, N° 13','Rabat','','','','','',''),(43,'43','Boudraa ','Wahiba ','Etudiante','213 770547202','wahibaboudraa@yahoo.fr','Cité champs Manenvre bloc 02, n°14 24000','Guelma, Algérie','','','','','',''),(44,'44','Bouiamrine','El Houcine ','Enseignant ','0699302730','bouiamrine@yahoo.fr','Univ. Moulay Ismail','Meknès','','','','','',''),(45,'45','Bouisefar ','Rabie','Photographe','06-45590659','rabiphotoghraphy@gmail.com','el quoudsse 02 blo 03 NR 118 - Taza','Taza','','','','','',''),(46,'46','Boumaaza ','Mbarek ','Professeur SVT','0666221992','boumaazambarek@yahoo.fr','N°17, Boulevard El Yarmouk','Berkane','2509','100,00','','','2859','100,00'),(47,'47','Boumaaza ','Jihad ','','0661754498','boumaaza.jihad@gmail.com','N°17, Boulevard El Yarmouk','Berkane','2539','100,00','','','2860','100,00'),(48,'48','Boumedienne ','Ahmed ','Professeur SVT','0672786973','ahmedboumediene308@yahoo.fr','63, Rue Anoual','Ahfir','2519','100,00','','','',''),(49,'49','Boumedienne ','Mehdi ','Etudiant','','','63, Rue Anoual','Ahfir','2520','50,00','','','',''),(50,'50','Bououarour ','Oussama ','Doctorant ','0673810367','oussama.bouarour @gmail.com','239 , Secteur hay rahma salé ','Salé','','','2639','50,00','',''),(51,'51','Bourass ','khadija','Doctorante','0613633387','bourass_khadija@yahoo.fr','8, rue Mohammedia- hassan - rabat','Rabat','2552','50,00','','','',''),(52,'52','Bourass ','abdelhak','','','','','kenitra','','','','','2856','100,00'),(53,'53','Bourouah ','El Bachir ','Professeur Agrégé','0667276373','bourouahbachir@hotmail.fr','N°18, Rue 19,hay el maamora','Kénitra','2504','100,00','','','',''),(54,'54','Bousfiha ','Mohammed ','Ingénieur Informaticien','0662521911','bousmed@gmail.com','57, Avenue Tadla- aviation -rabat','Rabat','2526','100,00','','','2861','100,00'),(55,'55','Boussadik','Halima ','Enseignante','0673062523','bousadik_halima@yahoo.fr','','Marrakech','2525','100,00','','','',''),(56,'56','Boutbaiq ','Bilal ','Elève','0668233561','','Bloc C 55 - Maghrib Arabi ','Kénitra','','','','','',''),(57,'57','Bouzaaboul ','Mounir ','Professeur Agrégé','','','','Kénitra','','','','','',''),(58,'58','Bouzekry ','Assia ','Enseignant','0676917788','assiamatf@yahoo.fr','Lycée Charif Idrissi','Tétouan','','','','','',''),(59,'59','Chafik ','Mustapha ','Ingénieur','0670906662','chafik_moustapha@yahoo.fr','N° 1154, Secteur 8, Rue Moulouya','Salé','387','100,00','','','',''),(60,'60','Chakri ','Said ','Professeur','0661259714','aesvt.tanger@yahoo.fr','CEET/Ecole Al Quods','Tanger','','','','','',''),(61,'61','Chaoui ','Hicham ','Etudiant ( DUT  envirennement et technique de l’ eau )','0653387760','hichamchaoui96@yahoo.fr','753 Lot Arssat sala - route de kénitra - salé 11060','salé','','','','50,00','',''),(62,'62','Chekrouni ','Nadia ','Etudiante','0649490791','naadouch1@hotmail.com','Quartier El Irfane, Rue Errazi, N° 27-  oujda','Oujda','','','','','2857','50,00'),(63,'63','Chemlali ','Abderrahmane ','Professeur SVT','0666614774','ciconiaberkane@yahoo.fr','','Berkane','','','','','',''),(64,'64','Chemlali ','Bouchra ','Elève','0666614774','siconia.com@berkane.com','','Berkane','','','','','',''),(65,'65','Cherkaoui ','Sidi Imad  ','Docteur ','0662383331','imad.cherkaoui@gmail.com',' Résidence Nassim Al Bahr II','Salé','2536','100,00','2585','100,00','',''),(66,'66','Chikri','Khalid ','Entrepreneur+chercheur universitaire ','0661212308','khalid.chikri@gmail.com','av med ben abderahmane n°14- Tetouan','Tetouan ','','','','','',''),(67,'67','Chikri ','Khalid ','Entreprise ','0661212308','khalid.chikri@gmail.com','MOHAMED BEN ABDERRAHMANE N14','TETOUAN','','','','','',''),(68,'68','Chillasse ','Lahcen ','Enseignant-Chercheur','0661514004','chillasse@yahoo.fr','Univ. Moulay Ismail','Meknès','2508','100,00','','','',''),(69,'69','choukri ','rachid ','etudiant ','0678449635','choukri.ra@gmail.com','N° 84 bloc D, Asaka , agadir ','Agadir ','','','2635','50,00','',''),(70,'70','Cuzin','Fabrice ','','','fabcuzin@yahoo.fr','','Marrakech','','','','','',''),(71,'71','Dakki','Lamiaâ ','Médecin nutritioniste','0661460238','','12, rue Souria, Immeuble Jacaranda- rue souria , gueliz - marrakech ','Marrakech','2513','100,00','','','2874','100,00'),(72,'72','Dakki','Najlaâ ','Infographiste','0537885652','n.dakki@hotmail.com','22, lotissement Koutoubia II, rte de mehdia , salé ','Salé','2514','100,00','','','',''),(73,'73','Dakki','chaimae','etudiante ','','','22, lotissement Koutoubia II , route de kenitra - salé','salé','2521','50,00','','','2875','100,00'),(74,'74','Dakki ','Mohamed ','Enseignant-Chercheur','0661391281','dakkiisr@gmail.com','22, lotissement Koutoubia II , route de kenitra - salé','Salé','65','100,00','2871','100','2871','100,00'),(75,'75','Dalai','Mohamed ','Dir. Provincial des E&F ','0661367139','assiamatf@yahoo.fr','Dir. Provincial des E & F','Meknès','','','','','',''),(76,'76','Dehbi','Abdellah ','Statisticien','','','','','','','','','',''),(77,'77','Derqaoui','Lahcen  ','Professeur univ.','0668183340','lderqaoui@yahoo.fr','IAV Hassan II, B.P. 6202','Rabat','2516','100,00','','','',''),(78,'78','Derrou ','Abderrahim ','Ingénieur au eaux et foret ','0661354597','derrou.a@hotmail.fr','Parc national d\'Ifrane','ifrane','','','','','',''),(79,'79','Detsouli','Mohamed ','Professeur Edu. Phy.','0661854910','','','Berkane','','','','','',''),(80,'80','Douini',' Ikram','Etudiante ','0640581404','ikram.douini@gmail.com','Laboratoire de gestion et valoridation des ressources en eau,Centre de recherche, Faculté des sciences et techniques de Beni Mellal','Beni Mellal','','','2576','50,00','',''),(81,'81','Douiri','My Rachid ','Etudiant','0619577263','douirirachid@hotmail.com','N° 291, cité militaire maamoura - salé','Salé','','','','','',''),(82,'82','Douiri','Sidi Mohamed ','Etudiant','0661736081','douirisidimohamed@gmail.com','N° 291, cité militaire maamoura - salé','Salé','','','','','',''),(83,'83','Drafat','Mohamed ','Fonctionnaire','0660433664','mohammeddrafat@gmail.com','N° 115, Sidi Ahmed Tadli -sefrou','Sefrou','','','','','',''),(84,'84','Ech-charafi','soukaina','Doctorante','0668988750','soukainacahrafi2005@gmail.com','rue jabal ayachi n°39 - Hay nasser , karia - salé ','Salé ','','','','50,00','',''),(85,'85','egmoulane ','meriam','etudiante ','06-69755152','meryem.igm@gmail.com','lot remel 2 n° 208 ','inzegane','','','','','',''),(86,'86','El Agbani','Mohammed-Aziz ','Enseignant-Chercheur','0661391909','elagbani@hotmail.com','Av. Ailanthus Q12, Rés. Assalam ',' appt 7- hay riad - rabat;Rabat','62','100,00','60','100,00','60','100,00'),(87,'87','El Alaoui El Fels','Moulay ','','','elalaoui.elfels@gmail.com','','Marrakech','','','','','',''),(88,'88','El Allouli','Nabil ','Enseignant SVT','0666013986','nabil.svt@gmail.com ','623.lot tabjia, maatallah m\'hamid - Marrakech ','Marrakech','2534','100,00','','','2868','100'),(89,'89','El Azzaoui ','Ahmed','Etudiant ','06-99143698','ah.elazzaoui@gmail.com','Centre Ait Amira Chtouka Ait Baha Agadir -87052','Agadir ','','','','','',''),(90,'90','el azzaoui ','Ahmed','Etudiant ','06-99143698','ah.elazzaoui@gmail.com','Centre Ait Amira Chtouka Ait Baha Agadir -87052','Agadir ','','','','50,00','',''),(91,'91','El Bahi','Fatima Zahra ','Doctorante','0667151343','fatimazahraelbahi@yahoo.fr','Hay Al Massira 1, N° 1947 - temara','Témara','','','','','',''),(92,'92','El Baouchi','Samia ','Formatrice en communication ','0660433664','femmesbladidt@yahoo.fr','N° 115, Sidi Ahmed Tadli- sefrou','Sefrou','','','','','',''),(93,'93','El Blidi','Souad ','Enseignant-Chercheur','0661137595','elblidi@yahoo.fr','Institut Scientifique','Rabat','','','','','',''),(94,'94','El Bouni','Ayad ','Technicien','0668181197','ayad_e@yahoo.fr','DZEA, Institut Scientifique','Rabat','','','','','',''),(95,'95','El Falah','Said ','Directeur Bureau d\'Etudes','0661325301','saidelfalah@gmail.com','','Rabat','47','100,00','','','',''),(96,'96','El Fatehi','Yassine ','Doctorant','0661696250','y.elfatehi@gmail.com','65, rue Brahim Roudani, App. N°5, Océan','Rabat','','','','','',''),(97,'97','El Fellah','Bouchta ','Enseignant-Chercheur','0661170305','elfellah59@yahoo.fr','Institut Scientifique','Rabat','2517','100,00','','','',''),(98,'98','El Ghali Khiyati','Mohamed ','Expert Environnement ','0662174736','khiyati@gmail.com','mohammed.khiati@giz.de;','Rabat','','','','','',''),(99,'99','El Ghazi','Choukri ','','0668969914','','2200 al omrane selouane - Nador ','Nador','','','','','',''),(100,'100','El Hajhouji ','salah eddine ','fonctionnaire Oncf ','0631097986','el.hajhouj.salah@gmail.com','Dar el hamra rue bouknadel , numero 108- salé','salé','2566','100,00','','','',''),(101,'101','El Hammoumi','Rhimou ','Enseignant-Chercheur','0667531425','rhamoumi@hotmail.com','Faculté des Sciences','Casablanca','67','100,00','2862','100','2862','100,00'),(102,'102','El Haoua','mohamed karim','banquier','0660541151','kelhaoua@bmcebank.co.ma','','','2542','100,00','','','',''),(103,'103','El Hassani','Abderahim ','Administrateur','0642191611','Hassani_gour@hotmail.com','N° 620, Lotissement Slaoui','Sefrou','46','100,00','','','',''),(104,'104','El Idrissi Essougrati','Abdelaziz ','Médecin Vétérinaire','0623384285','elidrissiaz@yahoo.fr','N°88 Bloc D, Ksar Labhar -akkari -rabat','Rabat','23','100,00','2863','100','2863','100,00'),(105,'105','El Joudy','Hafida','Doctorante','0632924138','hafida_el3ayla@gmail.com','Haychafaa, rue rachad n°15 - 11000- salé ','salé','','','2630','50,00','',''),(106,'106','El kamcha','reda','Doctorant ','0652375987','elkamcha,reda@hotmail,com','Amal 5, NR 1604, El massira Cym - Rabat -10000','Rabat','','','2639','50,00','',''),(107,'107','El Khamlichi','Rachid  ','Entrepreneur','0668556385','ricardo196be@yahoo.es','rachid.cocn@gmail.com;41, Zvenue Houlouane - tetouan','Tétouan','54','100,00','','','',''),(108,'108','El khettabi ','anissa ','professeur Svt ','06-62101279','larifinia @yahoo.es ','avenu Mohamed daoud -534 ','Tetouan ','','','','','2852','100,00'),(109,'109','El khoumsi ','Driss ','enseignant','0662760027','driss1953@gmail.com, hadri33@yahoo.fr','Ahadaf - Azrou ','Azrou','','','','','',''),(110,'110','El Mahfadi','Afrah','Doctorante','0672096727','afrahelmahfadi@gmail.com','','Rabat','','','2579','50,00','',''),(111,'111','El Maroufi','Kaoutar ','Commissaire Judiciaire','0658369344','riyadkawtar@gmail.com','Imm. 19, Appt. 7, Lot. Alarsa-hay chemaou , route kenita -salé','Salé','2562','100,00','','','',''),(112,'112','El Miloudi ','Hind','société enerciel ','0661527807','hindelmiloudi@hotmail.com','rabat ','rabat ','2511','100,00','','','',''),(113,'113','El Moudden','Kaoutar ','Professeur','','tahanoha@hotmail.com','Lot 75, Appt 6, Houria','Kénitra','','','','','',''),(114,'114','El Mouden','El Hassan ','','0672776688','elmouden@ucam.ac.ma','','Marrakech','2527','100,00','','','',''),(115,'115','El mounssi ','azeddine','Administrateur','','mounssia@yahoo.fr','avenu Mohamed daoud -535','Tetouan ','','','','','2851','100,00'),(116,'116','El Oualidi','Jalal ','Enseignant chercheur','','eloualidi@israbat.ac.ma','','rabat','','','','','',''),(117,'117','El Ouhadi ','kawtar','etudiante ','0662090325','kawtar-elou@hotmail.com','','rabat','2532','50,00','','','',''),(118,'118','El Rhaffari','Lhoucine ','Enseignant-Chercheur','0661503145','elrhaffari@yahoo.fr','Faculté des Sciences et Techniques- bp 509- boutalamine- errachidia ','Errachidia','','','','','',''),(119,'119','El Yacoubi Khebiza','Mohamed ','','','','','Marrakech','','','','','',''),(120,'120','Elazzaoui','Ahmed','etudiant ','0699143698','ah.elazzaoui@gmail.com','Centre Ait Amira Chtouka Ait Baha Agadir -87052','Agadir','','','','','',''),(121,'121','Elbanak','Abdelhak','Commissaire Judiciaire','0658415403','orni_elbanak@yahoo.fr','Hay Nahda II- rue beer anzarane',' n 058 tiflet;Tiflet','2565','100,00','','','',''),(122,'122','Elkadmiri ','Mohamed','Inspecteur de l\'ensignement ','06 01 99 17 49','elkadmirimohammed34@gmail.com','','Salé','','','','','2878','100,00'),(123,'123','Elmalki ','Siham ','Doctorante','0666348368','elmalki.siham@gmail.com','Bd. Edakhla, Jamila 3, N° 91 C D-casablanca','Casablanca','2556','50,00','','','',''),(124,'124','Elmansoury ','Mohamed','Etudiant ','0600280501','elmansourymohamed9@gmail.com','HAY TIGUEMI OUFELLA LOG DE LA MOSQUÉE DCHEIRA','DCHIERA ','','','','','',''),(125,'125','Errafi','Azdine ','Fonctionnaire','0660356105','azdineerrafi@gmail.com','N°2, rue 670, Hyam II','Agadir','','','','','',''),(126,'126','Essahsseh','Khalid ','Professeur','0662161986','esshassahkhalid@hotamail.fr','Lot 75, Appt 6, Houria','Kénitra','','','','','',''),(127,'127','Essalai','Karima ','Enseignante','0625453597','Karima.medtaha@gmail.com','N°296 Hay essalam extention 2 sidi said ','meknes ','','','2587','100,00','',''),(128,'128','Ezzahoum','Moad ','responsable commercial ','0614488231','moad-ezza@hotmail.com','21, Lot. Al Fadila -temara ','Témara','','','','','',''),(129,'129','Ezzerari ','Ahmed ','Ingénieur','0661653478','zirari4@hotmail.com','N°3231 Hay Al wifaq, Temara','Temara','2564','100,00','','','',''),(130,'130','Fadil','Jihad ','Etudiante','0611623530','fadil.jihad.1990@gmail.com','Hay Yasmina I, rue 8, N° 28-ain chock -casablanca','Casablanca','2545','100,00','','','',''),(131,'131','Fahmi','Abdelhak','Cadre commercial','0662016899','abdelhakfahmi@gmail.com','Quartier PAM Centre oualidia','Oualidia','2853','100,00','2853','100,00','2553','100,00'),(132,'132','Ferradous','Abderrahim ','etudiante ','','ferabder@yahoo.fr','','Marrakech','','','','','',''),(133,'133','Filali Zegzouti','Ayoub ','Enseignant-Chercheur','0662270962','afilaliz@yahoo.fr','IFCS','Rabat','','','','','',''),(134,'134','Fouzi Taybi','Abdelkhalek','','','','9 rue 29, DEM - Oujda','Oujda','','','','','',''),(135,'135','Gaudin ','Maxime','Responsable -inst francais ','0661221763','maxgaudinlaos@yahoo.fr','maison n° 75 , Bloc 108- charaf - cp 80000','Agadir ','','','','100,00','',''),(136,'136','Ghanmouni','Hasna','','','','résidence assabah , imm ilot 1 n° 8 CYM ','Rabat','','','3430','100','',''),(137,'137','Hachimi','Moulay Driss ','enseignant','0664240518','hadri33@yahoo.fr','Lycée','Meknès','','','','','',''),(138,'138','Hadrouni','Ali ','Enseignant','0610626784','try-not-tocy@hotmail.com','N° 10, Lot. Saada-rfaif -sefrou ','Sefrou','','','','','',''),(139,'139','Hajbi','Mohammed ','Fonctionnaire','0658397363','mohamed_hajbi@hotmail.fr','110 rue Houmane El Foutwaki','Kénitra','','','','','',''),(140,'140','Hajib','Saïd ','Directeur','0664218139','saidhajib.crf@gmail.com','Centre de recherches forestière','Rabat','2540','100,00','','','',''),(141,'141','Hamid','Ahmed ','Directeur','0661419190','ham_ahad@yahoo.fr','Centre pédagogique Régional','Meknès','','','','','',''),(142,'142','Hamidi','rabie','','','','','kenitra','2547','100,00','','','',''),(143,'143','Hamidi','Salima ','Directrice Ecole','0536708865','ecolealfousha@hotmail.fr','Av. Chourade, Rue Chouhdae, N°3 bis','Oujda','','','','','2858','100,00'),(144,'144','Hammada ','Soumaya ','Enseignante-Chercheur','0663004562','hsoumaya@hotmail.com','Faculté des Sciences et Techniques','Beni Mellal','24','100,00','','','',''),(145,'145','Hamza','Ahmed ','Dir. Bureau  etudes','','befored_hamza@yahoo.fr','','Meknès','','','','','',''),(146,'146','Hamza','Abdelwahed ','','','','','Meknès','','','','','',''),(147,'147','Hamza','Latifa ','enseignante ','0668990711','latifa.hamza@yahoo.fr, hamzalatifa@yahoo.fr','Etabliss. Manhal Al Maarifa','Meknès','','','','','',''),(148,'148','Hanane','Saad ','Ingénieur','0660125799','sd_hanan@yahoo.fr','Centre de recherche forestière','Rabat','','','','','',''),(149,'149','Hassani','Hassan ','Fonctionnaire','0658914288','hhassanihassan@gmail,com','Secteur 1, n°18 -hay moulay ismail -salé','Salé','2515','100,00','2864','100,00','2864','100,00'),(150,'150','Hilmi','Mohammed','etudiant ','06-37387331','mohammed-hilmi@atlook.com','NR18 av ibnkhaldoun - salé ','salé ','','','','','2854','50,00'),(151,'151','Hilmi ','Mohamed','Etudiant ','0637387331','mohammed-hilmi@outlook.com','NR 18 AV IBN KHALDOUN SALE','SALE','','','','','',''),(152,'152','Himmi','Oumnia ','Enseignant-Chercheur','0666316466','himmioumnia@yahoo.fr','Institut Scientifique , av ibn battouta bp 703-10106 - agdal -rabat','Rabat','64','100,00','73','100,00','73','100,00'),(153,'153','Idaghdour','Aicha','','','','','Agadir ','','','','','',''),(154,'154','Idbaha ','Fatima','Etudiante ','0634921819','idbahafatimzahra@gmail.com','','Bouizakrane ','','','','','',''),(155,'155','idsaid','Youssef ','etudiante ','638757389','bou3iz1989@hotmail.com','hay amal - tagounitte ','zagoura ','','','','','',''),(156,'156','Idsaid ','Youssef ','Etudiante ','0 6 38 75 73 89','Bou3iz1989@hotmail.com','HAY ELAMAL TAGOUNITE ZAGOURA','ZAGOURA','','','','','',''),(157,'157','IGMOULLAN','MERYEM','ETUDIANTE','0669755152','MERYEM.IGM@GMAIL.COM','LOT RMEL 2 N 208/V INEZGANE','AGADIR','','','','','',''),(158,'158','Imounachen','Bouayad ','Professeur SVT','0667771293','bouayad-59@hotmail.com','Rue C1, N° 41','Oujda','','','','','',''),(159,'159','Irizi ','Ali ','','','','','Agadir ','','','','','',''),(160,'160','Issaoub Allah','Abdellatif ','Etudiant','0673125795','battaif1986@gmail.com','Bd. Joudar Mohamed Ben Abdellah , n 24 hay rahma, casablanca ','Casablanca','2553','50,00','','','',''),(161,'161','Jebbad','Raghda ','Etudiante','0675378702','jraghda@hotmail.com','Université Mohammed V','Kénitra','','','','','',''),(162,'162','Joulami ','Latifa ','Etudiante','0662515206','joulami.latifa@gmail.com','Hay El Falah, Rue 7, N° 62-casablanca','Casablanca','2554','50,00','','','',''),(163,'163','Kamtass','Sanaâ','Etudiante','0674811415','sanaa.kamtass@hotmail.fr','33 Cité Oukacha- ain sebaa -casablanca','Casablanca','','','','','',''),(164,'164','Kasbaji','Mohammed ','Technicien - Ecole el mowatana ','0665050573','Kasbajimohammed@yahoo.fr','14, rue Tounfit, Sect. 6 Hay Kifah, K.O.M.','Salé','2544','100,00','','','',''),(165,'165','Kasbaji','mohammed houcine','etudiant ','0616220015','kasbaji.houcine@gmail.com','14, rue Tounfit, Sect. 6 Hay Kifah, K.O.M.','Salé','2549','50,00','','','',''),(166,'166','Khaled ','Mourad ','gérant société','0661233076','commarocmourad@gmail.com','19 residence ghizlane appt 2 etg 1 hay raha','casablanca','','','','','',''),(167,'167','khouli','hakima','','0661499200','hakimakhouli@gmail.com','','el jadida ','2560','100,00','','','',''),(168,'168','Kilouli','Mohammed ','Elève','0642391528','free_stylerm@hotmail.fr','Hay El Mohamadi','Nador','','','','','',''),(169,'169','Lachguer','Hamid ','Professeur','0660642952','hamiido@gmail.com','N° 70, Lot Houria','Kénitra','','','','','',''),(170,'170','Lahrouz','Rachid ','Professeur','0662543001','rachid-ilyass@hotmail.com','Imm. 16, Appt. 4, Maghrib Arabi B','Kénitra','','','','','',''),(171,'171','Lahrouz','said  ','Professeur SVT','0668117985','lahrouzsaid@hotmail.com','Lot 75, Appt. 6, Houria - kenitra','Kénitra','2505','100,00','2865','100','2865','100,00'),(172,'172','Lahrouz','Souad ','******','0668117985','lahrouzsaid@hotmail.com','Bloc B3, N°342','Kénitra','','','','','',''),(173,'173','Lakhal','Abderrahmane ','Professeur SVT','0662216738','lakmane@hotmail.com','','Oujda','','','','','',''),(174,'174','Lakhal ','Tarik','Enseignante-Chercheur','0668600023','tarik_lk@hotmail.com','oum hani 5 - Imm 7 , Appt 7 - salé ','rabat','2529','100,00','','','',''),(175,'175','lakhdar','Araibi ','Etudiant','','','','','','','','','',''),(176,'176','Lamkhanter','Hajar ','Etudiante','0644104963','haja.lamkhanter@gmail.com','Sidi Otmane, Bloc 28, N° 37','Casablanca','','','','','',''),(177,'177','lefrere','Latifa ','Enseignant chercheur université Ibn zohr ','06-66073159','l.lefrere@uiz.ac.ma','Faculté des Sciences d\'Agadir hay Dakhla,8000- Agadir','Agadir ','','','','100,00','',''),(178,'178','Lekouche','Abdelati ','Professeur SVT','0666883031','lekoucheabdou@hotmail.com','35, Rés. Hajar, Appt. 08 - mimoussa kenitra','Kénitra','','','','','',''),(179,'179','lemghari','amina','','0662653864','amlamghari-7@hotmail.com','','Marrakech','2535','100,00','','','',''),(180,'180','Lieron','Vincent','Biologiste','0661354598','vlieron@ymail.com','RES Belle vue , rue ibn zinbaa , 33000, fes','Fes','','','','','',''),(181,'181','Louizi','Halima','Doctorante','0614750739','halima-louizi@hotmail.fr','Haouzia, bloc E, n 204 , Kénitra - 14000- kénitra','Kénitra','','','2628','100,00','',''),(182,'182','Maaloum','hassan','Doctorant','0600647263','hassanmaaloum@gmail.com','quartier administrative assa centre - 81002','Assa ','','','2634','50,00','',''),(183,'183','Maarouf','Zineb ','Etudiante','0665619796','maarouf-zineb@hotmail.com','Jamila 5, rue 168, N° 42 CD','Casablanca','','','','','',''),(184,'184','Maatallaoui','Abderrahmane ','','0661074136','maatalaoui1967@hotmail.com','','','2550','100,00','','','',''),(185,'185','Madbouhi','Mostafa ','Administrateur','0666300451','mostamad@yahoo.fr','Angle Misr-Zemzem , residence souhaila',' appt 31-kenitra; Kénitra','','','','','',''),(186,'186','Mahboub ','Driss ','technitien des eaux et forets au parc national- ifrane','0661775285','driss.mahboub.pni@gmail.com','n°96, Nakhil ,Azrou','azrou','','','','','',''),(187,'187','Mahnaoui','Naima ','Etudiante','0678653683','naima_mahnaoui@hotmail.com','Lot. Houria, Rue 11, N° 6','Casablanca','','','','','',''),(188,'188','Maknass ','Abdelilah ','Etudiant','0676917017','abeleilahmeknes03@gmail.com','Moulay bouselham , centre ','Molay bousselham','','','','','',''),(189,'189','Mamouni','Abdellah ','Fonctionnaire','0611120489','mamouni-1975@live.fr','N° 86, Lot Hind - ben seffour- sefrou ','Sefrou','','','','','',''),(190,'190','Mastadi','Saida ','Etudiante','0678182547','mastadi.saida@gmail.com','Hay El Houda, Rue 8, N° 33','Casablanca','2557','50,00','','','',''),(191,'191','Mattou','Ali ','??','??','??','Ouuled oujih - kenitra','??','58','100,00','','','',''),(192,'192','Mayad ','el hassan','Professeur assistant ','0661636689','elhassan.mayad@gmail.com','Department of Biology, Faculty of Sciences - Agadir. University Ibn Zohr','Agadir ','','','','100,00','',''),(193,'193','Mbarki','Issame ','Elève','0626680435','','Hay Chrarba','Saidia','','','','','',''),(194,'194','Mediani','Mohamed ','Professeur','0673022830','mediamed05@yahoo.fr','alytes2med@gmail.com;Hay El Mohammadia, rue 219, n° 27 ,Oujda ','Oujda','','','','','',''),(195,'195','Melo Juan José','Ramos ','Ornithologue','','jramos@birdingcanarias.com','C/ Doctor Jordan, 11 C.P. 38470, Los Silos - Iles Canaries','Espagne','','','','','',''),(196,'196','Menioui','Mohamed ','Enseignant-Chercheur','0662383852','mohamed.menioui@gmail.com','91, Avenue Houmane Fetouaki- aviation -rabat','Rabat','','','','','',''),(197,'197','Merzoug ','Sayfeddine ','Etudiant','00213 774529742','thebiologiste_boy@hotmail.com','Cité Fares Saâdane Bloc 22 A n° 09','Guelma 24000','','','','','',''),(198,'198','Mesbah','Issam','medecin','06- 59201485',' broca.torpido@hotmail.fr','délégation de la ministère de santé province de chefchaouen','chefchaouen','','','','','',''),(199,'199','Messouli','Mohamed ','','','messouli@gmail.com','','Marrakech','','','','','',''),(200,'200','Mezane ','Brahim','Accompagnateur en écotourisme ','0629955657 ','desertbirds@live.fr','BP. 62 - Rissani','Rissani ','','','','','2877','100,00'),(201,'201','Meziane','Amhend ','Professeur SVT','0668875641','mr.mezian@gmail.com','Rue 42, Bouhdila','Berkane','2546','100,00','','','2873','100,00'),(202,'202','Mhammdi','Nadia ','Enseignant-Chercheur','0667043869','nmhammdif@yahoo.com','Institut Scientifique','Rabat','','','','','',''),(203,'203','Mokhtari','Soraya ','','','sorayamokhtari13@hotmail.com','','Marrakech','','','','','',''),(204,'204','Mouhajir ','Kaoutar','Etudiante','0611063428','kaoutar.biogeco@gmail.com','Bayet al maarifa , avenue allal al fassi -madinat irfane- rabat','Rabat','','','','','',''),(205,'205','Moujjane','aicha','','0667282805','marjanabis@yahoo.fr','','rabat','2548','100,00','','','',''),(206,'206','Mounir','Mohamed','Etudiant ','0667420574',' mohamed_m01@hotmail.fr','Rmila bloc 3 N 91- 23000- Beni Mellal ','Beni Mellal','','','2569','50,00','',''),(207,'207','Moussa','Karima ','Professeur universitaire','0660548427','moussakarima@gmail.com','45, Av. Mohamed Diouri, N°10','Kénitra','','','','','',''),(208,'208','Moutaoufik','Khadija','Etudiante ','0762546559','khadija.moutaoufik@gmail.com','18 Rue 836 cité Al Massira','AGADIR','','','','','',''),(209,'209','Moutaouifik','khadija','etudiant','07-62546559','khadija.Moutaouifik@gmail.com','18 rue 836 - cité el acira ','Agadir ','','','','','',''),(210,'210','Mouttaqi','Hajr ','Elève','0618451155','ingenieurlarbi@yahoo.fr','Rue 424, Bloc A','Kénitra','','','','','',''),(211,'211','Mouttaqi','Larbi ','Ingénieur','0618451155','ingenieurlarbi@yahoo.fr','Rue 424, Bloc A','Kénitra','','','','','',''),(212,'212','Mouttaqi','Mohamed Anas ','Elève','0618451155','ingenieurlarbi@yahoo.fr','Rue 424, Bloc A','Kénitra','','','','','',''),(213,'213','Mrigua','Mohammed','','','','','','2502','50,00','','','',''),(214,'214','Mrigua','said','','','','','','2501','50,00','','','',''),(215,'215','Naâmi','Nadia ','Etudiante','0630157799','la-princesse-des-tenebres@hotmail.fr','Anassi 27A Zntrée 12, N° 160- casablanca','Casablanca','','','','','',''),(216,'216','Nachid','Naïm ','Ingénieur','0661359804','nachid_naim@yahoo.fr','Cité Massira 2, Bloc 12, Ap. n° 15','Rabat','','','','','',''),(217,'217','Nassila','Oussama ','Etudiant','0668694291','Nassilad63@gmail,com','N°22 Bloc AB El Houzia','Kénitra','56','50,00','','','',''),(218,'218','Nechad ','Imane ','Etudiante','','imanenechad5@hotmail.com','N°7 rue Sara II, Nargiss B, Bd Rahma, route de Sefrou','Fès','','','','','',''),(219,'219','Otmane','Lahcen ','Manager room Service','0537885652','','22, lotissement Koutoubia II',' rte de mehdia , salé ;Salé','','','','','',''),(220,'220','Otmane','Youssef ','Fonctionnaire','0661645187','sysdis@gmail.com','1094, rue Essaâda','Salé','388','10,00','','','',''),(221,'221','ouacha','lahcen','','','','','Rissani ','','','','','2879','100,00'),(222,'222','Ouakrim','Latifa','enseignant','0666566799','izza_amaz@hotmail.com','Lycée Roi Fahd','Tanger','','','','','',''),(223,'223','Ouassou ','Asmaa ','Etudiante','0665490546','asmaa.ouassou@gmail.com','11 rue mouaffak eddine , res ismail etage 3 appt 8, quartier des hopitaux -casablanca','Casablanca','59','50,00','2872','100','2872','100,00'),(224,'224','Ouassou ','mohamed','','0667077483','mozamoham@gmail.com','12 rue mouaffak eddine , res ismail etage 3 appt 8, quartier des hopitaux -casablanca','Casablanca','2530','100,00','','','',''),(225,'225','Ouassou ','zakaria','','0660165489','zakaria_ouassou@msn.com','13 rue mouaffak eddine , res ismail etage 3 appt 8, quartier des hopitaux -casablanca','Casablanca','2531','100,00','','','',''),(226,'226','Ouibimah','Abdessamad','Etudiant ','0673345450',' abdessamad8fstb@gmail.com',' Hay izlafen Azilal- 22000- Azilal','Azilal ','','','2577','50,00','',''),(227,'227','Ouizagane ','Anouar ','Etudiant','0668102460','anouarouizgane@hotmail.fr','N°4, Bloc 9, lot Ghita 1','Béni Mellal','','','','','',''),(228,'228','Oukannou ','Lahcen','cadre au parc national d ifrane','0662145474','oukannou_lahcen@yahoo.fr','Parc national d\'Ifrane','Azrou','','','','','',''),(229,'229','Ounir','Hammou','','','','','','','','2182','100,00','',''),(230,'230','Qninba','Abdeljebbar ','Enseignant-Chercheur','0661184823','qninba_abdel59@yahoo.fr','Cité Intilak, Imm. 1, Appt. 1- agdal -rabat','Rabat','63','100,00','72','100,00','72','100,00'),(231,'231','Rabach','Lahcen ','cadre à l agence des developpements des zones oasiennes et de l’ arganier ','06-61565259','rabachlahcen@gmail.com','','errachidia ','2507','100,00','2580','100,00','',''),(232,'232','Radi','Mohammed','Enseignant-Chercheur','','radibam@hotmail.com','Assif C N° 36 ','Marrakech','68','100,00','2866','100,00','2866','100,00'),(233,'233','Rahmani','Abdelmajid ','Professeur SVT','0661604696','maidaqua@hotmail.com','','Oujda','','','','','',''),(234,'234','Rami','Mostapha','Master','0633261979','mostafarami91@gmail.com','39 hay saad khemisset -15020','khemisset ','','','','','',''),(235,'235','Rihane','Abdesslam ','PESA','0676427587','abdeslam_rihane@yahoo.fr','B.P. 76, Beni Yakhlef- mohammedia','Mohammedia','25','100,00','2867','100,00','2867','100,00'),(236,'236','Rochdane','Rochdane','Etudiante','','rochdane@yahoo.fr','','Marrakech','','','','','',''),(237,'237','Saada','Mohamed','','','','','','','','2591','100,00','',''),(238,'238','Saddiki','Mohamed ','Etudiant','0615192239','saddikmohammed@gmail.com','25, rue Meknès, hay el hassani - berkane','Berkane','','','','','',''),(239,'239','Sadik ','Mohammed ','Ingénieur au eaux et foret ','0661047206','sadikmohammed53@yahoo.fr','Eaux et forets, Azrou','Azrou','2506','100,00','','','',''),(240,'240','Sadki ','Issam','Professeur universitaire ','0661631289',' i.sadki@uiz.ac.ma','N°339 Bloc D3 cité dakhla AGADIR','Agadir ','','','','100,00','',''),(241,'241','Saidi','Maryem ','Etudiante','0665175342','maryemsaidi51@gmail.com','Hay El Messoudia, Rue 36, N° 23 C D','Casablanca','','','','','',''),(242,'242','Sallak','Bouchaib','Ingenieur ','0669349449','sallak.bouchaib@gmail.com','Dref Moyen Atlas','Meknès','','','','','',''),(243,'243','sbihi ','Fatima Zahra ','etudiante ','0622060022','fati.zahra.sbihi@gmail.com','hay chemaou n° 12 Salé ','salé ','','','2633','50,00','',''),(244,'244','Schmitt ','Gerard ','Photographe','0689183377','g.schmitt@free.fr','Le village Eourres 05300','France','','','','','',''),(245,'245','Selmaoui','Najat ','Professeur','0670814186','montreal58@hotmail.fr','Avenue Mohamed V','Kénitra','','','','','',''),(246,'246','Semmar','Hicham ','Pharmacien','0661245767','semmar-hicham@hotmail.fr','12, rue Souria, Immeuble Jacaranda , rue souria , gueliz -marrakech ','Marrakech','2538','100,00','','','',''),(247,'247','Taibi','Wissam ','Ingénieur d\'étude','0662640635','wissam3200@gmail.com','141, Marjane 4','Meknès','','','','','',''),(248,'248','Tamadouni','Iradati ','Etudiante','0698962713','iradati_tamadouni@yahoo.fr','IS ','Rabat','','','','','',''),(249,'249','Tamraoui ','youness','','','','','Agadir ','','','','','',''),(250,'250','Tejjeni','Yahya ','Professeur SVT','0666059120','tejj118@yahoo.fr','N°8, Rue El Israe','Berkane','2538','100,00','','','2869','100,00'),(251,'251','Tejjeni ','Soufiane ','Etudiant ','','','N°8, Rue El Israe','Berkane','','50,00','','','',''),(252,'252','Touil','Soufiane','Technicien Ecologie ','0661472530','souftouil78@gmail.com','537 rue mahdia hay magreb arabi','Bouarfa','','','','','',''),(253,'253','Touil ','Soufiane ','technicien ','06-61472530','souftouil78@gmail.com','537 rue mahdia - hay maghreb arabi ','Bouarfa ','','','','','',''),(254,'254','Touzani','Houari ','','066483854','','BP 1279- Nador ','Nador ','','','','','',''),(255,'255','Wissalmane ','Hayat ','Etudiante','0675736029','wissalmane.hayat@gmail.com','N°32 rue 13 Hay Hassani','Casablanca','','','','','',''),(256,'256','Yaquoubi','Abdelkader ','Professeur SVT','0676944392','yaqo2005@yahoo.fr','oujda','Oujda','','','','','',''),(257,'257','Zair','Iatimad ','Salariée','0668895685','amouda2@gmail.com','Lot. Sanabil, N° 26','Salé','','','','','',''),(258,'258','Zejjari','Moncef','etudiant ','0658982519','zejjarimoncef@gmail.com','10 rue jabal seroua hay nasr karia ','Rabat','','','2583','50,00','',''),(259,'259','Zerdeb','Abdelhak ','enseignant','0667332181','zerdeba@yahoo.fr','Lycée Khawarizmi','Tanger','','','','','',''),(260,'260','Zerrouk','Mariam','doctorante ','0613859803','mariam.meknes@gmail.com','384 diour jdad bni m\'hamed sebata- meknes ','meknes ','2543','100,00','','','',''),(261,'261','Zidane','Yaacoub ','Etudiant','0645759575','zizo1992@live.fr','Imm. 45, Appt. 10, Rés. Al Boustane- hay el fath -rabat','Rabat','','','','','',''),(262,'262','zidani','oumkaltoum','','','','','casablanca','','','','','2870','100,00'),(263,'263','Zine','Nasser-Eddine ','Enseignant-Chercheur','0667679225','nzine1956@gmail.com','Univ. Moulay Ismail','Meknès','2561','100,00','','','2876','100,00'),(264,'264','Ziti','Soumia ','Professeur','0623476736','ziti.soumia@gmail.com','Cité Wahda, Rue Beni Saleh, N°12','Salé','2541','100,00','2584','100,00','',''),(265,'265','zizoune','asmae','Assistante conservateur - herbier rabat ','0612928230','asmae.zinoune@gmail.com','Dar el hamra rue bouknadel , numero 108- salé','salé','2567','100,00','','','',''),(266,'266','Znari','Mohamed ','','','znarim@gmail.com','','Marrakech','2523','100,00','','','','');
/*!40000 ALTER TABLE `tmp` ENABLE KEYS */;
UNLOCK TABLES;

--
-- Table structure for table `v`
--

DROP TABLE IF EXISTS `v`;
/*!40101 SET @saved_cs_client     = @@character_set_client */;
/*!40101 SET character_set_client = utf8 */;
CREATE TABLE `v` (
  `id` int(11) NOT NULL AUTO_INCREMENT,
  `ville` varchar(40) CHARACTER SET utf8 COLLATE utf8_unicode_ci NOT NULL,
  `region` int(11) NOT NULL,
  PRIMARY KEY (`id`)
) ENGINE=InnoDB AUTO_INCREMENT=403 DEFAULT CHARSET=latin1;
/*!40101 SET character_set_client = @saved_cs_client */;

--
-- Dumping data for table `v`
--

LOCK TABLES `v` WRITE;
/*!40000 ALTER TABLE `v` DISABLE KEYS */;
INSERT INTO `v` VALUES (1,'Aïn Harrouda',1),(2,'Ben Yakhlef',1),(3,'Bouskoura',1),(4,'Casablanca',1),(5,'Médiouna',1),(6,'Mohammédia',1),(7,'Tit Mellil',1),(9,'Bejaâd',2),(10,'Ben Ahmed',2),(11,'Benslimane',2),(12,'Berrechid',2),(13,'Boujniba',2),(14,'Boulanouare',2),(15,'Bouznika',2),(16,'Deroua',2),(17,'El Borouj',2),(18,'El Gara',2),(19,'Guisser',2),(20,'Hattane',2),(21,'Khouribga',2),(22,'Loulad',2),(23,'Oued Zem',2),(24,'Oulad Abbou',2),(25,'Oulad H\'Riz Sahel',2),(26,'Oulad M\'rah',2),(27,'Oulad Saïd',2),(28,'Oulad Sidi Ben Daoud',2),(29,'Ras El Aïn',2),(30,'Settat',2),(31,'Sidi Rahhal Chataï',2),(32,'Soualem',2),(33,'Azemmour',3),(34,'Bir Jdid',3),(35,'Bouguedra',3),(36,'Echemmaia',3),(37,'El Jadida',3),(38,'Hrara',3),(39,'Ighoud',3),(40,'Jamâat Shaim',3),(41,'Jorf Lasfar',3),(42,'Khemis Zemamra',3),(43,'Laaounate',3),(44,'Moulay Abdallah',3),(45,'Oualidia',3),(46,'Oulad Amrane',3),(47,'Oulad Frej',3),(48,'Oulad Ghadbane',3),(49,'Safi',3),(50,'Sebt El Maârif',3),(51,'Sebt Gzoula',3),(52,'Sidi Ahmed',3),(53,'Sidi Ali Ban Hamdouche',3),(54,'Sidi Bennour',3),(55,'Sidi Bouzid',3),(56,'Sidi Smaïl',3),(57,'Youssoufia',3),(58,'Fès',4),(59,'Aïn Cheggag',4),(60,'Bhalil',4),(61,'Boulemane',4),(62,'El Menzel',4),(63,'Guigou',4),(64,'Imouzzer Kandar',4),(65,'Imouzzer Marmoucha',4),(66,'Missour',4),(67,'Moulay Yaâcoub',4),(68,'Ouled Tayeb',4),(69,'Outat El Haj',4),(70,'Ribate El Kheir',4),(71,'Séfrou',4),(72,'Skhinate',4),(73,'Tafajight',4),(74,'Arbaoua',5),(75,'Aïn Dorij',5),(76,'Dar Gueddari',5),(77,'Had Kourt',5),(78,'Jorf El Melha',5),(79,'Kénitra',5),(80,'Khenichet',5),(81,'Lalla Mimouna',5),(82,'Mechra Bel Ksiri',5),(83,'Mehdia',5),(84,'Moulay Bousselham',5),(85,'Sidi Allal Tazi',5),(86,'Sidi Kacem',5),(87,'Sidi Slimane',5),(88,'Sidi Taibi',5),(89,'Sidi Yahya El Gharb',5),(90,'Souk El Arbaa',5),(91,'Akka',6),(92,'Assa',6),(93,'Bouizakarne',6),(94,'El Ouatia',6),(95,'Es-Semara',6),(96,'Fam El Hisn',6),(97,'Foum Zguid',6),(98,'Guelmim',6),(99,'Taghjijt',6),(100,'Tan-Tan',6),(101,'Tata',6),(102,'Zag',6),(103,'Marrakech',7),(104,'Ait Daoud',7),(115,'Amizmiz',7),(116,'Assahrij',7),(117,'Aït Ourir',7),(118,'Ben Guerir',7),(119,'Chichaoua',7),(120,'El Hanchane',7),(121,'El Kelaâ des Sraghna',7),(122,'Essaouira',7),(123,'Fraïta',7),(124,'Ghmate',7),(125,'Ighounane',7),(126,'Imintanoute',7),(127,'Kattara',7),(128,'Lalla Takerkoust',7),(129,'Loudaya',7),(130,'Lâattaouia',7),(131,'Moulay Brahim',7),(132,'Mzouda',7),(133,'Ounagha',7),(134,'Sid L\'Mokhtar',7),(135,'Sid Zouin',7),(136,'Sidi Abdallah Ghiat',7),(137,'Sidi Bou Othmane',7),(138,'Sidi Rahhal',7),(139,'Skhour Rehamna',7),(140,'Smimou',7),(141,'Tafetachte',7),(142,'Tahannaout',7),(143,'Talmest',7),(144,'Tamallalt',7),(145,'Tamanar',7),(146,'Tamansourt',7),(147,'Tameslouht',7),(148,'Tanalt',7),(149,'Zeubelemok',7),(150,'Meknès‎',8),(151,'Khénifra',8),(152,'Agourai',8),(153,'Ain Taoujdate',8),(154,'MyAliCherif',8),(155,'Rissani',8),(156,'Amalou Ighriben',8),(157,'Aoufous',8),(158,'Arfoud',8),(159,'Azrou',8),(160,'Aïn Jemaa',8),(161,'Aïn Karma',8),(162,'Aïn Leuh',8),(163,'Aït Boubidmane',8),(164,'Aït Ishaq',8),(165,'Boudnib',8),(166,'Boufakrane',8),(167,'Boumia',8),(168,'El Hajeb',8),(169,'Elkbab',8),(170,'Er-Rich',8),(171,'Errachidia',8),(172,'Gardmit',8),(173,'Goulmima',8),(174,'Gourrama',8),(175,'Had Bouhssoussen',8),(176,'Haj Kaddour',8),(177,'Ifrane',8),(178,'Itzer',8),(179,'Jorf',8),(180,'Kehf Nsour',8),(181,'Kerrouchen',8),(182,'M\'haya',8),(183,'M\'rirt',8),(184,'Midelt',8),(185,'Moulay Ali Cherif',8),(186,'Moulay Bouazza',8),(187,'Moulay Idriss Zerhoun',8),(188,'Moussaoua',8),(189,'N\'Zalat Bni Amar',8),(190,'Ouaoumana',8),(191,'Oued Ifrane',8),(192,'Sabaa Aiyoun',8),(193,'Sebt Jahjouh',8),(194,'Sidi Addi',8),(195,'Tichoute',8),(196,'Tighassaline',8),(197,'Tighza',8),(198,'Timahdite',8),(199,'Tinejdad',8),(200,'Tizguite',8),(201,'Toulal',8),(202,'Tounfite',8),(203,'Zaouia d\'Ifrane',8),(204,'Zaïda',8),(205,'Ahfir',9),(206,'Aklim',9),(207,'Al Aroui',9),(208,'Aïn Bni Mathar',9),(209,'Aïn Erreggada',9),(210,'Ben Taïeb',9),(211,'Berkane',9),(212,'Bni Ansar',9),(213,'Bni Chiker',9),(214,'Bni Drar',9),(215,'Bni Tadjite',9),(216,'Bouanane',9),(217,'Bouarfa',9),(218,'Bouhdila',9),(219,'Dar El Kebdani',9),(220,'Debdou',9),(221,'Douar Kannine',9),(222,'Driouch',9),(223,'El Aïoun Sidi Mellouk',9),(224,'Farkhana',9),(225,'Figuig',9),(226,'Ihddaden',9),(227,'Jaâdar',9),(228,'Jerada',9),(229,'Kariat Arekmane',9),(230,'Kassita',9),(231,'Kerouna',9),(232,'Laâtamna',9),(233,'Madagh',9),(234,'Midar',9),(235,'Nador',9),(236,'Naima',9),(237,'Oued Heimer',9),(238,'Oujda',9),(239,'Ras El Ma',9),(240,'Saïdia',9),(241,'Selouane',9),(242,'Sidi Boubker',9),(243,'Sidi Slimane Echcharaa',9),(244,'Talsint',9),(245,'Taourirt',9),(246,'Tendrara',9),(247,'Tiztoutine',9),(248,'Touima',9),(249,'Touissit',9),(250,'Zaïo',9),(251,'Zeghanghane',9),(252,'Rabat',10),(253,'Salé',10),(254,'Ain El Aouda',10),(255,'Harhoura',10),(256,'Khémisset',10),(257,'Oulmès',10),(258,'Rommani',10),(259,'Sidi Allal El Bahraoui',10),(260,'Sidi Bouknadel',10),(261,'Skhirat',10),(262,'Tamesna',10),(263,'Témara',10),(264,'Tiddas',10),(265,'Tiflet',10),(266,'Touarga',10),(267,'Agadir',11),(268,'Agdz',11),(269,'Agni Izimmer',11),(270,'Aït Melloul',11),(271,'Alnif',11),(272,'Anzi',11),(273,'Aoulouz',11),(274,'Aourir',11),(275,'Arazane',11),(276,'Aït Baha',11),(277,'Aït Iaâza',11),(278,'Aït Yalla',11),(279,'Ben Sergao',11),(280,'Biougra',11),(281,'Boumalne-Dadès',11),(282,'Dcheira El Jihadia',11),(283,'Drargua',11),(284,'El Guerdane',11),(285,'Harte Lyamine',11),(286,'Ida Ougnidif',11),(287,'Ifri',11),(288,'Igdamen',11),(289,'Ighil n\'Oumgoun',11),(290,'Imassine',11),(291,'Inezgane',11),(292,'Irherm',11),(293,'Kelaat-M\'Gouna',11),(294,'Lakhsas',11),(295,'Lakhsass',11),(296,'Lqliâa',11),(297,'M\'semrir',11),(298,'Massa (Maroc)',11),(299,'Megousse',11),(300,'Ouarzazate',11),(301,'Oulad Berhil',11),(302,'Oulad Teïma',11),(303,'Sarghine',11),(304,'Sidi Ifni',11),(305,'Skoura',11),(306,'Tabounte',11),(307,'Tafraout',11),(308,'Taghzout',11),(309,'Tagzen',11),(310,'Taliouine',11),(311,'Tamegroute',11),(312,'Tamraght',11),(313,'Tanoumrite Nkob Zagora',11),(314,'Taourirt ait zaghar',11),(315,'Taroudant',11),(316,'Temsia',11),(317,'Tifnit',11),(318,'Tisgdal',11),(319,'Tiznit',11),(320,'Toundoute',11),(321,'Zagora',11),(322,'Afourar',12),(323,'Aghbala',12),(324,'Azilal',12),(325,'Aït Majden',12),(326,'Beni Ayat',12),(327,'Béni Mellal',12),(328,'Bin elouidane',12),(329,'Bradia',12),(330,'Bzou',12),(331,'Dar Oulad Zidouh',12),(332,'Demnate',12),(333,'Dra\'a',12),(334,'El Ksiba',12),(335,'Foum Jamaa',12),(336,'Fquih Ben Salah',12),(337,'Kasba Tadla',12),(338,'Ouaouizeght',12),(339,'Oulad Ayad',12),(340,'Oulad M\'Barek',12),(341,'Oulad Yaich',12),(342,'Sidi Jaber',12),(343,'Souk Sebt Oulad Nemma',12),(344,'Zaouïat Cheikh',12),(345,'Tanger‎',13),(346,'Tétouan‎',13),(347,'Akchour',13),(348,'Assilah',13),(349,'Bab Berred',13),(350,'Bab Taza',13),(351,'Brikcha',13),(352,'Chefchaouen',13),(353,'Dar Bni Karrich',13),(354,'Dar Chaoui',13),(355,'Fnideq',13),(356,'Gueznaia',13),(357,'Jebha',13),(358,'Karia',13),(359,'Khémis Sahel',13),(360,'Ksar El Kébir',13),(361,'Larache',13),(362,'M\'diq',13),(363,'Martil',13),(364,'Moqrisset',13),(365,'Oued Laou',13),(366,'Oued Rmel',13),(367,'Ouezzane',13),(368,'Point Cires',13),(369,'Sidi Lyamani',13),(370,'Sidi Mohamed ben Abdallah el-Raisuni',13),(371,'Zinat',13),(372,'Ajdir‎',14),(373,'Aknoul‎',14),(374,'Al Hoceïma‎',14),(375,'Aït Hichem‎',14),(376,'Bni Bouayach‎',14),(377,'Bni Hadifa‎',14),(378,'Ghafsai‎',14),(379,'Guercif‎',14),(380,'Imzouren‎',14),(381,'Inahnahen‎',14),(382,'Issaguen (Ketama)‎',14),(383,'Karia (El Jadida)‎',14),(384,'Karia Ba Mohamed‎',14),(385,'Oued Amlil‎',14),(386,'Oulad Zbair‎',14),(387,'Tahla‎',14),(388,'Tala Tazegwaght‎',14),(389,'Tamassint‎',14),(390,'Taounate‎',14),(391,'Targuist‎',14),(392,'Taza‎',14),(393,'Taïnaste‎',14),(394,'Thar Es-Souk‎',14),(395,'Tissa‎',14),(396,'Tizi Ouasli‎',14),(397,'Laayoune‎',15),(398,'El Marsa‎',15),(399,'Tarfaya‎',15),(400,'Boujdour‎',15),(401,'Awsard',16),(402,'Oued-Eddahab ',16);
/*!40000 ALTER TABLE `v` ENABLE KEYS */;
UNLOCK TABLES;

--
-- Table structure for table `villes`
--

DROP TABLE IF EXISTS `villes`;
/*!40101 SET @saved_cs_client     = @@character_set_client */;
/*!40101 SET character_set_client = utf8 */;
CREATE TABLE `villes` (
  `Name` varchar(35) COLLATE utf8_unicode_ci NOT NULL,
  `Country` varchar(4) COLLATE utf8_unicode_ci NOT NULL,
  `Province` varchar(35) COLLATE utf8_unicode_ci NOT NULL,
  PRIMARY KEY (`Name`,`Country`,`Province`)
) ENGINE=InnoDB DEFAULT CHARSET=utf8 COLLATE=utf8_unicode_ci;
/*!40101 SET character_set_client = @saved_cs_client */;

--
-- Dumping data for table `villes`
--

LOCK TABLES `villes` WRITE;
/*!40000 ALTER TABLE `villes` DISABLE KEYS */;
INSERT INTO `villes` VALUES ('Aachen','DE','Nordrhein Westfalen'),('Aalborg','DK','Denmark'),('Aarau','CH','AG'),('Aarhus','DK','Denmark'),('Aarri','NG','Nigeria'),('Aba','NG','Nigeria'),('Abaetetuba','BR','Para'),('Abakan','RU','Rep. of Khakassiya'),('Abancay','PE','Apurimac'),('Abeokuta','NG','Nigeria'),('Aberdeen','GB','Grampian'),('Aberystwyth','GB','Ceredigion'),('Abidjan','CI','Cote dIvoire'),('Abilene','US','Texas'),('Abu Dhabi','AE','Abu Dhabi'),('Abuja','NG','Nigeria'),('Acapulco','MX','Guerrero'),('Acarigua','VE','Portuguesa'),('Accra','GH','Ghana'),('Acheng','TJ','Heilongjiang'),('Achinsk','RU','Krasnoyarskiy kray'),('ad Damir','SD','ash Shamaliyah'),('Adamstown','PN','Pitcairn Islands'),('Adana','TR','Adana'),('Adapazari','TR','Kocaeli'),('Addis Ababa','ET','Ethiopia'),('Adelaide','AU','South Australia'),('Aden','YE','Yemen'),('Adiyaman','TR','Adiyaman'),('Ado Ekiti','NG','Nigeria'),('Afourar','MA',''),('Afyon','TR','Afyon'),('Agadir','MA',''),('Agana','GU','Guam'),('Agartala','IN','Tripura'),('Agdz','MA',''),('Aghbala','MA',''),('Agni Izimmer','MA',''),('Agourai','MA',''),('Agra','IN','Uttar Pradesh'),('Agri','TR','Agri'),('Aguascalientes','MX','Aguascalientes'),('Ahfir','MA',''),('Ahmadabad','IN','Gujarat'),('Ahvaz','IR','Khuzestan'),('Aijal','IN','Mizoram'),('Aïn Bni Mathar','MA',''),('Aïn Cheggag','MA',''),('Aïn Dorij','MA',''),('Ain El Aouda','MA',''),('Aïn Erreggada','MA',''),('Aïn Harrouda','MA',''),('Aïn Jemaa','MA',''),('Aïn Karma','MA',''),('Aïn Leuh','MA',''),('Ain Taoujdate','MA',''),('Aït Baha','MA',''),('Aït Boubidmane','MA',''),('Ait Daoud','MA',''),('Aït Hichem‎','MA',''),('Aït Iaâza','MA',''),('Aït Ishaq','MA',''),('Aït Majden','MA',''),('Aït Melloul','MA',''),('Aït Ourir','MA',''),('Aït Yalla','MA',''),('Aix en Provence','FR','Provence Cote dAzur'),('Ajaccio','FR','Corse'),('Ajdir‎','MA',''),('Ajmer','IN','Rajasthan'),('Akchour','MA',''),('Akita','JP','Akita'),('Akka','MA',''),('Aklim','MA',''),('Aknoul‎','MA',''),('Akron','US','Ohio'),('Aksaray','TR','Aksaray'),('Aksu','TJ','Xinjiang Uygur'),('Akure','NG','Nigeria'),('Akureyri','IS','Iceland'),('Akyab','MYA','Rakhine'),('Al Amarah','IQ','Maysan'),('Al Aroui','MA',''),('Al Ayn','AE','Abu Dhabi'),('Al Basrah','IQ','Al Basrah'),('al Fasher','SD','Darfur'),('Al Hillah','IQ','Babil'),('Al Hoceïma‎','MA',''),('Al Kut','IQ','Wasit'),('al Qadarif','SD','ash Sharqiyah'),('al Ubayyid','SD','Kurdufan'),('Alagoinhas','BR','Bahia'),('Alajuela','CR','Alajuela'),('Alba Iulia','RO','Alba'),('Albacete','ES','Castile La Mancha'),('Albany','AU','Western Australia'),('Albany','US','New York'),('Albuquerque','US','New Mexico'),('Alcala de Henares','ES','Madrid'),('Alcorcon','ES','Madrid'),('Aleppo','SY','Syria'),('Alexandria','EG','El Iskandariya'),('Alexandria','RO','Teleorman'),('Alexandria','US','Virginia'),('Algeciras','ES','Andalusia'),('Algier','DZ','Algeria'),('Alicante','ES','Valencia'),('Aligarh','IN','Uttar Pradesh'),('Allahabad','IN','Uttar Pradesh'),('Allentown','US','Pennsylvania'),('Almada','PT','Lisbon'),('Almaty','KAZ','Almaty (munic.)'),('Almeria','ES','Andalusia'),('Almetyevsk','RU','Rep. of Tatarstan'),('Alnif','MA',''),('Alofi','NU','Niue'),('Alor Setar','MY','Kedah'),('Altdorf','CH','UR'),('Alvorada','BR','Rio Grande do Sul'),('Amadora','PT','Lisbon'),('Amalou Ighriben','MA',''),('Amarillo','US','Texas'),('Amasya','TR','Amasya'),('Ambon','ID','Indonesia'),('Americana','BR','Sao Paulo'),('Amiens','FR','Picardie'),('Amizmiz','MA',''),('Amman','JO','Jordan'),('Amol','IR','Mazandaran'),('Amravati','IN','Maharashtra'),('Amritsar','IN','Punjab'),('Amsterdam','NL','Noord Holland'),('An Najaf','IQ','An Najaf'),('An Nasiriyah','IQ','Dhi Qar'),('Anadyr','RU','Chukotsky ao'),('Anaheim','US','California'),('Ananindeua','BR','Para'),('Anapolis','BR','Goias'),('Anchorage','US','Alaska'),('Ancona','IT','Marche'),('Anda','TJ','Heilongjiang'),('Andijon','UZ','Andijon'),('Andorra la Vella','AD','Andorra'),('Angarsk','RU','Irkutskaya oblast'),('Angers','FR','Pays de la Loire'),('Angren','UZ','Toshkent'),('Anju','NOK','North Korea'),('Ankang','TJ','Shaanxi'),('Ankara','TR','Ankara'),('Ann Arbor','US','Michigan'),('Annaba','DZ','Algeria'),('Annapolis','US','Maryland'),('Anqing','TJ','Anhui'),('Anshan','TJ','Liaoning'),('Anshun','TJ','Guizhou'),('Antakya','TR','Hatay'),('Antalya','TR','Antalya'),('Antananarivo','MG','Antananarivo'),('Antsirabe','MG','Antananarivo'),('Antsiranana','MG','Antsiranana'),('Antwerp','BE','Antwerp'),('Anyang','TJ','Henan'),('Anzhero Sudzhensk','RU','Kemerovskaya oblast'),('Anzi','MA',''),('Aomori','JP','Aomori'),('Aosta','IT','Valle dAosta'),('Aoufous','MA',''),('Aoulouz','MA',''),('Aourir','MA',''),('Aparecida de Goiania','BR','Sao Paulo'),('Apia','WS','Samoa'),('Apopa','SV','El Salvador'),('Appenzell','CH','AI'),('Apucarana','BR','Parana'),('Aqmola','KAZ','Aqmola'),('Aqtau','KAZ','Mangghystau'),('Aqtobe','KAZ','Aqtobe'),('Ar Ramadi','IQ','Al Anbar'),('Aracaju','BR','Sergipe'),('Aracatuba','BR','Sao Paulo'),('Arad','RO','Arad'),('Araguaina','BR','Goias'),('Arak','IR','Markazi'),('Arapiraca','BR','Sergipe'),('Araraquara','BR','Sao Paulo'),('Arauca','CO','Arauca'),('Arazane','MA',''),('Arbaoua','MA',''),('Arbil','IQ','Arbil'),('Ardabil','IR','Azarbayian e Sharqi'),('Arendal','NO','Aust Agder'),('Arequipa','PE','Arequipa'),('Arfoud','MA',''),('Arkhangelsk','RU','Arkhangelskaya oblast'),('Arlington','US','Texas'),('Arlington','US','Virginia'),('Arlon','BE','Luxembourg'),('Armavir','RU','Krasnodarsky kray'),('Armenia','CO','Quindio'),('Arnhem','NL','Gelderland'),('Arqalyq','KAZ','Torghay'),('Artvin','TR','Artvin'),('Arusha','TZ','Arusha'),('Arzamas','RU','Nizhegorodskaya oblast'),('As Samawah','IQ','Al Muthanna'),('As Sulaymaniyah','IQ','As Sulaymaniyah'),('Ashgabat','TM','Ahal'),('Asmara','ER','Eritrea'),('Assa','MA',''),('Assahrij','MA',''),('Assen','NL','Drenthe'),('Assilah','MA',''),('Astrakhan','RU','Astrakhanskaya oblast'),('Asuncion','PY','Paraguay'),('Aswan','EG','Aswan'),('Asyut','EG','Asyut'),('Athens','GR','Attiki'),('Atizapan de Zaragoza','MX','Mexico, Estado de'),('Atlanta','US','Georgia'),('Atyrau','KAZ','Atyrau'),('Auckland','NZ','New Zealand'),('Augsburg','DE','Bayern'),('Augusta','US','Maine'),('Aurangabad','IN','Maharashtra'),('Aurora','US','Colorado'),('Aurora','US','Illinois'),('Austin','US','Texas'),('Avarua','CK','Cook Islands'),('Aveiro','PT','Aveiro'),('Avellaneda','AR','Buenos Aires'),('Awsard','MA',''),('Ayacucho','PE','Ayacucho'),('Aydin','TR','Aydin'),('Aylesbury','GB','Buckinghamshire'),('Azemmour','MA',''),('Azilal','MA',''),('Azrou','MA',''),('Bab Berred','MA',''),('Bab Taza','MA',''),('Babol','IR','Mazandaran'),('Bacau','RO','Bacau'),('Badajoz','ES','Estremadura'),('Badalona','ES','Catalonia'),('Bafoussam','CM','Ouest'),('Bage','BR','Rio Grande do Sul'),('Baghdad','IQ','Baghdad'),('Bago','MYA','Bago'),('Bahawalpur','PK','Pakistan'),('Bahia Blanca','AR','Buenos Aires'),('Bahir Dar','ET','Ethiopia'),('Baia Mare','RO','Maramures'),('Baicheng','TJ','Jilin'),('Baiyin','TJ','Gansu'),('Bakersfield','US','California'),('Bakhtaran','IR','Bakhtaran'),('Baku','AZ','Azerbaijan'),('Balakovo','RU','Saratovskaya oblast'),('Balashikha','RU','Moskovskaya oblast'),('Balikesir','TR','Balikesir'),('Balikpapan','ID','Indonesia'),('Baltimore','US','Maryland'),('Bamako','ML','Mali'),('Bamenda','CM','Nordoueste'),('Banda Aceh','ID','Indonesia'),('Bandar Abbas','IR','Hormozgan'),('Bandar e Bushehr','IR','Bushehr'),('Bandar Lampung','ID','Indonesia'),('Bandar Seri Begawan','BN','Brunei'),('Bandundu','ZRE','Bandundu'),('Bandung','ID','Indonesia'),('Bangalore','IN','Karnataka'),('Bangkok','TH','Thailand'),('Bangui','CF','Central African Republic'),('Banjarmasin','ID','Indonesia'),('Banjul','WAG','Gambia'),('Baoding','TJ','Hebei'),('Baoji','TJ','Shaanxi'),('Baotou','TJ','Nei Monggol'),('Baqubah','IQ','Diyala'),('Baracaldo','ES','Basque Country'),('Barbacena','BR','Minas Gerais'),('Barcelona','ES','Catalonia'),('Barcelona','VE','Anzoategui'),('Bareilly','IN','Uttar Pradesh'),('Bari','IT','Puglia'),('Barinas','VE','Barinas'),('Barisal','BD','Bangladesh'),('Barnaul','RU','Altayskiy kray'),('Barnsley','GB','South Yorkshire'),('Barquisimeto','VE','Lara'),('Barra Mansa','BR','Rio de Janeiro'),('Barrancabermeja','CO','Santander del Sur'),('Barranquilla','CO','Atlantico'),('Barreiras','BR','Bahia'),('Barreiro','PT','Lisbon'),('Barretos','BR','Sao Paulo'),('Barry','GB','Vale of Glamorgan'),('Barueri','BR','Sao Paulo'),('Baruta','VE','Miranda'),('Basel','CH','BS'),('Basildon','GB','Essex'),('Basingstoke','GB','Hampshire'),('Basse-Terre','GP','Guadeloupe'),('Basseterre','KN','Saint Kitts and Nevis'),('Batam','ID','Indonesia'),('Batman','TR','Batman'),('Batna','DZ','Algeria'),('Baton Rouge','US','Louisiana'),('Bauru','BR','Sao Paulo'),('Bayamo','CU','Granma'),('Bayburt','TR','Bayburt'),('Beaumont','US','Texas'),('Bechar','DZ','Algeria'),('Bedford','GB','Bedfordshire'),('Beer Sheva','IL','South'),('Beian','TJ','Heilongjiang'),('Beihai','TJ','Guangxi Zhuangzu'),('Beijing','TJ','Beijing (munic.)'),('Beipiao','TJ','Liaoning'),('Beira','MZ','Sofala'),('Beirut','LB','Lebanon'),('Beja','PT','Beja'),('Bejaâd','MA',''),('Bejaia','DZ','Algeria'),('Bekescaba','HU','Bekes'),('Belem','BR','Para'),('Belfast','GB','Northern Ireland'),('Belfort Roxo','BR','Rio de Janeiro'),('Belgorod','RU','Belgorodskaya oblast'),('Belgrade','RS','Serbia'),('Bellinzona','CH','TI'),('Bello','CO','Antioquia'),('Belmopan','BZ','Belize'),('Belo Horizonte','BR','Minas Gerais'),('Ben Ahmed','MA',''),('Ben Guerir','MA',''),('Ben Sergao','MA',''),('Ben Taïeb','MA',''),('Ben Yakhlef','MA',''),('Bengasi','LY','Libya'),('Bengbu','TJ','Anhui'),('Bengkulu','ID','Indonesia'),('Benguela','AO','Benguela'),('Benha','EG','El Qalubiya'),('Beni Ayat','MA',''),('Béni Mellal','MA',''),('Beni Suef','EG','Beni Suef'),('Benin City','NG','Nigeria'),('Benoni','ZA','Gauteng'),('Benslimane','MA',''),('Benxi','TJ','Liaoning'),('Berezniki','RU','Permskaya oblast'),('Bergamo','IT','Lombardia'),('Bergen','NO','Hordaland'),('Bergisch Gladbach','DE','Nordrhein Westfalen'),('Berkane','MA',''),('Berkeley','US','California'),('Berlin','DE','Berlin'),('Bern','CH','BE'),('Berrechid','MA',''),('Bertoua','CM','Est'),('Besancon','FR','Franche Comte'),('Betim','BR','Minas Gerais'),('Beverley','GB','Humberside'),('Bhalil','MA',''),('Bhatpara','IN','Madhya Pradesh'),('Bhavnagar','IN','Gujarat'),('Bhilai','IN','Madhya Pradesh'),('Bhiwandi','IN','Maharashtra'),('Bhopal','IN','Madhya Pradesh'),('Bhubaneswar','IN','Orissa'),('Biala Podlaska','PL','Bialskopodlaskie'),('Bialystok','PL','Bialostockie'),('Bida','NG','Nigeria'),('Bie','AO','Bie'),('Biel','CH','BE'),('Bielefeld','DE','Nordrhein Westfalen'),('Bielsko Biala','PL','Bielskie'),('Bikaner','IN','Rajasthan'),('Bilbao','ES','Basque Country'),('Bilecik','TR','Bilecik'),('Bin elouidane','MA',''),('Bingol','TR','Bingol'),('Binjai','ID','Indonesia'),('Biougra','MA',''),('Bir Jdid','MA',''),('Birjand','IR','Khorasan'),('Birmingham','GB','West Midlands'),('Birmingham','US','Alabama'),('Birobidzhan','RU','Yevreyskaya avt. oblast'),('Bishkek','KG','Kyrgyzstan'),('Bisho','ZA','Eastern Cape'),('Bismarck','US','North Dakota'),('Bissau','GW','Guinea-Bissau'),('Bistrita','RO','Bistrita Nasaud'),('Bitlis','TR','Bitlis'),('Biysk','RU','Altayskiy kray'),('Blackburn','GB','Lancashire'),('Blackpool','GB','Lancashire'),('Blagoveshchensk','RU','Amurskaya oblast'),('Blida','DZ','Algeria'),('Blitar','ID','Indonesia'),('Bloemfontein','ZA','Free State'),('Blumenau','BR','Santa Catarina'),('Bni Ansar','MA',''),('Bni Bouayach‎','MA',''),('Bni Chiker','MA',''),('Bni Drar','MA',''),('Bni Hadifa‎','MA',''),('Bni Tadjite','MA',''),('Boa Vista','BR','Roraima'),('Bocas del Toro','PA','Bocas del Toro'),('Bochum','DE','Nordrhein Westfalen'),('Bodoe','NO','Nordland'),('Bogor','ID','Indonesia'),('Bogota','CO','Santa Fe de Bogota, DC'),('Bogra','BD','Bangladesh'),('Boise','US','Idaho'),('Bojnurd','IR','Khorasan'),('Bokara Steel City','IN','Bihar'),('Boksburg','ZA','Gauteng'),('Bologna','IT','Emilia Romagna'),('Bolton','GB','Greater Manchester'),('Bolu','TR','Bolu'),('Bolzano','IT','Trentino Alto Adige'),('Boma','ZRE','Bas Zaire'),('Bombay','IN','Maharashtra'),('Bonn','DE','Nordrhein Westfalen'),('Bordeaux','FR','Aquitaine'),('Borujerd','IR','Lorestan'),('Boston','US','Massachusetts'),('Botosani','RO','Botosani'),('Bottrop','DE','Nordrhein Westfalen'),('Botucatu','BR','Sao Paulo'),('Bouanane','MA',''),('Bouarfa','MA',''),('Boudnib','MA',''),('Boufakrane','MA',''),('Bouguedra','MA',''),('Bouhdila','MA',''),('Bouizakarne','MA',''),('Boujdour‎','MA',''),('Boujniba','MA',''),('Boulanouare','MA',''),('Boulemane','MA',''),('Boulogne Billancourt','FR','Ile de France'),('Boumalne-Dadès','MA',''),('Boumia','MA',''),('Bournemouth','GB','Dorset'),('Bouskoura','MA',''),('Bouznika','MA',''),('Bracknell','GB','Berkshire'),('Bradford','GB','West Yorkshire'),('Bradia','MA',''),('Braga','PT','Braga'),('Braganca','PT','Braganca'),('Braganca Paulista','BR','Sao Paulo'),('Brahmanbaria','BD','Bangladesh'),('Braila','RO','Braila'),('Braintree','GB','Essex'),('Brampton','CA','Ontario'),('Brasilia','BR','Distrito Federal'),('Brasov','RO','Brasov'),('Bratislava','SK','Slovakia'),('Bratsk','RU','Irkutskaya oblast'),('Braunschweig','DE','Niedersachsen'),('Brazzaville','RCB','Congo'),('Breda','NL','Noord Brabant'),('Bregenz','AT','Vorarlberg'),('Bremen','DE','Bremen'),('Bremerhaven','DE','Bremen'),('Brescia','IT','Lombardia'),('Brest','FR','Bretagne'),('Bridgend','GB','Bridgend'),('Bridgeport','US','Connecticut'),('Bridgetown','BB','Barbados'),('Brighton','GB','East Sussex'),('Brikcha','MA',''),('Brisbane','AU','Queensland'),('Bristol','GB','Avon'),('Brno','CZ','Jihomoravsky'),('Brownsville','US','Texas'),('Brugge','BE','West Flanders'),('Brussels','BE','Brabant'),('Bryansk','RU','Bryanskaya oblast'),('Bucaramanga','CO','Santander del Sur'),('Bucharest','RO','Bucuresti'),('Budapest','HU','Budapest (munic.)'),('Buea','CM','Sudoueste'),('Buenaventura','CO','Valle de Cauca'),('Buenos Aires','AR','Distrito Federal'),('Buffalo','US','New York'),('Bujumbura','BI','Burundi'),('Bukavu','ZRE','Kivu'),('Bukhoro','UZ','Bukhoro'),('Bukoba','TZ','Kagera'),('Bur Said','EG','Bur Said (munic.)'),('Burdur','TR','Burdur'),('Burgos','ES','Castile and Leon'),('Burlington','CA','Ontario'),('Burnaby','CA','British Columbia'),('Bursa','TR','Bursa'),('Bury','GB','Greater Manchester'),('Bushehr','IR','Bushehr'),('Butembo','ZRE','Kivu'),('Buzau','RO','Buzau'),('Bydgoszcz','PL','Bydgoskie'),('Bytom','PL','Katowickie'),('Bzou','MA',''),('Cabimas','VE','Zulia'),('Cabinda','AO','Cabinda'),('Cabo de Santo Agostinho','BR','Pernambuco'),('Cabo Frio','BR','Rio de Janeiro'),('Cachoeiro de Itapemirim','BR','Espirito Santo'),('Cadiz','ES','Andalusia'),('Caen','FR','Basse Normandie'),('Caernarfon','GB','Gwynedd'),('Cagayan de Oro','PH','Philippines'),('Cagliari','IT','Sardegna'),('Cairo','EG','El Qahira'),('Cajamarca','PE','Cajamarca'),('Calabar','NG','Nigeria'),('Calarasi','RO','Calarasi'),('Calcutta','IN','West Bengal'),('Calgary','CA','Alberta'),('Cali','CO','Valle de Cauca'),('Callao','PE','Callao'),('Cam Pha','VN','Vietnam'),('Camacari','BR','Bahia'),('Camaguey','CU','Camaguey'),('Camaragibe','BR','Pernambuco'),('Cambridge','GB','Cambridgeshire'),('Campeche','MX','Campeche'),('Campina Grande','BR','Paraiba'),('Campinas','BR','Sao Paulo'),('Campo Grande','BR','Mato Grosso do Sul'),('Campobasso','IT','Molise'),('Campos dos Goytacazes','BR','Rio de Janeiro'),('Can Tho','VN','Vietnam'),('Canakkale','TR','Canakkale'),('Canberra','AU','Australia Capital Territory'),('Cancun','MX','Quintana Roo'),('Cangzhou','TJ','Hubei'),('Cankiri','TR','Cankiri'),('Canoas','BR','Rio Grande do Sul'),('Canterbury','GB','Kent'),('Cape Coast','GH','Ghana'),('Cape Town','ZA','Western Cape'),('Caracas','VE','Distrito Federal'),('Carapicuiba','BR','Sao Paulo'),('Cardiff','GB','Cardiff'),('Cariacica','BR','Espirito Santo'),('Carletonville','ZA','Gauteng'),('Carlisle','GB','Cumbria'),('Carmarthen','GB','Carmarthenshire'),('Carson City','US','Nevada'),('Cartagena','CO','Bolivar'),('Cartagena','ES','Murcia'),('Cartago','CO','Valle de Cauca'),('Cartago','CR','Cartago'),('Caruaru','BR','Pernambuco'),('Casablanca','MA',''),('Cascavel','BR','Parana'),('Castanhal','BR','Para'),('Castellon de la Plana','ES','Valencia'),('Castelo Branco','PT','Castelo Branco'),('Castries','LC','Saint Lucia'),('Catanduva','BR','Sao Paulo'),('Catania','IT','Sicilia'),('Catanzaro','IT','Calabria'),('Catia La Mar','VE','Distrito Federal'),('Caucaia','BR','Ceara'),('Caxias','BR','Maranhao'),('Caxias do Sul','BR','Rio Grande do Sul'),('Caxito','AO','Bengo'),('Cayenne','GF','French Guiana'),('Cebu','PH','Philippines'),('Cedar Rapids','US','Iowa'),('Celaya','MX','Guanajuato'),('Cerro de Pasco','PE','Pasco'),('Ceske Budejovice','CZ','Jihocesky'),('Chachapoyas','PE','Amazonas'),('Chake Cahke','TZ','Kusini Pemba'),('Chalons en Champagne','FR','Champagne Ardenne'),('Chandigarh','IN','Chandigarh'),('Chandler','US','Arizona'),('Changchun','TJ','Jilin'),('Changde','TJ','Hunan'),('Changhua','RC','Taiwan'),('Changsha','TJ','Hunan'),('Changshu','TJ','Jiangsu'),('Changzhi','TJ','Shanxi'),('Changzhou','TJ','Jiangsu'),('Chaoxian','TJ','Anhui'),('Chaoyang','TJ','Liaoning'),('Chaozhou','TJ','Guangdong'),('Chapeco','BR','Santa Catarina'),('Charjew','TM','Leban'),('Charleroi','BE','Hainaut'),('Charleston','US','West Virginia'),('Charlotte','US','North Carolina'),('Charlotte Amalie','VIRG','Virgin Islands'),('Charlottetown','CA','Prince Edward Island'),('Chattanooga','US','Tennessee'),('Cheboksary','RU','Chuvash Republic'),('Chefchaouen','MA',''),('Cheju','ROK','South Korea'),('Chelm','PL','Chelmskie'),('Chelmsford','GB','Essex'),('Cheltenham','GB','Gloucestershire'),('Chelyabinsk','RU','Chelyabinskaya oblast'),('Chemnitz','DE','Sachsen'),('Chengde','TJ','Hebei'),('Chengdu','TJ','Sichuan'),('Cherepovets','RU','Vologodskaya oblast'),('Cherkasy','UA','Cherkaska'),('Cherkessk','RU','Karachayevo Cherkessk Rep.'),('Chernihiv','UA','Chernihivska'),('Chernivtsi','UA','Chernivetska'),('Chesapeake','US','Virginia'),('Chester','GB','Cheshire'),('Chesterfield','GB','Derbyshire'),('Chetumal','MX','Quintana Roo'),('Cheyenne','US','Wyoming'),('Chiai','RC','Taiwan'),('Chiang Mai','TH','Thailand'),('Chiba','JP','Chiba'),('Chicago','US','Illinois'),('Chichaoua','MA',''),('Chichester','GB','West Sussex'),('Chiclayo','PE','Lambayeque'),('Chifeng','TJ','Nei Monggol'),('Chihuahua','MX','Chihuahua'),('Chilpancingo','MX','Guerrero'),('Chilung','RC','Taiwan'),('Chimbote','PE','Ancash'),('Chimoio','MZ','Manica'),('Chinandega','NI','Nicaragua'),('Chincha Alta','PE','Ica'),('Chingola','ZM','Copperbelt'),('Chiniot','PK','Pakistan'),('Chinju','ROK','South Korea'),('Chipata','ZM','Eastern'),('Chirchiq','UZ','Toshkent'),('Chisinau','MD','Moldova'),('Chita','RU','Chitinskaya oblast'),('Chitre','PA','Herrera'),('Chittagong','BD','Bangladesh'),('Choluteca','HN','Choluteca'),('Chongjin','NOK','North Korea'),('Chongju','ROK','South Korea'),('Chongqing','TJ','Sichuan'),('Chonju','ROK','South Korea'),('Chorzow','PL','Katowickie'),('Christchurch','NZ','New Zealand'),('Chula Vista','US','California'),('Chunchon','ROK','South Korea'),('Chungho','RC','Taiwan'),('Chungli','RC','Taiwan'),('Chur','CH','GR'),('Chuxian','TJ','Anhui'),('Ciechanow','PL','Ciechanowskie'),('Ciego de Avila','CU','Ciego de Avila'),('Cienaga','CO','Guajira, La'),('Cienfuegos','CU','Cienfuegos'),('Cincinnati','US','Ohio'),('Cirebon','ID','Indonesia'),('Ciudad Apodaca','MX','Nuevo Leon'),('Ciudad Bolivar','VE','Bolivar'),('Ciudad Guayana','VE','Bolivar'),('Ciudad Juarez','MX','Chihuahua'),('Ciudad Madero','MX','Tamaulipas'),('Ciudad Obregon','MX','Sonora'),('Ciudad Santa Catarina','MX','Nuevo Leon'),('Ciudad Victoria','MX','Tamaulipas'),('Cixi','TJ','Zhejiang'),('Clearwater','US','Florida'),('Clermont Ferrand','FR','Auvergne'),('Cleveland','US','Ohio'),('Cluj Napoca','RO','Cluj'),('Coatzacoalcos','MX','Veracruz'),('Cochabamba','BO','Bolivia'),('Cochin','IN','Kerala'),('Codo','BR','Maranhao'),('Coimbatore','IN','Tamil Nadu'),('Coimbra','PT','Coimbra'),('Colatina','BR','Espirito Santo'),('Colchester','GB','Essex'),('Colima','MX','Colima'),('Colombo','BR','Parana'),('Colombo','LK','Sri Lanka'),('Colon','PA','Colon'),('Colorado Springs','US','Colorado'),('Columbia','US','South Carolina'),('Columbus','US','Georgia'),('Columbus','US','Ohio'),('Colwyn Bay','GB','Aberconwy and Colwyn'),('Comayagua','HN','Comayagua'),('Comilla','BD','Bangladesh'),('Comodoro Rivadavia','AR','Chubut'),('Conakry','GN','Guinea'),('Concord','US','California'),('Concord','US','New Hampshire'),('Concordia','AR','Entre Rios'),('Constanta','RO','Constanta'),('Constantine','DZ','Algeria'),('Contagem','BR','Minas Gerais'),('Copenhagen','DK','Denmark'),('Coral Springs','US','Florida'),('Cordoba','AR','Cordoba'),('Cordoba','ES','Andalusia'),('Cordoba','MX','Veracruz'),('Coro','VE','Falcon'),('Corona','US','California'),('Corpus Christi','US','Texas'),('Corrientes','AR','Corrientes'),('Corum','TR','Corum'),('Cosenza','IT','Calabria'),('Costa Mesa','US','California'),('Cotia','BR','Sao Paulo'),('Cottbus','DE','Brandenburg'),('Coventry','GB','West Midlands'),('Craiova','RO','Dolj'),('Crewe','GB','Cheshire'),('Criciuma','BR','Santa Catarina'),('Cuautla','MX','Jalisco'),('Cucuta','CO','Norte de Santander'),('Cuernavaca','MX','Morelos'),('Cuiaba','BR','Mato Grosso'),('Culiacan','MX','Sinaloa'),('Cumana','VE','Sucre'),('Curitiba','BR','Parana'),('Cuttack','IN','Orissa'),('Cuzco','PE','Cuzco'),('Cwmbran','GB','Monmouthshire'),('Czestochowa','PL','Czestochowskie'),('Da Nang','VN','Vietnam'),('Daan','TJ','Jilin'),('Dabrowa Gornicza','PL','Katowickie'),('Dahuk','IQ','Dahuk'),('Dakar','SN','Dakar'),('Dalian','TJ','Liaoning'),('Dallas','US','Texas'),('Daman','IN','Daman and Diu'),('Damanhur','EG','El Buhayra'),('Damascus','SY','Syria'),('Dandong','TJ','Liaoning'),('Danli','HN','El Paraiso'),('Danyang','TJ','Jiangsu'),('Daqing','TJ','Heilongjiang'),('Dar Bni Karrich','MA',''),('Dar Chaoui','MA',''),('Dar El Kebdani','MA',''),('Dar es Salaam','TZ','Daressalam'),('Dar Gueddari','MA',''),('Dar Oulad Zidouh','MA',''),('Darlington','GB','Durham'),('Darmstadt','DE','Hessen'),('Darwin','AU','Northern Territory'),('Datong','TJ','Shanxi'),('Davao','PH','Philippines'),('David','PA','Chiriqui'),('Daxian','TJ','Sichuan'),('Dayton','US','Ohio'),('Dcheira El Jihadia','MA',''),('Deba Habe','NG','Nigeria'),('Debdou','MA',''),('Debrecen','HU','Debrecen (munic.)'),('Debrezit','ET','Ethiopia'),('Dededo','GU','Guam'),('Delemont','CH','JU'),('Delgado','SV','El Salvador'),('Demnate','MA',''),('Denizli','TR','Denizli'),('Denver','US','Colorado'),('Dera Ghazi Khan','PK','Pakistan'),('Derby','GB','Derbyshire'),('Deroua','MA',''),('Des Moines','US','Iowa'),('Dese','ET','Ethiopia'),('Detroit','US','Michigan'),('Deva','RO','Hunedoara'),('Deyang','TJ','Sichuan'),('Dezful','IR','Khuzestan'),('Dezhou','TJ','Shandong'),('Dhaka','BD','Bangladesh'),('Diadema','BR','Sao Paulo'),('Dijon','FR','Bourgogne'),('Dili','TL','Timor-Leste'),('Dimitrovgrad','RU','Ulyanovskaya oblast'),('Dinajpur','BD','Bangladesh'),('Diourbel','SN','Diourbel'),('Dire Dawa','ET','Ethiopia'),('Dispur','IN','Assam'),('Divinopolis','BR','Minas Gerais'),('Diwaniyah','IQ','Al Qadisiyah'),('Diyarbakir','TR','Diyarbakir'),('Djibouti','DJ','Djibouti'),('Dniprodzerzhynsk','UA','Dnipropetrovska'),('Dnipropetrovsk','UA','Dnipropetrovska'),('Dodoma','TZ','Dodoma'),('Doha','QA','Qatar'),('Doncaster','GB','South Yorkshire'),('Donetsk','UA','Donetska'),('Dongguan','TJ','Guangdong'),('Dongtai','TJ','Jiangsu'),('Dongying','TJ','Shandong'),('Donostia','ES','Basque Country'),('Dorchester','GB','Dorset'),('Dordrecht','NL','Zuid Holland'),('Dortmund','DE','Nordrhein Westfalen'),('Dosquebradas','CO','Risaralda'),('Douala','CM','Cote/Littoral'),('Douar Kannine','MA',''),('Douglas','GBM','Man'),('Dourados','BR','Mato Grosso do Sul'),('Dover','GB','Kent'),('Dover','US','Delaware'),('Dra\'a','MA',''),('Drammen','NO','Buskerud'),('Drargua','MA',''),('Dresden','DE','Sachsen'),('Driouch','MA',''),('Drobeta Turnu Severin','RO','Mehedinti'),('Dubai','AE','Dubayy'),('Dublin','IE','Ireland'),('Dudley','GB','West Midlands'),('Duisburg','DE','Nordrhein Westfalen'),('Dukou','TJ','Sichuan'),('Dumfries','GB','Dumfries and Galloway'),('Dumyat','EG','Dumyat'),('Dundee','GB','Tayside'),('Dunhua','TJ','Jilin'),('Duque de Caxias','BR','Rio de Janeiro'),('Durango','MX','Durango'),('Durban','ZA','Kwazulu Natal'),('Durgapur','IN','West Bengal'),('Durham','GB','Durham'),('Durham','US','North Carolina'),('Durres','AL','Albania'),('Dushanbe','TJ','Dushanbe (munic.)'),('Dusseldorf','DE','Nordrhein Westfalen'),('Duyun','TJ','Guizhou'),('Dzerzhinsk','RU','Nizhegorodskaya oblast'),('Dzhambul','KAZ','Zhambyl'),('East London','ZA','Eastern Cape'),('East York','CA','Ontario'),('Eastleigh','GB','Hampshire'),('Ebbw Vale','GB','Blaenau Gwent'),('Ebolowa','CM','Sud'),('Echemmaia','MA',''),('Echeng','TJ','Hubei'),('Ede','NG','Nigeria'),('Edinburgh','GB','Lothian'),('Edirne','TR','Edirne'),('Edmonton','CA','Alberta'),('Effon Alaiye','NG','Nigeria'),('Eger','HU','Heves'),('Eindhoven','NL','Noord Brabant'),('Eisenstadt','AT','Burgenland'),('Ekibastuz','KAZ','Pavlodar'),('El Aïoun Sidi Mellouk','MA',''),('El Arish','EG','Sina ash Shamaliyah'),('El Borouj','MA',''),('El Faiyum','EG','El Faiyum'),('El Gara','MA',''),('El Giza','EG','El Giza'),('El Guerdane','MA',''),('El Hajeb','MA',''),('El Hanchane','MA',''),('El Jadida','MA',''),('El Kelaâ des Sraghna','MA',''),('El Kharga','EG','El Wadi el Jadid'),('El Ksiba','MA',''),('El Mahalla el Kubra','EG','El Gharbiya'),('El Mansura','EG','El Daqahliya'),('El Marsa‎','MA',''),('El Menzel','MA',''),('El Minya','EG','El Minya'),('El Monte','US','California'),('El Ouatia','MA',''),('El Paso','US','Texas'),('El Porvenir','PA','Comarca de San Blas'),('El Progreso','HN','Yoro'),('El Suweiz','EG','El Suweiz'),('El Tur','EG','Sina al Janubiyah'),('El Uqsur','EG','Qena'),('Elazig','TR','Elazig'),('Elbasan','AL','Albania'),('Elblag','PL','Elblaskie'),('Eldoret','KE','Rift Valley'),('Elektrostal','RU','Moskovskaya oblast'),('Elista','RU','Rep. of Kalmykiya'),('Elizabeth','US','New Jersey'),('Elkbab','MA',''),('Elmbridge','GB','Surrey'),('Elx','ES','Valencia'),('Embu','BR','Sao Paulo'),('Embu','KE','Eastern'),('Engels','RU','Saratovskaya oblast'),('Enschede','NL','Overijssel'),('Ensenada','MX','Baja California'),('Enugu','NG','Nigeria'),('Envigado','CO','Antioquia'),('Epping Forest','GB','Essex'),('Er-Rich','MA',''),('Erfurt','DE','Thuringen'),('Erie','US','Pennsylvania'),('Erlangen','DE','Bayern'),('Ermoupoli','GR','Notion Aiyaion'),('Errachidia','MA',''),('Erzincan','TR','Erzincan'),('Erzurum','TR','Erzurum'),('Es-Semara','MA',''),('Esbjerg','DK','Denmark'),('Escondido','US','California'),('Esfahan','IR','Esfahan'),('Eskisehir','TR','Eskisehir'),('Espoo','FI','Uusimaa'),('Essaouira','MA',''),('Essen','DE','Nordrhein Westfalen'),('Etobicoke','CA','Ontario'),('Eugene','US','Oregon'),('Evansville','US','Indiana'),('Evora','PT','Evora'),('Exeter','GB','Devon'),('Falun','SE','Dalarna'),('Fam El Hisn','MA',''),('Fareham','GB','Hampshire'),('Farghona','UZ','Farghona'),('Faridabad','IN','Uttar Pradesh'),('Farkhana','MA',''),('Faro','PT','Algarve'),('Fatick','SN','Fatick'),('Feira de Santana','BR','Bahia'),('Fengcheng','TJ','Liaoning'),('Fengshan','RC','Taiwan'),('Fengyuan','RC','Taiwan'),('Ferrara','IT','Emilia Romagna'),('Ferraz de Vasconcelos','BR','Sao Paulo'),('Fès','MA',''),('Fianarantsoa','MG','Fianarantsoa'),('Figuig','MA',''),('Firenze','IT','Toscana'),('Flint','US','Michigan'),('Florencia','CO','Caqueta'),('Florianopolis','BR','Santa Catarina'),('Floridablanca','CO','Santander del Sur'),('Flying Fish Cove','CX','Christmas Island'),('Fnideq','MA',''),('Focsani','RO','Vrancea'),('Foggia','IT','Puglia'),('Fontana','US','California'),('Forli','IT','Emilia Romagna'),('Formosa','AR','Formosa'),('Fort Collins','US','Colorado'),('Fort Lauderdale','US','Florida'),('Fort Wayne','US','Indiana'),('Fort Worth','US','Texas'),('Fort-de-France','MQ','Martinique'),('Fortaleza','BR','Ceara'),('Foshan','TJ','Guangdong'),('Foum Jamaa','MA',''),('Foum Zguid','MA',''),('Foz do Iguacu','BR','Parana'),('Fquih Ben Salah','MA',''),('Fraïta','MA',''),('Franca','BR','Sao Paulo'),('Francisco Morato','BR','Sao Paulo'),('Frankfort','US','Kentucky'),('Frankfurt am Main','DE','Hessen'),('Frauenfeld','CH','TG'),('Fredericton','CA','New Brunswick'),('Freetown','SL','Sierra Leone'),('Freiburg im Breisgau','DE','Baden Wurttemberg'),('Fremont','US','California'),('Fresno','US','California'),('Fribourg','CH','FR'),('Fuenlabrada','ES','Madrid'),('Fukui','JP','Fukui'),('Fukuoka','JP','Fukuoka'),('Fukushima','JP','Fukushima'),('Fuling','TJ','Heilongjiang'),('Fullerton','US','California'),('Funafuti','TV','Tuvalu'),('Funchal','PT','Madeira'),('Furth','DE','Bayern'),('Fushun','TJ','Liaoning'),('Fuxin','TJ','Liaoning'),('Fuyang','TJ','Anhui'),('Fuyu','TJ','Jilin'),('Fuzhou','TJ','Fujian'),('Fuzhou','TJ','Jiangxi'),('Gaborone','BW','Botswana'),('Galati','RO','Galati'),('Gandhinagar','IN','Gujarat'),('Gangtok','IN','Sikkim'),('Ganzhou','TJ','Jiangxi'),('Garanhuns','BR','Pernambuco'),('Garden Grove','US','California'),('Gardmit','MA',''),('Garissa','KE','North Eastern'),('Garland','US','Texas'),('Garoua','CM','Nord'),('Gary','US','Indiana'),('Gateshead','GB','Tyne and Wear'),('Gauhati','IN','Assam'),('Gavle','SE','Gavleborg'),('Gaza','GAZA','Gaza Strip'),('Gaziantep','TR','Gaziantep'),('Gazipur','BD','Bangladesh'),('Gdansk','PL','Gdanskie'),('Gdynia','PL','Gdanskie'),('Gebze','TR','Kocaeli'),('Geelong','AU','Victoria'),('Gejiu','TJ','Yunnan'),('Geleen','NL','Limburg'),('Gelsenkirchen','DE','Nordrhein Westfalen'),('General San Martin','AR','Buenos Aires'),('Geneva','CH','GE'),('Genua','IT','Liguria'),('George Town','KY','Cayman Islands'),('Georgetown','GY','Guyana'),('Gera','DE','Thuringen'),('Getafe','ES','Madrid'),('Ghafsai‎','MA',''),('Ghaziabad','IN','Delhi'),('Ghent','BE','East Flanders'),('Ghmate','MA',''),('Gibraltar','GI','Gibraltar'),('Gifu','JP','Gifu'),('Gijon','ES','Asturias'),('Giresun','TR','Giresun'),('Giurgiu','RO','Giurgiu'),('Glarus','CH','GL'),('Glasgow','GB','Strathclyde'),('Glazov','RU','Udmurt Republic'),('Glendale','US','Arizona'),('Glendale','US','California'),('Glenrothes','GB','Fife'),('Gliwice','PL','Katowickie'),('Gloucester','CA','Ontario'),('Gloucester','GB','Gloucestershire'),('Goiania','BR','Goias'),('Gold Coast','AU','Queensland'),('Goma','ZRE','Kivu'),('Gomez Palacio','MX','Durango'),('Gonbad e Kavus','IR','Mazandaran'),('Gonder','ET','Ethiopia'),('Gongzhuling','TJ','Jilin'),('Gorakhpur','IN','Uttar Pradesh'),('Gorgan','IR','Mazandaran'),('Gorno Altaysk','RU','Rep. of Altay'),('Gorontalo','ID','Indonesia'),('Gorzow Wielkopolski','PL','Gorzowskie'),('Gorzow Wielkopolskie','PL','Gorzowskie'),('Goteborg','SE','Goteborg och Bohus'),('Gottingen','DE','Niedersachsen'),('Goulmima','MA',''),('Gourrama','MA',''),('Governador Valadares','BR','Minas Gerais'),('Gracias','HN','Lempira'),('Granada','ES','Andalusia'),('Granada','NI','Nicaragua'),('Grand Prairie','US','Texas'),('Grand Rapids','US','Michigan'),('Grand Turk','TC','Turks and Caicos Islands'),('Gravatai','BR','Pernambuco'),('Graz','AT','Styria'),('Green Bay','US','Wisconsin'),('Greensboro','US','North Carolina'),('Grenoble','FR','Rhone Alpes'),('Groningen','NL','Groningen'),('Grozny','RU','Chechen Rep.'),('Grudziadz','PL','Torunskie'),('Guacara','VE','Carabobo'),('Guadalajara','MX','Jalisco'),('Guadalupe','MX','Nuevo Leon'),('Guanajuato','MX','Guanajuato'),('Guanare','VE','Portuguesa'),('Guangshui','TJ','Hubei'),('Guangyuan','TJ','Sichuan'),('Guangzhou','TJ','Guangdong'),('Guantanamo','CU','Guantanamo'),('Guarapuava','BR','Parana'),('Guarda','PT','Guarda'),('Guarenas','VE','Miranda'),('Guaruja','BR','Sao Paulo'),('Guarulhos','BR','Sao Paulo'),('Guatemala City','GT','Guatemala'),('Guayaquil','EC','Ecuador'),('Guelmim','MA',''),('Guercif‎','MA',''),('Gueznaia','MA',''),('Guigou','MA',''),('Guildford','GB','Surrey'),('Guilin','TJ','Guangxi Zhuangzu'),('Guisser','MA',''),('Guixian','TJ','Guangxi Zhuangzu'),('Guiyang','TJ','Guizhou'),('Gujranwala','PK','Pakistan'),('Gujrat','PK','Pakistan'),('Guliston','UZ','Sirdare'),('Gumushane','TR','Gumushane'),('Guntur','IN','Andhra Pradesh'),('Gusau','NG','Nigeria'),('Gwalior','IN','Madhya Pradesh'),('Gyor','HU','Gyor (munic.)'),('Haarlem','NL','Noord Holland'),('Had Bouhssoussen','MA',''),('Had Kourt','MA',''),('Haeju','NOK','North Korea'),('Haemeenlinna','FI','Haeme'),('Hafnarfjoerdur','IS','Iceland'),('Hagen','DE','Nordrhein Westfalen'),('Haicheng','TJ','Liaoning'),('Haifa','IL','Haifa'),('Haikou','TJ','Hainan'),('Hailar','TJ','Nei Monggol'),('Haining','TJ','Zhejiang'),('Haiphong','VN','Vietnam'),('Haj Kaddour','MA',''),('Hakha','MYA','Chin'),('Hakkari','TR','Hakkari'),('Hakodate','JP','Hokkaido'),('Halifax','CA','Nova Scotia'),('Halle','DE','Sachsen Anhalt'),('Halmstad','SE','Halland'),('Hamadan','IR','Hamadan'),('Hamar','NO','Hedmark'),('Hamburg','DE','Hamburg'),('Hamhung Hungnam','NOK','North Korea'),('Hami','TJ','Xinjiang Uygur'),('Hamilton','BM','Bermuda'),('Hamilton','CA','Ontario'),('Hamm','DE','Nordrhein Westfalen'),('Hammerfest','NO','Finnmark'),('Hampton','US','Virginia'),('Handan','TJ','Hebei'),('Hangzhou','TJ','Zhejiang'),('Hannover','DE','Niedersachsen'),('Hanoi','VN','Vietnam'),('Hanzhong','TJ','Shaanxi'),('Haora','IN','West Bengal'),('Harare','ZW','Zimbabwe'),('Harbin','TJ','Heilongjiang'),('Harer','ET','Ethiopia'),('Harhoura','MA',''),('Harnosand','SE','Vasternorrland'),('Harrisburg','US','Pennsylvania'),('Harrogate','GB','North Yorkshire'),('Harte Lyamine','MA',''),('Hartford','US','Connecticut'),('Hasselt','BE','Limburg'),('Hattane','MA',''),('Havana','CU','Ciudad de la Habana'),('Havant','GB','Hampshire'),('Haverfordwest','GB','Pembrokeshire'),('Hayward','US','California'),('Hebi','TJ','Henan'),('Heerlen','NL','Limburg'),('Hefei','TJ','Anhui'),('Hegang','TJ','Heilongjiang'),('Heidelberg','DE','Baden Wurttemberg'),('Heilbronn','DE','Baden Wurttemberg'),('Helena','US','Montana'),('Helsingborg','SE','Malmohus'),('Helsinki','FI','Uusimaa'),('Helwan','EG','El Qahira'),('Henderson','US','Nevada'),('Hengshui','TJ','Hebei'),('Hengyang','TJ','Hunan'),('Heredia','CR','Heredia'),('Herisau','CH','AR'),('Hermannsverk','NO','Sogn og Fjordane'),('Hermosillo','MX','Sonora'),('Herne','DE','Nordrhein Westfalen'),('Heroica Nogales','MX','Sonora'),('Hertford','GB','Hertfordshire'),('Heyuan','TJ','Guangdong'),('Heze','TJ','Shandong'),('Hialeah','US','Florida'),('Hildesheim','DE','Niedersachsen'),('Hilo','US','Hawaii'),('Hilversum','NL','Noord Holland'),('Hiroshima','JP','Hiroshima'),('Hobart','AU','Tasmania'),('Hodmezovasarhely','HU','Csongrad'),('Hohhot','TJ','Nei Monggol'),('Holguin','CU','Holguin'),('Hollywood','US','Florida'),('Homs','SY','Syria'),('Hong Gai','VN','Vietnam'),('Hong Kong','HK','Hong Kong'),('Honghu','TJ','Hubei'),('Honiara','SB','Solomon Islands'),('Honolulu','US','Hawaii'),('Horlivka','UA','Donetska'),('Horsham','GB','West Sussex'),('Hortolandia','BR','Sao Paulo'),('Hospitalet de Llobregat','ES','Catalonia'),('Houston','US','Texas'),('Hpa an','MYA','Kayin'),('Hradec Kralove','CZ','Vychodocesky'),('Hrara','MA',''),('Hsinchu','RC','Taiwan'),('Hsinchuang','RC','Taiwan'),('Hsintien','RC','Taiwan'),('Huadian','TJ','Jilin'),('Huaian','TJ','Jiangsu'),('Huaibei','TJ','Anhui'),('Huaihua','TJ','Hunan'),('Huainan','TJ','Anhui'),('Huaiyin','TJ','Jiangsu'),('Hualien','RC','Taiwan'),('Huambo','AO','Huambo'),('Huancavelica','PE','Huancavelica'),('Huancayo','PE','Junin'),('Huangshi','TJ','Hubei'),('Huanuco','PE','Huanuco'),('Huaraz','PE','Ancash'),('Hubli','IN','Karnataka'),('Huddersfield','GB','West Yorkshire'),('Hue','VN','Vietnam'),('Huelva','ES','Andalusia'),('Huichon','NOK','North Korea'),('Huizhou','TJ','Guangdong'),('Hull','GB','Humberside'),('Hunjiang','TJ','Jilin'),('Huntingdon','GB','Cambridgeshire'),('Huntington Beach','US','California'),('Huntsville','US','Alabama'),('Hurghada','EG','El Bahr el Ahmar'),('Huzhou','TJ','Zhejiang'),('Hyderabad','IN','Andhra Pradesh'),('Hyderabad','PK','Pakistan'),('Iasi','RO','Iasi'),('Ibadan','NG','Nigeria'),('Ibague','CO','Tolima'),('Ibirite','BR','Minas Gerais'),('Ica','PE','Ica'),('Ida Ougnidif','MA',''),('Ife','NG','Nigeria'),('Ifrane','MA',''),('Ifri','MA',''),('Igdamen','MA',''),('Ighil n\'Oumgoun','MA',''),('Ighoud','MA',''),('Ighounane','MA',''),('Ihddaden','MA',''),('Ijebu Ode','NG','Nigeria'),('Ikare','NG','Nigeria'),('Ikerre','NG','Nigeria'),('Ikire','NG','Nigeria'),('Ikirun','NG','Nigeria'),('Ikorodu','NG','Nigeria'),('Ila','NG','Nigeria'),('Ilam','IR','Ilam'),('Ilawe Ekiti','NG','Nigeria'),('Ilesha','NG','Nigeria'),('Ilheus','BR','Bahia'),('Ilobu','NG','Nigeria'),('Ilorin','NG','Nigeria'),('Imassine','MA',''),('Imintanoute','MA',''),('Imouzzer Kandar','MA',''),('Imouzzer Marmoucha','MA',''),('Imperatriz','BR','Maranhao'),('Imphal','IN','Manipur'),('Imzouren‎','MA',''),('Inahnahen‎','MA',''),('Inchon','ROK','South Korea'),('Indaiatuba','BR','Sao Paulo'),('Independence','US','Missouri'),('Indianapolis','US','Indiana'),('Indore','IN','Madhya Pradesh'),('Inezgane','MA',''),('Inglewood','US','California'),('Ingolstadt','DE','Bayern'),('Inhambane','MZ','Inhambane'),('Inisa','NG','Nigeria'),('Innsbruck','AT','Tyrol'),('Inverness','GB','Highland'),('Ioannina','GR','Ipiros'),('Ipatinga','BR','Minas Gerais'),('Ipoh','MY','Perak'),('Ipswich','GB','Suffolk'),('Iquitos','PE','Loreto'),('Iraklion','GR','Kriti'),('Irapuato','MX','Guanajuato'),('Irherm','MA',''),('Iringa','TZ','Iringa'),('Irkutsk','RU','Irkutskaya oblast'),('Irvine','US','California'),('Irving','US','Texas'),('Iseyin','NG','Nigeria'),('Iskenderun','TR','Hatay'),('Islamabad','PK','Pakistan'),('Islamshahr','IR','Tehran'),('Ismailiya','EG','Ismailiya'),('Isparta','TR','Isparta'),('Issaguen (Ketama)‎','MA',''),('Istanbul','TR','Istanbul'),('Itaborai','BR','Rio de Janeiro'),('Itabuna','BR','Bahia'),('Itagui','CO','Antioquia'),('Itaituba','BR','Para'),('Itajai','BR','Santa Catarina'),('Itanagar','IN','Arunachal Pradesh'),('Itapecerica da Serra','BR','Minas Gerais'),('Itapetininga','BR','Sao Paulo'),('Itapevi','BR','Sao Paulo'),('Itaquaquecetuba','BR','Sao Paulo'),('Itu','BR','Sao Paulo'),('Itzer','MA',''),('Ivano Frankivsk','UA','Ivano Frankivska'),('Ivanovo','RU','Ivanovskaya oblast'),('Iwo','NG','Nigeria'),('Izhevsk','RU','Udmurt Republic'),('Izmir','TR','Izmir'),('Izmit','TR','Kocaeli'),('Jaâdar','MA',''),('Jabalpur','IN','Madhya Pradesh'),('Jaboatao dos Guararapes','BR','Pernambuco'),('Jacarei','BR','Sao Paulo'),('Jackson','US','Mississippi'),('Jacksonville','US','Florida'),('Jaen','ES','Andalusia'),('Jaipur','IN','Rajasthan'),('Jakarta','ID','Indonesia'),('Jalandhar','IN','Punjab'),('Jalapa','MX','Veracruz'),('Jamâat Shaim','MA',''),('Jamalpur','BD','Bangladesh'),('Jambi','ID','Indonesia'),('Jamestown','SH','Saint Helena'),('Jammu','IN','Jammu and Kashmir'),('Jamnagar','IN','Gujarat'),('Jamshedpur','IN','Bihar'),('Jastrzebie Zdroj','PL','Katowickie'),('Jau','BR','Sao Paulo'),('Jebha','MA',''),('Jeddah','SA','Saudi Arabia'),('Jefferson City','US','Missouri'),('Jelenia Gora','PL','Jeleniogorskie'),('Jena','DE','Thuringen'),('Jequie','BR','Bahia'),('Jerada','MA',''),('Jerez de la Frontera','ES','Andalusia'),('Jersey City','US','New Jersey'),('Jerusalem','IL','Central'),('Jessore','BD','Bangladesh'),('Jhang','PK','Pakistan'),('Jhansi','IN','Uttar Pradesh'),('Jhelum','PK','Pakistan'),('Jiamusi','TJ','Heilongjiang'),('Jiangmen','TJ','Guangdong'),('Jiangyin','TJ','Jiangsu'),('Jiangyou','TJ','Sichuan'),('Jiaonan','TJ','Shandong'),('Jiaoxian','TJ','Shandong'),('Jiaozuo','TJ','Henan'),('Jiaxing','TJ','Zhejiang'),('Jilin','TJ','Jilin'),('Jima','ET','Ethiopia'),('Jinan','TJ','Shandong'),('Jincheng','TJ','Shanxi'),('Jingdezhen','TJ','Jiangxi'),('Jinhua','TJ','Zhejiang'),('Jining','TJ','Nei Monggol'),('Jining','TJ','Shandong'),('Jinxi','TJ','Liaoning'),('Jinzhou','TJ','Liaoning'),('Jiujiang','TJ','Jiangxi'),('Jiutai','TJ','Jilin'),('Jixi','TJ','Heilongjiang'),('Jizzakh','UZ','Jizzakh'),('Joao Pessoa','BR','Paraiba'),('Jodhpur','IN','Rajasthan'),('Joensuu','FI','Pohjols-Karjala'),('Johannesburg','ZA','Gauteng'),('Johor Baharu','MY','Johor'),('Joinvile','BR','Santa Catarina'),('Jokkmokk','SE','Norrbotten'),('Jonkoping','SE','Jonkoping'),('Jorf','MA',''),('Jorf El Melha','MA',''),('Jorf Lasfar','MA',''),('Jos','NG','Nigeria'),('Juazeiro','BR','Bahia'),('Juazeiro do Norte','BR','Ceara'),('Juba','SD','al Istiwaiyah'),('Juiz de Fora','BR','Minas Gerais'),('Juliaca','PE','Puno'),('Jundiai','BR','Sao Paulo'),('Juneau','US','Alaska'),('Jutigalpa','HN','Olancho'),('Jyvaeskylae','FI','Suomi'),('Kabul','AF','Afghanistan'),('Kabwe','ZM','Central'),('Kaduna','NG','Nigeria'),('Kaesong','NOK','North Korea'),('Kafr el Dauwar','EG','El Buhayra'),('Kafr el Sheikh','EG','Kafr el Sheikh'),('Kagoshima','JP','Kagoshima'),('Kaifeng','TJ','Henan'),('Kaili','TJ','Guizhou'),('Kaiserslautern','DE','Rheinland Pfalz'),('Kakamega','KE','Western'),('Kalemie','ZRE','Shaba/Katanga'),('Kaliningrad','RU','Kaliningradskaya oblast'),('Kalisz','PL','Kaliskie'),('Kalmar','SE','Kalmar'),('Kalookan','PH','Philippines'),('Kaluga','RU','Kaluzhskaya oblast'),('Kalyan','IN','Maharashtra'),('Kamensk Uralskiy','RU','Sverdlovskaya oblast'),('Kampala','UG','Uganda'),('Kamyshin','RU','Volgogradskaya oblast'),('Kananga','ZRE','Kasai Occidental'),('Kanazawa','JP','Ishikawa'),('Kangar','MY','Perlis'),('Kanggye','NOK','North Korea'),('Kano','NG','Nigeria'),('Kanpur','IN','Uttar Pradesh'),('Kansas City','US','Kansas'),('Kansas City','US','Missouri'),('Kansk','RU','Krasnoyarskiy kray'),('Kaohsiung','RC','Taiwan'),('Kaolack','SN','Kaolack'),('Kaposvar','HU','Somogy'),('Karabuk','TR','Zonguldak'),('Karachi','PK','Pakistan'),('Karaganda','KAZ','Qaraghandy'),('Karaj','IR','Tehran'),('Karaman','TR','Karaman'),('Karaman Maras','TR','Karamanmaras'),('Karamay','TJ','Xinjiang Uygur'),('Karbala','IQ','Karbala'),('Karia','MA',''),('Karia (El Jadida)‎','MA',''),('Karia Ba Mohamed‎','MA',''),('Kariat Arekmane','MA',''),('Karlskrona','SE','Blekinge'),('Karlsruhe','DE','Baden Wurttemberg'),('Karlstad','SE','Varmland'),('Kars','TR','Kars'),('Kasama','ZM','Northern'),('Kasba Tadla','MA',''),('Kashan','IR','Tehran'),('Kashi','TJ','Xinjiang Uygur'),('Kassala','SD','ash Sharqiyah'),('Kassel','DE','Hessen'),('Kassita','MA',''),('Kastamonu','TR','Kastamonu'),('Kasur','PK','Pakistan'),('Kathmandu','NP','Nepal'),('Katowice','PL','Katowickie'),('Katsina','NG','Nigeria'),('Kattara','MA',''),('Kavalla','GR','Anatoliki Makedhonia kai Thraki'),('Kavaratti','IN','Lakshadweep Is.'),('Kawasaki','JP','Kanagawa'),('Kayseri','TR','Kayseri'),('Kazan','RU','Rep. of Tatarstan'),('Kecskemet','HU','Bacs Kiskun'),('Kediri','ID','Indonesia'),('Keflavik','IS','Iceland'),('Kehf Nsour','MA',''),('Kelaat-M\'Gouna','MA',''),('Kelang','MY','Selangor'),('Kemerovo','RU','Kemerovskaya oblast'),('Kénitra','MA',''),('Kericho','KE','Rift Valley'),('Kerman','IR','Kerman'),('Kerouna','MA',''),('Kerrouchen','MA',''),('Khabarovsk','RU','Khabarovskiy kray'),('Kharkiv','UA','Kharkivska'),('Khartoum','SD','al Khartum'),('Khartoum North','SD','al Khartum'),('Khémis Sahel','MA',''),('Khemis Zemamra','MA',''),('Khémisset','MA',''),('Khenichet','MA',''),('Khénifra','MA',''),('Kherson','UA','Khersonska'),('Khimki','RU','Moskovskaya oblast'),('Khmelnytskyy','UA','Khmelnytska'),('Khomeynishahr','IR','Esfahan'),('Khon Kaen','TH','Thailand'),('Khorramabad','IR','Lorestan'),('Khorramshahr','IR','Khuzestan'),('Khorugh','TJ','Badakhshoni Kuni'),('Khouribga','MA',''),('Khujand','TJ','Khujand'),('Khulna','BD','Bangladesh'),('Khvoy','IR','Azarbayian e Gharbt'),('Kiel','DE','Schleswig Holstein'),('Kielce','PL','Kieleckie'),('Kiev','UA','Kyyivska'),('Kigali','RW','Rwanda'),('Kigoma Ujiji','TZ','Kigoma'),('Kikwit','ZRE','Bandundu'),('Kimberley','ZA','Northern Cape'),('Kineshma','RU','Ivanovskaya oblast'),('Kings Lynn','GB','Norfolk'),('Kingston','GB','Surrey'),('Kingston','JM','Jamaica'),('Kingston','NF','Norfolk Island'),('Kingston upon Hull','GB','Humberside'),('Kingstown','VC','Saint Vincent and the Grenadines'),('Kinshasa','ZRE','Kinshasa'),('Kirikkale','TR','Kirikkale'),('Kirklareli','TR','Kirklareli'),('Kirklees','GB','West Yorkshire'),('Kirkuk','IQ','Ad Tamim'),('Kirkwall','GB','Orkneys'),('Kirov','RU','Kirovskaya oblast'),('Kirovohrad','UA','Kirovohradska'),('Kirsehir','TR','Kirsehir'),('Kisangani','ZRE','Haut Zaire'),('Kiselyovsk','RU','Kemerovskaya oblast'),('Kisii','KE','Nyanza'),('Kislovodsk','RU','Stavropolsky kray'),('Kisumu','KE','Nyanza'),('Kita Kyushu','JP','Fukuoka'),('Kitale','KE','Rift Valley'),('Kitchener','CA','Ontario'),('Kitwe','ZM','Copperbelt'),('Klagenfurt','AT','Carinthia'),('Knowsley','GB','Merseyside'),('Knoxville','US','Tennessee'),('Koani','TZ','Kusini Ujunga'),('Kobe','JP','Hyogo'),('Koblenz','DE','Rheinland Pfalz'),('Kocaeli','TR','Kocaeli'),('Kochi','JP','Kochi'),('Kofu','JP','Yamanashi'),('Kohima','IN','Nagaland'),('Kokchetau','KAZ','Kokchetau'),('Kolda','SN','Kolda'),('Kolhapur','IN','Maharashtra'),('Koln','DE','Nordrhein Westfalen'),('Kolomna','RU','Moskovskaya oblast'),('Kolonia','FM','Micronesia'),('Kolpino','RU','Leningradskaya oblast'),('Kolwezi','ZRE','Shaba/Katanga'),('Komotini','GR','Anatoliki Makedhonia kai Thraki'),('Komsomolsk na Amure','RU','Khabarovskiy kray'),('Konin','PL','Koninskie'),('Konya','TR','Konya'),('Korce','AL','Albania'),('Korfu','GR','Ionioi Nisoi'),('Korla','TJ','Xinjiang Uygur'),('Koror','PW','Palau'),('Kostroma','RU','Kostromskaya oblast'),('Koszalin','PL','Koszalinskie'),('Kota','IN','Rajasthan'),('Kota Baharu','MY','Kelantan'),('Kota Kinabalu','MY','Sabah'),('Kotka','FI','Kymi'),('Kovrov','RU','Vladimirskaya oblast'),('Kozani','GR','Dhytiki Makedhonia'),('Kozhikode','IN','Kerala'),('Krakow','PL','Krakowskie'),('Krasnodar','RU','Krasnodarsky kray'),('Krasnoyarsk','RU','Krasnoyarskiy kray'),('Krefeld','DE','Nordrhein Westfalen'),('Kremenchuk','UA','Poltavska'),('Kristiansand','NO','Vest Agder'),('Kristianstad','SE','Kristianstad'),('Krosno','PL','Krosnienskie'),('Kryvyy Rih','UA','Dnipropetrovska'),('Ksar El Kébir','MA',''),('Kuala Lumpur','MY','Fed. Terr. of Kuala Lumpur'),('Kuala Terengganu','MY','Terengganu'),('Kuantan','MY','Pahang'),('Kuching','MY','Sarawak'),('Kulob','TJ','Kulob'),('Kumamoto','JP','Kumamoto'),('Kumasi','GH','Ghana'),('Kumo','NG','Nigeria'),('Kunming','TJ','Yunnan'),('Kunsan','ROK','South Korea'),('Kunshan','TJ','Jiangsu'),('Kuopio','FI','Kuopio'),('Kurgan','RU','Kurganskaya oblast'),('Kursk','RU','Kurskaya oblast'),('Kusong','NOK','North Korea'),('Kutahya','TR','Kutahya'),('Kuwait','KW','Kuwait'),('Kuznetsk','RU','Penzenskaya oblast'),('Kwangju','ROK','South Korea'),('Kyoto','JP','Kyoto'),('Kyzyl','RU','Rep. of Tyva'),('La Ascuncion','VE','Nueva Esparta'),('La Ceiba','HN','Atlantida'),('La Coruna','ES','Galicia'),('La Esperanza','HN','Intibuca'),('La Laguna','ES','Canary Islands'),('La Matanza','AR','Buenos Aires'),('La Palma','PA','Darien'),('La Paz','BO','Bolivia'),('La Paz','HN','La Paz'),('La Paz','MX','Baja California Sur'),('La Plata','AR','Buenos Aires'),('La Rioja','AR','La Rioja'),('La Spezia','IT','Liguria'),('Laaounate','MA',''),('Laâtamna','MA',''),('Lâattaouia','MA',''),('Laayoune‎','MA',''),('Labuan','MY','Fed. Terr. of Labuan'),('Lafayette','US','Louisiana'),('Lafia','NG','Nigeria'),('Lages','BR','Santa Catarina'),('Lagos','NG','Nigeria'),('Lahore','PK','Pakistan'),('Lahore Cantonment','PK','Pakistan'),('Lahti','FI','Haeme'),('Laiwu','TJ','Shandong'),('Laiyang','TJ','Shandong'),('Lakewood','US','Colorado'),('Lakhsas','MA',''),('Lakhsass','MA',''),('Lalla Mimouna','MA',''),('Lalla Takerkoust','MA',''),('Lamia','GR','Sterea Ellas'),('Lancaster','GB','Lancashire'),('Lancaster','US','California'),('Lansing','US','Michigan'),('Lanus','AR','Buenos Aires'),('Lanzhou','TJ','Gansu'),('Laohekou','TJ','Hubei'),('Lappeenrenta','FI','Kymi'),('LAquila','IT','Abruzzo'),('Larache','MA',''),('Laredo','US','Texas'),('Larisa','GR','Thessalia'),('Larkana','PK','Pakistan'),('Las Palmas de Gran Canaria','ES','Canary Islands'),('Las Tablas','PA','Los Santos'),('Las Vegas','US','Nevada'),('Latina','IT','Lazio'),('Lausanne','CH','VD'),('Laval','CA','Quebec'),('Le Havre','FR','Haute Normandie'),('Le Mans','FR','Pays de la Loire'),('Lecce','IT','Puglia'),('Leeds','GB','West Yorkshire'),('Leeuwarden','NL','Friesland'),('Leganes','ES','Madrid'),('Legnica','PL','Legnickie'),('Leichester','GB','Leicestershire'),('Leiden','NL','Zuid Holland'),('Leipzig','DE','Sachsen'),('Leiria','PT','Leiria'),('Leiyang','TJ','Hunan'),('Lelystad','NL','Flevoland'),('Lengshuijiang','TJ','Hunan'),('Leninsk','KAZ','Leninsk (munic.)'),('Leninsk Kuznetskiy','RU','Kemerovskaya oblast'),('Leon','ES','Castile and Leon'),('Leon','MX','Guanajuato'),('Leon','NI','Nicaragua'),('Lerwick','GB','Shetland'),('Leshan','TJ','Sichuan'),('Leszno','PL','Leszczynskie'),('Leticia','CO','Amazonas'),('Leverkusen','DE','Nordrhein Westfalen'),('Lewes','GB','East Sussex'),('Lexington Fayette','US','Kentucky'),('Lhasa','TJ','Tibet'),('Liancheng','TJ','Shandong'),('Lianyungang','TJ','Jiangsu'),('Liaocheng','TJ','Shandong'),('Liaoyang','TJ','Liaoning'),('Liaoyuan','TJ','Jilin'),('Liberec','CZ','Severocesky'),('Liberia','CR','Guanacaste'),('Libreville','GA','Gabon'),('Lichinga','MZ','Niassa'),('Liege','BE','Liege'),('Liestal','CH','BL'),('Likasi','ZRE','Shaba/Katanga'),('Liling','TJ','Hunan'),('Lille','FR','Nord Pas de Calais'),('Lillehammer','NO','Oppland'),('Lilongwe','MW','Malawi'),('Lima','PE','Lima'),('Limeira','BR','Sao Paulo'),('Limoges','FR','Limousin'),('Limon','CR','Limon'),('Lincoln','GB','Lincolnshire'),('Lincoln','US','Nebraska'),('Lindi','TZ','Lindi'),('Linfen','TJ','Shanxi'),('Linhares','BR','Espirito Santo'),('Linhe','TJ','Nei Monggol'),('Linkoping','SE','Ostergotland'),('Linqing','TJ','Shandong'),('Linyi','TJ','Shandong'),('Linz','AT','Upper Austria'),('Lipetsk','RU','Lipetskaya oblast'),('Lisbon','PT','Lisbon'),('Little Rock','US','Arkansas'),('Liupanshui','TJ','Guizhou'),('Liuzhou','TJ','Guangxi Zhuangzu'),('Liverpool','GB','Merseyside'),('Livingstone','ZM','Southern'),('Livonia','US','Michigan'),('Livorno','IT','Toscana'),('Liyang','TJ','Jiangsu'),('Ljubljana','SI','Slovenia'),('Llandrindod Wells','GB','Powys'),('Llangefni','GB','Anglesey'),('Lleida','ES','Catalonia'),('Lodz','PL','Lodzkie'),('Logrono','ES','Rioja'),('Loikaw','MYA','Kayah'),('Lomas de Zamoras','AR','Buenos Aires'),('Lome','TG','Togo'),('Lomza','PL','Lomzynskie'),('London','CA','Ontario'),('London','GB','Greater London'),('Londrina','BR','Parana'),('Long Beach','US','California'),('Long Xuyen','VN','Vietnam'),('Longjing','TJ','Jilin'),('Longkou','TJ','Shandong'),('Longueuil','CA','Quebec'),('Longyan','TJ','Fujian'),('Longyearbyen','SJ','Svalbard'),('Los Angeles','US','California'),('Los Mochis','MX','Sinaloa'),('Los Teques','VE','Miranda'),('Loudaya','MA',''),('Loudi','TJ','Hunan'),('Louga','SN','Louga'),('Louisville','US','Kentucky'),('Loulad','MA',''),('Lowell','US','Massachusetts'),('Lqliâa','MA',''),('Luan','TJ','Anhui'),('Luanda','AO','Luanda'),('Luanshya','ZM','Copperbelt'),('Lubango','AO','Huila'),('Lubbock','US','Texas'),('Lubeck','DE','Schleswig Holstein'),('Lublin','PL','Lubelskie'),('Lubumbashi','ZRE','Shaba/Katanga'),('Lucapa','AO','Lunda Norte'),('Lucknow','IN','Uttar Pradesh'),('Ludhiana','IN','Punjab'),('Ludwigshafen','DE','Rheinland Pfalz'),('Luena','AO','Moxico'),('Luhansk','UA','Luhanska'),('Lulea','SE','Norrbotten'),('Luohe','TJ','Henan'),('Luoyang','TJ','Henan'),('Lusaka','ZM','Lusaka'),('Luton','GB','Bedfordshire'),('Lutsk','UA','Volynska'),('Luxembourg','LU','Luxembourg'),('Luzern','CH','LU'),('Luzhou','TJ','Sichuan'),('Luziania','BR','Goias'),('Lviv','UA','Lvivska'),('Lyallpur','PK','Pakistan'),('Lyon','FR','Rhone Alpes'),('Lyubertsy','RU','Moskovskaya oblast'),('M\'diq','MA',''),('M\'haya','MA',''),('M\'rirt','MA',''),('M\'semrir','MA',''),('Maanshan','TJ','Anhui'),('Maastricht','NL','Limburg'),('Macae','BR','Rio de Janeiro'),('Macapa','BR','Amapa'),('Macau','MO','Macau'),('Macclesfield','GB','Cheshire'),('Maceio','BR','Alagoas'),('Machakos','KE','Eastern'),('Macon','US','Georgia'),('Madagh','MA',''),('Madison','US','Wisconsin'),('Madiun','ID','Indonesia'),('Madras','IN','Tamil Nadu'),('Madrid','ES','Madrid'),('Madurai','IN','Tamil Nadu'),('Maebashi','JP','Gumma'),('Magadan','RU','Magadanskaya oblast'),('Magdeburg','DE','Sachsen Anhalt'),('Mage','BR','Rio de Janeiro'),('Magelang','ID','Indonesia'),('Magnitogorsk','RU','Chelyabinskaya oblast'),('Magway','MYA','Magway'),('Maidstone','GB','Kent'),('Maiduguri','NG','Nigeria'),('Mainz','DE','Rheinland Pfalz'),('Majunga','MG','Mahajanga'),('Majuro','MH','Marshall Islands'),('Makati','PH','Philippines'),('Makhachkala','RU','Rep. of Dagestan'),('Makiyivka','UA','Donetska'),('Makurdi','NG','Nigeria'),('Malabo','GQ','Equatorial Guinea'),('Malaga','ES','Andalusia'),('Malakal','SD','Aali an Nil'),('Malambo','CO','Atlantico'),('Malang','ID','Indonesia'),('Malanje','AO','Malanje'),('Malatya','TR','Malatya'),('Malayer','IR','Hamadan'),('Male','MV','Maldives'),('Malindi','KE','Coast'),('Malmo','SE','Malmohus'),('Mamoutzou','YT','Mayotte'),('Manado','ID','Indonesia'),('Managua','NI','Nicaragua'),('Manama','BH','Bahrain'),('Manaus','BR','Amazonas'),('Manchester','GB','Greater Manchester'),('Manchester','US','New Hampshire'),('Mandalay','MYA','Mandalay'),('Mangangue','CO','Bolivar'),('Manila','PH','Philippines'),('Manisa','TR','Manisa'),('Manizales','CO','Caldas'),('Mannheim','DE','Baden Wurttemberg'),('Mansa','ZM','Luapula'),('Mansfield','GB','Nottinghamshire'),('Manzanillo','CU','Granma'),('Manzhouli','TJ','Nei Monggol'),('Maoming','TJ','Guangdong'),('Maputo','MZ','Maputo (munic.)'),('Mar del Plata','AR','Buenos Aires'),('Maraba','BR','Para'),('Maracaibo','VE','Zulia'),('Maracanau','BR','Ceara'),('Maracay','VE','Aragua'),('Maragheh','IR','Azarbayian e Gharbt'),('Mardan','PK','Pakistan'),('Mardin','TR','Mardin'),('Marghilon','UZ','Farghona'),('Mariehamn','FI','Aland'),('Mariestad','SE','Skaraborg'),('Marigot','GP','Saint Martin'),('Marilia','BR','Sao Paulo'),('Maringa','BR','Parana'),('Mariupol','UA','Donetska'),('Markham','CA','Ontario'),('Maroua','CM','Nord extreme'),('Marrakech','MA',''),('Marsa Matruh','EG','Matruh'),('Marseille','FR','Provence Cote dAzur'),('Martil','MA',''),('Mary','TM','Mary'),('Masan','ROK','South Korea'),('Masaya','NI','Nicaragua'),('Maseru','LS','Lesotho'),('Mashhad','IR','Khorasan'),('Masjed e Soleyman','IR','Khuzestan'),('Massa (Maroc)','MA',''),('Mata-Utu','WF','Wallis and Futuna'),('Matadi','ZRE','Bas Zaire'),('Matala','MZ','Maputo'),('Matamoros','MX','Tamaulipas'),('Matanzas','CU','Matanzas'),('Mataro','ES','Catalonia'),('Matlock','GB','Derbyshire'),('Matsue','JP','Shimane'),('Matsuyama','JP','Ehime'),('Maturin','VE','Monagas'),('Maua','BR','Sao Paulo'),('Maykop','RU','Rep. of Adygeya'),('Mazatlan','MX','Sinaloa'),('Mbabane','SZ','Swaziland'),('Mbandaka','ZRE','Equateur'),('Mbanza Congo','AO','Zaire'),('Mbeya','TZ','Mbeya'),('Mbuji Mayi','ZRE','Kasai Oriental'),('McAllen','US','Texas'),('Mechra Bel Ksiri','MA',''),('Medan','ID','Indonesia'),('Medellin','CO','Antioquia'),('Médiouna','MA',''),('Meerut','IN','Uttar Pradesh'),('Megousse','MA',''),('Mehdia','MA',''),('Mehrshahr','IR','Tehran'),('Meihekou','TJ','Jilin'),('Meixian','TJ','Guangdong'),('Mejicanos','SV','El Salvador'),('Mekele','ET','Ethiopia'),('Meknès‎','MA',''),('Melaka','MY','Melaka'),('Melbourne','AU','Victoria'),('Melekeok','PW','Palau'),('Memphis','US','Tennessee'),('Mendoza','AR','Mendoza'),('Menongue','AO','Cuando Cubango'),('Merida','ES','Estremadura'),('Merida','MX','Yucatan'),('Merida','VE','Merida'),('Mersin','TR','Icel'),('Merthyr Tydfil','GB','Merthyr Tydfil'),('Meru','KE','Eastern'),('Mesa','US','Arizona'),('Mesquite','US','Texas'),('Messina','IT','Sicilia'),('Metz','FR','Lorraine'),('Mexicali','MX','Baja California'),('Mexico City','MX','Distrito Federal'),('Mezhdurechensk','RU','Kemerovskaya oblast'),('Miami','US','Florida'),('Mianyang','TJ','Sichuan'),('Miass','RU','Chelyabinskaya oblast'),('Michurinsk','RU','Tambovskaya oblast'),('Midar','MA',''),('Middelburg','NL','Zeeland'),('Middlesbrough','GB','Cleveland'),('Midelt','MA',''),('Miercurea Ciuc','RO','Harghita'),('Mikkeli','FI','Mikkeli'),('Milan','IT','Lombardia'),('Milton Keynes','GB','Buckinghamshire'),('Milwaukee','US','Wisconsin'),('Minatitlan','MX','Veracruz'),('Minna','NG','Nigeria'),('Minneapolis','US','Minnesota'),('Minsk','BY','Belarus'),('Mirpur Khas','PK','Pakistan'),('Mishan','TJ','Heilongjiang'),('Miskolc','HU','Miskolc (munic.)'),('Mississauga','CA','Ontario'),('Missour','MA',''),('Mito','JP','Ibaraki'),('Mitu','CO','Vaupes'),('Mixco','GT','Guatemala'),('Miyazaki','JP','Miyazaki'),('Mkokotoni','TZ','Kaskazini Ujunga'),('Mmabatho','ZA','North West'),('Mobile','US','Alabama'),('Mocoa','CO','Putumayo'),('Modena','IT','Emilia Romagna'),('Modesto','US','California'),('Moers','DE','Nordrhein Westfalen'),('Mogadishu','SO','Somalia'),('Mohammédia','MA',''),('Moji das Cruzes','BR','Sao Paulo'),('Moji Guacu','BR','Sao Paulo'),('Mokpo','ROK','South Korea'),('Mold','GB','Flintshire'),('Molde','NO','Moere og Romsdal'),('Mombasa','KE','Coast'),('Monaco','MC','Monaco'),('Monchengladbach','DE','Nordrhein Westfalen'),('Monclova','MX','Coahuila'),('Mongu','ZM','Western'),('Monrovia','LR','Liberia'),('Mons','BE','Hainaut'),('Monteria','CO','Cordoba'),('Monterrey','MX','Nuevo Leon'),('Montes Claros','BR','Minas Gerais'),('Montevideo','UY','Uruguay'),('Montgomery','US','Alabama'),('Montpelier','US','Vermont'),('Montpellier','FR','Languedoc Roussillon'),('Montreal','CA','Quebec'),('Monywa','MYA','Sagaing'),('Monza','IT','Lombardia'),('Moqrisset','MA',''),('Moquegua','PE','Moquegua'),('Moradabad','IN','Uttar Pradesh'),('Morelia','MX','Michoacan'),('Moreno Valley','US','California'),('Morioka','JP','Iwate'),('Morogoro','TZ','Morogoro'),('Moron','AR','Buenos Aires'),('Moroni','KM','Comoros'),('Moscow','RU','Moskva'),('Moshi','TZ','Kilimanjaro'),('Moss','NO','Oestfold'),('Mossoro','BR','Rio Grande do Norte'),('Mostaganem','DZ','Algeria'),('Mostoles','ES','Madrid'),('Mosul','IQ','Ninawa'),('Moulay Abdallah','MA',''),('Moulay Ali Cherif','MA',''),('Moulay Bouazza','MA',''),('Moulay Bousselham','MA',''),('Moulay Brahim','MA',''),('Moulay Idriss Zerhoun','MA',''),('Moulay Yaâcoub','MA',''),('Moulmein','MYA','Mon'),('Moussaoua','MA',''),('Moyobamba','PE','San Martin'),('Mtwara Mikandani','TZ','Mtwara'),('Mudanjiang','TJ','Heilongjiang'),('Mufulira','ZM','Copperbelt'),('Mugla','TR','Mugla'),('Mulheim an der Ruhr','DE','Nordrhein Westfalen'),('Mulhouse','FR','Alsace'),('Multan','PK','Pakistan'),('Mumbai','IN','Maharashtra'),('Munich','DE','Bayern'),('Munster','DE','Nordrhein Westfalen'),('Murcia','ES','Murcia'),('Murmansk','RU','Murmanskaya oblast'),('Murom','RU','Vladimirskaya oblast'),('Mus','TR','Mus'),('Muscat','OM','Oman'),('Mushin','NG','Nigeria'),('Musoma','TZ','Mara'),('Mwanza','TZ','Mwanza'),('Mwene Ditu','ZRE','Kasai Oriental'),('MyAliCherif','MA',''),('Myitkyina','MYA','Kachin'),('Mykolayiv','UA','Mykolayivska'),('Mymensingh','BD','Bangladesh'),('Mysore','IN','Karnataka'),('Mytilini','GR','Voreion Aiyaion'),('Mytishchi','RU','Moskovskaya oblast'),('Mzouda','MA',''),('N\'Zalat Bni Amar','MA',''),('Naberezhnye Chelny','RU','Rep. of Tatarstan'),('Nablus','WEST','West Bank'),('Nacala','MZ','Maputo'),('Nacaome','HN','Valle'),('Nador','MA',''),('Nagano','JP','Nagano'),('Nagasaki','JP','Nagasaki'),('Nagoya','JP','Aichi'),('Nagpur','IN','Maharashtra'),('Naha','JP','Okinawa'),('Naima','MA',''),('Nairobi','KE','Nairobi'),('Najafabad','IR','Esfahan'),('Nakhodka','RU','Primorsky kray'),('Nakhon Ratchasima','TH','Thailand'),('Nakhon Sawan','TH','Thailand'),('Nakhon si Thammarat','TH','Thailand'),('Nakuru','KE','Rift Valley'),('Nalchik','RU','Kabardino Balkar Rep.'),('Nam Dinh','VN','Vietnam'),('Namangan','UZ','Namangan'),('Namibe','AO','Namibe'),('Nampo','NOK','North Korea'),('Nampula','MZ','Nampula'),('Namur','BE','Namur'),('Nanchang','TJ','Jiangxi'),('Nanchong','TJ','Sichuan'),('Nancy','FR','Lorraine'),('Nanjing','TJ','Jiangsu'),('Nanning','TJ','Guangxi Zhuangzu'),('Nanping','TJ','Fujian'),('Nantes','FR','Pays de la Loire'),('Nantong','TJ','Jiangsu'),('Nanyang','TJ','Henan'),('Naogaon','BD','Bangladesh'),('Naperville','US','Illinois'),('Napoli','IT','Campania'),('Nara','JP','Nara'),('Narayanganj','BD','Bangladesh'),('Narsinghdi','BD','Bangladesh'),('Narvik','NO','Nordland'),('Nashville','US','Tennessee'),('Nashville Davidson','US','Tennessee'),('Nasik','IN','Maharashtra'),('Nassau','BS','Bahamas'),('Natal','BR','Rio Grande do Norte'),('Nawabganj','BD','Bangladesh'),('Nawabshah','PK','Pakistan'),('Nawoiy','UZ','Nawoiy'),('Nazareth','IL','North'),('Nazran','RU','Rep. of Ingushetiya'),('Nazret','ET','Ethiopia'),('Ndalatando','AO','Cuanza Norte'),('NDjamena','TD','Chad'),('Ndola','ZM','Copperbelt'),('Nebitdag','TM','Balkan'),('Neftekamsk','RU','Stavropolsky kray'),('Neijiang','TJ','Sichuan'),('Neiva','CO','Huila'),('Nelspruit','ZA','Mpumalanga'),('Nepean','CA','Ontario'),('Neuchatel','CH','NE'),('Neuquen','AR','Neuquen'),('Neuss','DE','Nordrhein Westfalen'),('Nevinnomyssk','RU','Stavropolsky kray'),('Nevsehir','TR','Nevsehir'),('New Bombay','IN','Maharashtra'),('New Delhi','IN','Delhi'),('New Haven','US','Connecticut'),('New Orleans','US','Louisiana'),('New York','US','New York'),('Newark','US','New Jersey'),('Newark on Trent','GB','Nottinghamshire'),('Newbury','GB','Berkshire'),('Newcastle','AU','New South Wales'),('Newcastle under Lyme','GB','Staffordshire'),('Newcastle upon Tyne','GB','Tyne and Wear'),('Newport','GB','Newport'),('Newport News','US','Virginia'),('Newtown St. Boswells','GB','Borders'),('Neyshabur','IR','Khorasan'),('Nezahualcoyotl','MX','Chiapas'),('Ngaoundere','CM','Adamaoua'),('Ngiva','AO','Cunene'),('Nha Trang','VN','Vietnam'),('Niamey','NE','Niger'),('Nice','FR','Provence Cote dAzur'),('Nicosia','CY','Cyprus'),('Nigde','TR','Nigde'),('Niigata','JP','Niigata'),('Nijmegen','NL','Gelderland'),('Nilopolis','BR','Rio de Janeiro'),('Nimes','FR','Languedoc Roussillon'),('Ningbo','TJ','Zhejiang'),('Niteroi','BR','Rio de Janeiro'),('Nizhnekamsk','RU','Rep. of Tatarstan'),('Nizhnevartovsk','RU','Tyumenskaya oblast'),('Nizhniy Novgorod','RU','Nizhegorodskaya oblast'),('Nizhniy Tagil','RU','Sverdlovskaya oblast'),('Noginsk','RU','Moskovskaya oblast'),('Nonthaburi','TH','Thailand'),('Norfolk','US','Virginia'),('Norilsk','RU','Krasnoyarskiy kray'),('Norrkoping','SE','Ostergotland'),('North York','CA','Ontario'),('Northallerton','GB','North Yorkshire'),('Northampton','GB','Northamptonshire'),('Norwalk','US','California'),('Norwich','GB','Norfolk'),('Nossa Senhora do Socorro','BR','Sergipe'),('Nottingham','GB','Nottinghamshire'),('Nouakchott','MR','Mauritania'),('Noumea','NC','New Caledonia'),('Nova Friburgo','BR','Rio de Janeiro'),('Novara','IT','Piemonte'),('Novgorod','RU','Novgorodskaya oblast'),('Novo Hamburgo','BR','Rio Grande do Sul'),('Novo Iguacu','BR','Rio de Janeiro'),('Novocheboksarsk','RU','Chuvash Republic'),('Novocherkassk','RU','Rostovskaya oblast'),('Novokuybyshevsk','RU','Samarskaya oblast'),('Novokuznetsk','RU','Kemerovskaya oblast'),('Novomoskovsk','RU','Tulskaya oblast'),('Novorossiysk','RU','Krasnodarsky kray'),('Novoshakhtinsk','RU','Rostovskaya oblast'),('Novosibirsk','RU','Novosibirskaya oblast'),('Novotroitsk','RU','Orenburgskaya oblast'),('Nowy Sacz','PL','Nowosadeckie'),('Nueva Gerona','CU','Isla de la Juventud'),('Nueva San Salvador','SV','El Salvador'),('Nuevo Laredo','MX','Tamaulipas'),('Nukualofa','TO','Tonga'),('Nukus','UZ','Qaraqalpoghiston'),('Nuneaton','GB','Warwickshire'),('Nurnberg','DE','Bayern'),('Nuuk','GL','Greenland'),('Nyala','SD','Darfur'),('Nyeri','KE','Central'),('Nyiregyhaza','HU','Szabolcs Szatmar'),('Nykoping','SE','Sodermanland'),('Oakland','US','California'),('Oaxaca','MX','Oaxaca'),('Oberhausen','DE','Nordrhein Westfalen'),('Obninsk','RU','Kaluzhskaya oblast'),('Oceanside','US','California'),('Ocotepeque','HN','Ocotepeque'),('Odense','DK','Denmark'),('Odesa','UA','Odeska'),('Odintsovo','RU','Moskovskaya oblast'),('Offa','NG','Nigeria'),('Offenbach am Main','DE','Hessen'),('Ogbomosho','NG','Nigeria'),('Oita','JP','Oita'),('Oka','NG','Nigeria'),('Okara','PK','Pakistan'),('Okayama','JP','Okayama'),('Okhotsk','RU','Magadanskaya oblast'),('Oklahoma City','US','Oklahoma'),('Oktyabrsky','RU','Rep. of Bashkortostan'),('Olanchito','HN','Yoro'),('Oldenburg','DE','Niedersachsen'),('Oldham','GB','Greater Manchester'),('Olinda','BR','Rio de Janeiro'),('Olmaliq','UZ','Toshkent'),('Olomouc','CZ','Severomoravsky'),('Olsztyn','PL','Olsztynskie'),('Olympia','US','Washington'),('Omaha','US','Nebraska'),('Omdurman','SD','al Khartum'),('Omsk','RU','Omskaya oblast'),('Ondo','NG','Nigeria'),('Onitsha','NG','Nigeria'),('Ontario','US','California'),('Opole','PL','Opolskie'),('Oradea','RO','Bihor'),('Oral','KAZ','Batys Qazaqstan'),('Oran','DZ','Algeria'),('Orange','US','California'),('Oranjestad','AW','Aruba'),('Ordu','TR','Ordu'),('Orebro','SE','Orebro'),('Orekhovo Zuyevo','RU','Moskovskaya oblast'),('Orel','RU','Orjolskaya oblast'),('Orenburg','RU','Orenburgskaya oblast'),('Orense','ES','Galicia'),('Orizaba','MX','Veracruz'),('Orlando','US','Florida'),('Orleans','FR','Centre'),('Orsk','RU','Orenburgskaya oblast'),('Orumiyeh','IR','Azarbayian e Gharbt'),('Osaka','JP','Osaka'),('Osasco','BR','Sao Paulo'),('Oshawa','CA','Ontario'),('Oshogbo','NG','Nigeria'),('Oskemen','KAZ','Shyghys Qazaqstan'),('Oslo','NO','Oslo'),('Osmaniye','TR','Adana'),('Osnabruck','DE','Niedersachsen'),('Ostersund','SE','Jamtland'),('Ostrava','CZ','Severomoravsky'),('Ostroleka','PL','Ostroleckie'),('Otsu','JP','Shiga'),('Ottawa','CA','Ontario'),('Ouagadougou','BF','Burkina Faso'),('Oualidia','MA',''),('Ouaouizeght','MA',''),('Ouaoumana','MA',''),('Ouarzazate','MA',''),('Oued Amlil‎','MA',''),('Oued Heimer','MA',''),('Oued Ifrane','MA',''),('Oued Laou','MA',''),('Oued Rmel','MA',''),('Oued Zem','MA',''),('Oued-Eddahab ','MA',''),('Ouezzane','MA',''),('Oujda','MA',''),('Oulad Abbou','MA',''),('Oulad Amrane','MA',''),('Oulad Ayad','MA',''),('Oulad Berhil','MA',''),('Oulad Frej','MA',''),('Oulad Ghadbane','MA',''),('Oulad H\'Riz Sahel','MA',''),('Oulad M\'Barek','MA',''),('Oulad M\'rah','MA',''),('Oulad Saïd','MA',''),('Oulad Sidi Ben Daoud','MA',''),('Oulad Teïma','MA',''),('Oulad Yaich','MA',''),('Oulad Zbair‎','MA',''),('Ouled Tayeb','MA',''),('Oulmès','MA',''),('Oulu','FI','Oulu'),('Ounagha','MA',''),('Outat El Haj','MA',''),('Overland Park','US','Kansas'),('Oviedo','ES','Asturias'),('Owo','NG','Nigeria'),('Oxford','GB','Oxfordshire'),('Oxnard','US','California'),('Oyo','NG','Nigeria'),('Pabna','BD','Bangladesh'),('Pachuca','MX','Hidalgo'),('Pachuca de Soto','MX','Hidalgo'),('Padang','ID','Indonesia'),('Paderborn','DE','Nordrhein Westfalen'),('Padova','IT','Veneto'),('Pago Pago','AS','American Samoa'),('Palangkaraya','ID','Indonesia'),('Palembang','ID','Indonesia'),('Palermo','IT','Sicilia'),('Palikir','FM','Micronesia'),('Palma de Mallorca','ES','Balearic Islands'),('Palmas','BR','Tocantins'),('Palmdale','US','California'),('Palmira','CO','Valle de Cauca'),('Pamplona','ES','Navarre'),('Panaji','IN','Goa'),('Panama City','PA','Panama'),('Panchiao','RC','Taiwan'),('Pangkal Pinang','ID','Indonesia'),('Panshan','TJ','Liaoning'),('Papeete','PF','French Polynesia'),('Paramaribo','SR','Suriname'),('Parana','AR','Entre Rios'),('Paranagua','BR','Parana'),('Pardubice','CZ','Vychodocesky'),('Pare Pare','ID','Indonesia'),('Paris','FR','Ile de France'),('Parma','IT','Emilia Romagna'),('Parnaiba','BR','Maranhao'),('Pasadena','US','California'),('Pasadena','US','Texas'),('Pasay','PH','Philippines'),('Pasig','PH','Philippines'),('Passo Fundo','BR','Rio Grande do Sul'),('Pasto','CO','Narino'),('Pasuruan','ID','Indonesia'),('Paterson','US','New Jersey'),('Pathein','MYA','Ayeyarwady'),('Patna','IN','Bihar'),('Patos de Minas','BR','Minas Gerais'),('Patrai','GR','Dhytiki Ellas'),('Paulista','BR','Pernambuco'),('Pavlodar','KAZ','Pavlodar'),('Pecs','HU','Pecs (munic.)'),('Pekalongan','ID','Indonesia'),('Pekan Baru','ID','Indonesia'),('Pelotas','BR','Rio Grande do Sul'),('Pematang Siantar','ID','Indonesia'),('Pemba','MZ','Cabo Delgado'),('Pembroke Pines','US','Florida'),('Penang','MY','Pulau Pinang'),('Penonome','PA','Cocle'),('Penza','RU','Penzenskaya oblast'),('Peoria','US','Illinois'),('Pereira','CO','Risaralda'),('Perm','RU','Permskaya oblast'),('Perpignan','FR','Languedoc Roussillon'),('Perth','AU','Western Australia'),('Perugia','IT','Umbria'),('Pervouralsk','RU','Sverdlovskaya oblast'),('Pescara','IT','Abruzzo'),('Peshawar','PK','Pakistan'),('Petaling Jaya','MY','Fed. Terr. of Kuala Lumpur'),('Petare','VE','Miranda'),('Peterborough','GB','Cambridgeshire'),('Petrolina','BR','Pernambuco'),('Petropavl','KAZ','Soltustik Qazaqstan'),('Petropavlovsk Kamchatsky','RU','Kamchatskaya oblast'),('Petropolis','BR','Rio de Janeiro'),('Petrozavodsk','RU','Rep. of Karelia'),('Pforzheim','DE','Baden Wurttemberg'),('Philadelphia','US','Pennsylvania'),('Phnom Penh','KH','Cambodia'),('Phoenix','US','Arizona'),('Piacenza','IT','Emilia Romagna'),('Piatra Neamt','RO','Neamt'),('Pierre','US','South Dakota'),('Pietermaritzburg','ZA','Kwazulu Natal'),('Pietersburg','ZA','Limpopo'),('Pila','PL','Pilskie'),('Pimpri Chinchwad','IN','Maharashtra'),('Pinar del Rio','CU','Pinar del Rio'),('Pindamonhangaba','BR','Sao Paulo'),('Pingdingshan','TJ','Henan'),('Pingdu','TJ','Shandong'),('Pingtung','RC','Taiwan'),('Pingxiang','TJ','Jiangxi'),('Piotrkow Trybunalski','PL','Piotrkowskie'),('Piracicaba','BR','Sao Paulo'),('Piraeus','GR','Attiki'),('Pisa','IT','Toscana'),('Pitesti','RO','Arges'),('Pittsburgh','US','Pennsylvania'),('Piura','PE','Piura'),('Plano','US','Texas'),('Plock','PL','Plockie'),('Ploiesti','RO','Prahova'),('Plymouth','GB','Devon'),('Plymouth','MS','Montserrat'),('Plzen','CZ','Zapadocesky'),('Pocos de Caldas','BR','Minas Gerais'),('Podgorica','ME','Montenegro'),('Podolsk','RU','Moskovskaya oblast'),('Point Cires','MA',''),('Poitiers','FR','Poitou Charentes'),('Poltava','UA','Poltavska'),('Pomona','US','California'),('Pondicherry','IN','Pondicherry'),('Ponta Delgada','PT','Azores'),('Ponta Grossa','BR','Parana'),('Pontianak','ID','Indonesia'),('Pontypool','GB','Torfaen'),('Poole','GB','Dorset'),('Popayan','CO','Cauca'),('Pori','FI','Turku-Pori'),('Port Blair','IN','Andaman and Nicobar Is.'),('Port Elizabeth','ZA','Eastern Cape'),('Port Harcourt','NG','Nigeria'),('Port Louis','MU','Mauritius'),('Port Moresby','PG','Papua New Guinea'),('Port Sudan','SD','ash Sharqiyah'),('Port Talbot','GB','Neath and Port Talbot'),('Port-au-Prince','HT','Haiti'),('Port-of-Spain','TT','Trinidad and Tobago'),('Port-Vila','VU','Vanuatu'),('Portalegre','PT','Portalegre'),('Portland','US','Oregon'),('Porto','PT','Porto'),('Porto Alegre','BR','Rio Grande do Sul'),('Porto Velho','BR','Rondonia'),('Porto-Novo','BJ','Benin'),('Portsmouth','GB','Hampshire'),('Portsmouth','US','Virginia'),('Posadas','AR','Misiones'),('Potenza','IT','Basilicata'),('Potsdam','DE','Brandenburg'),('Poza Rica','MX','Veracruz'),('Poznan','PL','Poznanskie'),('Prague','CZ','Praha'),('Praia','CV','Cape Verde'),('Praia Grande','BR','Santa Catarina'),('Prato','IT','Toscana'),('Presidente Prudente','BR','Sao Paulo'),('Preston','GB','Lancashire'),('Pretoria','ZA','Gauteng'),('Pristina','CS','Kosovo'),('Probolinggo','ID','Indonesia'),('Prokopyevsk','RU','Kemerovskaya oblast'),('Providence','US','Rhode Island'),('Przemysl','PL','Przemyskie'),('Pskov','RU','Pskovskaya oblast'),('Pucallpa','PE','Ucayali'),('Puebla','MX','Puebla'),('Puerto Ayacucho','VE','Amazonas'),('Puerto Cabello','VE','Carabobo'),('Puerto Carreno','CO','Vichada'),('Puerto Cortes','HN','Cortes'),('Puerto Inirida','CO','Guainia'),('Puerto La Cruz','VE','Anzoategui'),('Puerto Lempira','HN','Gracias a Dios'),('Puerto Maldonado','PE','Madre de Dios'),('Pune','IN','Maharashtra'),('Puno','PE','Puno'),('Puntarenas','CR','Puntarenas'),('Puqi','TJ','Hubei'),('Pusan','ROK','South Korea'),('Puyang','TJ','Henan'),('Pyatigorsk','RU','Stavropolsky kray'),('Pyongyang','NOK','North Korea'),('Qaemshahr','IR','Mazandaran'),('Qarshi','UZ','Qasqadare'),('Qazvin','IR','Tehran'),('Qena','EG','Qena'),('Qianjiang','TJ','Sichuan'),('Qingdao','TJ','Shandong'),('Qinhuangdao','TJ','Hebei'),('Qinzhou','TJ','Guangxi Zhuangzu'),('Qiqihar','TJ','Heilongjiang'),('Qitaihe','TJ','Heilongjiang'),('Qom','IR','Tehran'),('Qostanay','KAZ','Qostanay'),('Quanzhou','TJ','Fujian'),('Quebec','CA','Quebec'),('Queimados','BR','Rio de Janeiro'),('Quelimane','MZ','Zambezia'),('Queretaro','MX','Queretaro'),('Quetta','PK','Pakistan'),('Quezon','PH','Philippines'),('Qui Nhon','VN','Vietnam'),('Quibdo','CO','Choco'),('Quilmes','AR','Buenos Aires'),('Quito','EC','Ecuador'),('Qujing','TJ','Yunnan'),('Quqon','UZ','Farghona'),('Qurghonteppa','TJ','Khatlon'),('Quzhou','TJ','Hebei'),('Qyzylorda','KAZ','Qyzylorda'),('Rabat','MA',''),('Radom','PL','Radomskie'),('Rahim Yar Khan','PK','Pakistan'),('Raipur','IN','Madhya Pradesh'),('Rajahmundry','IN','Andhra Pradesh'),('Rajaishahr','IR','Tehran'),('Rajkot','IN','Gujarat'),('Rajshahi','BD','Bangladesh'),('Raleigh','US','North Carolina'),('Ramla','IL','Central'),('Ranchi','IN','Bihar'),('Rancho Cucamonga','US','California'),('Randers','DK','Denmark'),('Rangoon','MYA','Yangon'),('Rangpur','BD','Bangladesh'),('Ras El Aïn','MA',''),('Ras El Ma','MA',''),('Rasht','IR','Gilan'),('Ravenna','IT','Emilia Romagna'),('Rawalpindi','PK','Pakistan'),('Rawson','AR','Chubut'),('Rayyan','QA','Qatar'),('Reading','GB','Berkshire'),('Recife','BR','Pernambuco'),('Recklinghausen','DE','Nordrhein Westfalen'),('Regensburg','DE','Bayern'),('Reggio di Calabria','IT','Calabria'),('Reggio nellEmilia','IT','Emilia Romagna'),('Regina','CA','Saskatchewan'),('Reigate','GB','Surrey'),('Reims','FR','Champagne Ardenne'),('Remscheid','DE','Nordrhein Westfalen'),('Renfrew','GB','Strathclyde'),('Rennes','FR','Bretagne'),('Reno','US','Nevada'),('Renqiu','TJ','Hebei'),('Resistencia','AR','Chaco'),('Resita','RO','Caras Severin'),('Reutlingen','DE','Baden Wurttemberg'),('Reykjavik','IS','Iceland'),('Reynosa','MX','Tamaulipas'),('Rhondda','GB','Rhondda Cynon Taff'),('Rhymney Valley','GB','Vale of Glamorgan'),('Ribate El Kheir','MA',''),('Ribeirao das Neves','BR','Minas Gerais'),('Ribeirao Pires','BR','Sao Paulo'),('Ribeirao Preto','BR','Sao Paulo'),('Richmond','CA','Quebec'),('Richmond','US','Virginia'),('Riga','LV','Latvia'),('Rimini','IT','Emilia Romagna'),('Rimnicu Vilcea','RO','Vilcea'),('Rio Branco','BR','Acre'),('Rio Claro','BR','Sao Paulo'),('Rio Cuarto','AR','Cordoba'),('Rio de Janeiro','BR','Rio de Janeiro'),('Rio Gallegos','AR','Santa Cruz'),('Rio Grande','BR','Rio Grande do Sul'),('Rio Verde','BR','Goias'),('Riohacha','CO','Guajira, La'),('Rissani','MA',''),('Riverside','US','California'),('Rivne','UA','Rivnenska'),('Riyadh','SA','Saudi Arabia'),('Rize','TR','Rize'),('Rizhao','TJ','Shandong'),('Road Town','VG','British Virgin Islands'),('Roatan','HN','Islas de la Bahia'),('Rochdale','GB','Greater Manchester'),('Rochester','US','New York'),('Rochester upon Medway','GB','Kent'),('Rockford','US','Illinois'),('Rome','IT','Lazio'),('Rommani','MA',''),('Rondonopolis','BR','Mato Grosso'),('Rosario','AR','Santa Fe'),('Roseau','DM','Dominica'),('Rostock','DE','Mecklenburg Vorpommern'),('Rostov na Donu','RU','Rostovskaya oblast'),('Rostov no Donu','RU','Rostovskaya oblast'),('Rotherham','GB','South Yorkshire'),('Rotterdam','NL','Zuid Holland'),('Rouen','FR','Haute Normandie'),('Rovaniemi','FI','Lappia'),('Rubtsovsk','RU','Altayskiy kray'),('Ruda Slaska','PL','Katowickie'),('Rudny','KAZ','Qostanay'),('Ruian','TJ','Zhejiang'),('Ruthin','GB','Denbighshire'),('Ryazan','RU','Ryazanskaya oblast'),('Rybinsk','RU','Yaroslavskaya oblast'),('Rybnik','PL','Katowickie'),('Rzeszow','PL','Rzeszowskie'),('s Gravenhage','NL','Zuid Holland'),('s Hertogenbosch','NL','Noord Brabant'),('Saarbrucken','DE','Saarland'),('Sabaa Aiyoun','MA',''),('Sabadell','ES','Catalonia'),('Sabara','BR','Minas Gerais'),('Sabzevar','IR','Khorasan'),('Sacramento','US','California'),('Safi','MA',''),('Saga','JP','Saga'),('Sagaing','MYA','Sagaing'),('Saharanpur','IN','Uttar Pradesh'),('Sahiwal','PK','Pakistan'),('Saïdia','MA',''),('Saidpur','BD','Bangladesh'),('Saigon','VN','Vietnam'),('Saint Albans','GB','Hertfordshire'),('Saint Catharines','CA','Ontario'),('Saint Etienne','FR','Rhone Alpes'),('Saint Georges','GD','Grenada'),('Saint Helens','GB','Merseyside'),('Saint Helier','JE','Jersey'),('Saint Johns','AG','Antigua and Barbuda'),('Saint Johns','CA','Newfoundland'),('Saint Louis','SN','Saint Louis'),('Saint Peter Port','GG','Guernsey'),('Saint-Denis','RE','Reunion'),('Saint-Pierre','PM','Saint Pierre and Miquelon'),('Saipan','MP','Northern Mariana Islands'),('Sakarya','TR','Sakarya'),('Salamanca','ES','Castile and Leon'),('Salamanca','MX','Guanajuato'),('Salavat','RU','Rep. of Bashkortostan'),('Salé','MA',''),('Salem','IN','Tamil Nadu'),('Salem','US','Oregon'),('Salerno','IT','Campania'),('Salford','GB','Greater Manchester'),('Salgotarjan','HU','Nograd'),('Salinas','US','California'),('Salisbury','GB','Wiltshire'),('Salt Lake City','US','Utah'),('Salta','AR','Salta'),('Saltillo','MX','Coahuila'),('Salvador','BR','Bahia'),('Salzburg','AT','Salzburg'),('Salzgitter','DE','Niedersachsen'),('Samara','RU','Samarskaya oblast'),('Samarinda','ID','Indonesia'),('Samarqand','UZ','Samarqand'),('Samarra','IQ','Salah ad Din'),('Samsun','TR','Samsun'),('San Andres','CO','San Andres y Providencia'),('San Antonio','US','Texas'),('San Bernardino','US','California'),('San Carlos','VE','Cojedes'),('San Cristobal','VE','Tachira'),('San Diego','US','California'),('San Felipe','VE','Yaracuy'),('San Fernando','VE','Apure'),('San Fernando del Valle de Catamarca','AR','Catamarca'),('San Francisco','US','California'),('San Isidro','AR','Buenos Aires'),('San Jose','CR','San Jose'),('San Jose','US','California'),('San Jose del Guaviare','CO','Guaviare'),('San Juan','AR','San Juan'),('San Juan','PR','Puerto Rico'),('San Juan','VE','Guarico'),('San Luis','AR','San Luis'),('San Luis Potosi','MX','San Luis Potosi'),('San Marino','SM','San Marino'),('San Miguel de Tucuman','AR','Tucuman'),('San Miguelito','PA','Panama'),('San Nicolas de los Arroyos','AR','Buenos Aires'),('San Nicolas de los Garza','MX','Nuevo Leon'),('San Pedro Garza Garcia','MX','Nuevo Leon'),('San Pedro Sula','HN','Cortes'),('San Salvador','SV','El Salvador'),('San Salvador de Jujuy','AR','Jujuy'),('Sanaa','YE','Yemen'),('Sanandaj','IR','Kordestan'),('Sanchuung','RC','Taiwan'),('Sancti Spiritus','CU','Sancti Spiritus'),('Sandakan','MY','Sabah'),('Sandwell','GB','West Midlands'),('Sankt Gallen','CH','SG'),('Sankt Peterburg','RU','Sankt Peterburg'),('Sanmenxia','TJ','Henan'),('Sanming','TJ','Fujian'),('Santa Ana','SV','El Salvador'),('Santa Ana','US','California'),('Santa Barbara','HN','Santa Barbara'),('Santa Barbara dOeste','BR','Sao Paulo'),('Santa Clara','CU','Villa Clara'),('Santa Clarita','US','California'),('Santa Coloma de Gramanet','ES','Catalonia'),('Santa Cruz de Tenerife','ES','Canary Islands'),('Santa Cruz do Sul','BR','Rio Grande do Sul'),('Santa Fe','AR','Santa Fe'),('Santa Fe','US','New Mexico'),('Santa Luzia','BR','Paraiba'),('Santa Maria','BR','Rio Grande do Sul'),('Santa Marta','CO','Magdalena'),('Santa Rita','BR','Paraiba'),('Santa Rosa','AR','La Pampa'),('Santa Rosa','US','California'),('Santa Rosa de Copan','HN','Copan'),('Santander','ES','Cantabria'),('Santarem','BR','Para'),('Santarem','PT','Santarem'),('Santiago','CL','Chile'),('Santiago','PA','Veraguas'),('Santiago de Compostella','ES','Galicia'),('Santiago de Cuba','CU','Santiago de Cuba'),('Santiago del Estero','AR','Santiago de Estero'),('Santiago del Estero La Banda','AR','Santiago de Estero'),('Santo Andre','BR','Sao Paulo'),('Santo Domingo','DO','Dominican Republic'),('Santos','BR','Sao Paulo'),('Sanya','TJ','Hainan'),('Sao Bernardo do Campo','BR','Sao Paulo'),('Sao Caetano do Sul','BR','Sao Paulo'),('Sao Carlos','BR','Sao Paulo'),('Sao Goncalo','BR','Rio de Janeiro'),('Sao Joao de Meriti','BR','Rio de Janeiro'),('Sao Jose','BR','Santa Catarina'),('Sao Jose do Rio Preto','BR','Sao Paulo'),('Sao Jose dos Campos','BR','Sao Paulo'),('Sao Jose dos Pinhais','BR','Parana'),('Sao Leopoldo','BR','Rio Grande do Sul'),('Sao Luis','BR','Maranhao'),('Sao Paulo','BR','Sao Paulo'),('Sao Tome','ST','Sao Tome and Principe'),('Sao Vicente','BR','Sao Paulo'),('Sapele','NG','Nigeria'),('Sapporo','JP','Hokkaido'),('Sapucaia do Sul','BR','Rio Grande do Sul'),('Saraburi','TH','Thailand'),('Sarajevo','BA','Bosnia and Herzegovina'),('Saransk','RU','Rep. of Mordovia'),('Sarapul','RU','Udmurt Republic'),('Saratov','RU','Saratovskaya oblast'),('Sarghine','MA',''),('Sargodha','PK','Pakistan'),('Sari','IR','Mazandaran'),('Sarnen','CH','OW'),('Saskatoon','CA','Saskatchewan'),('Sassari','IT','Sardegna'),('Satu Mare','RO','Satu Mare'),('Saurimo','AO','Lunda Sul'),('Savannah','US','Georgia'),('Savar','BD','Bangladesh'),('Scarborough','CA','Ontario'),('Scarborough','GB','North Yorkshire'),('Schaffhausen','CH','SH'),('Schwerin','DE','Mecklenburg Vorpommern'),('Schwyz','CH','SZ'),('Scottsdale','US','Arizona'),('Seattle','US','Washington'),('Sebt El Maârif','MA',''),('Sebt Gzoula','MA',''),('Sebt Jahjouh','MA',''),('Séfrou','MA',''),('Sefton','GB','Merseyside'),('Sekondi','GH','Ghana'),('Selayang Baru','MY','Selangor'),('Selouane','MA',''),('Semarang','ID','Indonesia'),('Semey','KAZ','Semey'),('Semnan','IR','Semnan'),('Sendai','JP','Miyagi'),('Seoul','ROK','South Korea'),('Seremban','MY','Negeri Sembilan'),('Serov','RU','Sverdlovskaya oblast'),('Serpukhov','RU','Moskovskaya oblast'),('Serra','BR','Espirito Santo'),('Sete Lagoas','BR','Minas Gerais'),('Setif','DZ','Algeria'),('Settat','MA',''),('Setubal','PT','Setubal'),('Sevastopol','UA','Krym'),('Sevenoaks','GB','Kent'),('Severodvinsk','RU','Arkhangelskaya oblast'),('Seversk','RU','Tomskaya oblast'),('Sevilla','ES','Andalusia'),('Sfintu Gheorghe','RO','Covasna'),('Shagamu','NG','Nigeria'),('Shah Alam','MY','Selangor'),('Shahr e Kord','IR','Chahar Mahal e Bakhtiari'),('Shakhty','RU','Rostovskaya oblast'),('Shaki','NG','Nigeria'),('Shanghai','TJ','Shanghai (munic.)'),('Shangqiu','TJ','Henan'),('Shangrao','TJ','Jiangxi'),('Shangzhi','TJ','Heilongjiang'),('Shantou','TJ','Guangdong'),('Shanwei','TJ','Guangdong'),('Shaoguan','TJ','Guangdong'),('Shaoxing','TJ','Zhejiang'),('Shaoyang','TJ','Hunan'),('Sharjah','AE','Ash Shariqah'),('Shashi','TJ','Hubei'),('Shchyolkovo','RU','Moskovskaya oblast'),('Sheffield','GB','South Yorkshire'),('Sheikhupura','PK','Pakistan'),('Shenyang','TJ','Liaoning'),('Shenzhen','TJ','Guangdong'),('Shibin el Kom','EG','El Minufiya'),('Shihezi','TJ','Xinjiang Uygur'),('Shijiazhuang','TJ','Hebei'),('Shillong','IN','Meghalaya'),('Shinyanga','TZ','Shinyanga'),('Shiraz','IR','Fars'),('Shishou','TJ','Hubei'),('Shiyan','TJ','Hubei'),('Shizuishan','TJ','Ningxia Huizu'),('Shizuoka','JP','Shizuoka'),('Shkoder','AL','Albania'),('Sholapur','IN','Maharashtra'),('Shomolu','NG','Nigeria'),('Shreveport','US','Louisiana'),('Shrewsbury','GB','Shropshire'),('Shuangcheng','TJ','Heilongjiang'),('Shuangyashan','TJ','Heilongjiang'),('Shubra el Kheima','EG','El Qalubiya'),('Shymkent','KAZ','Ongtustik Qazaqstan'),('Sialkot','PK','Pakistan'),('Sibiu','RO','Sibiu'),('Sibu','MY','Sarawak'),('Sid L\'Mokhtar','MA',''),('Sid Zouin','MA',''),('Sidi Abdallah Ghiat','MA',''),('Sidi Addi','MA',''),('Sidi Ahmed','MA',''),('Sidi Ali Ban Hamdouche','MA',''),('Sidi Allal El Bahraoui','MA',''),('Sidi Allal Tazi','MA',''),('Sidi bel Abbes','DZ','Algeria'),('Sidi Bennour','MA',''),('Sidi Bou Othmane','MA',''),('Sidi Boubker','MA',''),('Sidi Bouknadel','MA',''),('Sidi Bouzid','MA',''),('Sidi Ifni','MA',''),('Sidi Jaber','MA',''),('Sidi Kacem','MA',''),('Sidi Lyamani','MA',''),('Sidi Mohamed ben Abdallah el-Raisun','MA',''),('Sidi Rahhal','MA',''),('Sidi Rahhal Chataï','MA',''),('Sidi Slimane','MA',''),('Sidi Slimane Echcharaa','MA',''),('Sidi Smaïl','MA',''),('Sidi Taibi','MA',''),('Sidi Yahya El Gharb','MA',''),('Siedlce','PL','Siedleckie'),('Siegen','DE','Nordrhein Westfalen'),('Sieradz','PL','Sieradzkie'),('Siguatepeque','HN','Francisco Morazan'),('Siirt','TR','Siirt'),('Silvassa','IN','Dadra and Nagar Haveli'),('Simbirsk','RU','Ulyanovskaya oblast'),('Simferopol','UA','Krym'),('Simi Valley','US','California'),('Simla','IN','Himachal Pradesh'),('Sincelejo','CO','Sucre'),('Singapore','SG','Singapore'),('Singida','TZ','Singida'),('Sinop','TR','Sinop'),('Sinpo','NOK','North Korea'),('Sinuiju','NOK','North Korea'),('Sion','CH','VS'),('Sioux Falls','US','South Dakota'),('Siping','TJ','Jilin'),('Siracusa','IT','Sicilia'),('Sirajganj','BD','Bangladesh'),('Sirjan','IR','Kerman'),('Sirnak','TR','Sirnak'),('Sivas','TR','Sivas'),('Skhinate','MA',''),('Skhirat','MA',''),('Skhour Rehamna','MA',''),('Skien','NO','Telemark'),('Skierniewice','PL','Skierniewickie'),('Skikda','DZ','Algeria'),('Skopje','MK','Macedonia'),('Skoura','MA',''),('Slatina','RO','Olt'),('Slobozia','RO','Ialomita'),('Slough','GB','Berkshire'),('Slupsk','PL','Slupskie'),('Smimou','MA',''),('Smolensk','RU','Smolenskaya oblast'),('Soacha','CO','Cundinamarca'),('Sobral','BR','Ceara'),('Sochi','RU','Krasnodarsky kray'),('Sofia','BG','Bulgaria'),('Sohag','EG','Sohag'),('Sokoto','NG','Nigeria'),('Soledad','CO','Atlantico'),('Soledad de Graciano Sanchez','MX','San Luis Potosi'),('Solihull','GB','West Midlands'),('Solikamsk','RU','Permskaya oblast'),('Solingen','DE','Nordrhein Westfalen'),('Solothurn','CH','SO'),('Solwezi','ZM','Northwestern'),('Songea','TZ','Ruvuma'),('Songjin','NOK','North Korea'),('Songkhla','TH','Thailand'),('Songnam','ROK','South Korea'),('Sorocaba','BR','Sao Paulo'),('Sosnowiec','PL','Katowickie'),('Soualem','MA',''),('Souk El Arbaa','MA',''),('Souk Sebt Oulad Nemma','MA',''),('South Bend','US','Indiana'),('Southampton','GB','Hampshire'),('Southend on Sea','GB','Essex'),('Soweto','ZA','Gauteng'),('Soyapango','SV','El Salvador'),('Spokane','US','Washington'),('Springfield','US','Illinois'),('Springfield','US','Massachusetts'),('Springfield','US','Missouri'),('Srinagar','IN','Jammu and Kashmir'),('St. Louis','US','Missouri'),('St. Paul','US','Minnesota'),('St. Petersburg','US','Florida'),('St. Polten','AT','Lower Austria'),('Stafford','GB','Staffordshire'),('Stamford','US','Connecticut'),('Stanley','FALK','Falkland Islands'),('Stans','CH','NW'),('Stary Oskol','RU','Belgorodskaya oblast'),('Stavanger','NO','Rogaland'),('Stavropol','RU','Stavropolsky kray'),('Steinkjer','NO','Nord Trondelag'),('Sterling Heights','US','Michigan'),('Sterlitamak','RU','Rep. of Bashkortostan'),('Stirling','GB','Central'),('Stockholm','SE','Stockholm'),('Stockport','GB','Greater Manchester'),('Stockton','US','California'),('Stockton on Tees','GB','Cleveland'),('Stoke on Trent','GB','Staffordshire'),('Stornoway','GB','Outer Hebrides'),('Strasbourg','FR','Alsace'),('Stratford on Avon','GB','Warwickshire'),('Stroud','GB','Gloucestershire'),('Stuttgart','DE','Baden Wurttemberg'),('Suceava','RO','Suceava'),('Sucre','BO','Bolivia'),('Suihua','TJ','Heilongjiang'),('Sukabumi','ID','Indonesia'),('Sukkur','PK','Pakistan'),('Sullana','PE','Piura'),('Sumare','BR','Sao Paulo'),('Sumbawanga','TZ','Rukwa'),('Sumbe','AO','Cuanza Sul'),('Sumy','UA','Sumska'),('Sunchon','NOK','North Korea'),('Sunderland','GB','Tyne and Wear'),('Sunnyvale','US','California'),('Sunshine Coast','AU','New South Wales'),('Suqian','TJ','Jiangsu'),('Surabaya','ID','Indonesia'),('Surakarta','ID','Indonesia'),('Surat','IN','Gujarat'),('Surgut','RU','Tyumenskaya oblast'),('Surrey','CA','British Columbia'),('Sutton in Ashfield','GB','Derbyshire'),('Suva','FJ','Fiji'),('Suwalki','PL','Suwalskie'),('Suwon','ROK','South Korea'),('Suzano','BR','Sao Paulo'),('Suzhou','TJ','Anhui'),('Suzhou','TJ','Jiangsu'),('Svolvaer','NO','Nordland'),('Swale','GB','Kent'),('Swansea','GB','Swansea'),('Sydney','AU','New South Wales'),('Syktyvkar','RU','Rep. of Komi'),('Sylhet','BD','Bangladesh'),('Syracuse','US','New York'),('Syzran','RU','Samarskaya oblast'),('Szczecin','PL','Szczecinskie'),('Szeged','HU','Szeged (munic.)'),('Szekesfehervar','HU','Fejer'),('Szekszard','HU','Tolna'),('Szolnok','HU','Szolnok'),('Szombathely','HU','Vas'),('Taboao da Serra','BR','Sao Paulo'),('Tabora','TZ','Tabora'),('Tabounte','MA',''),('Tabriz','IR','Azarbayian e Sharqi'),('Tacna','PE','Tacna'),('Tacoma','US','Washington'),('Taegu','ROK','South Korea'),('Taejon','ROK','South Korea'),('Tafajight','MA',''),('Tafetachte','MA',''),('Tafraout','MA',''),('Taganrog','RU','Rostovskaya oblast'),('Taghjijt','MA',''),('Taghzout','MA',''),('Tagzen','MA',''),('Tahannaout','MA',''),('Tahla‎','MA',''),('Taian','TJ','Shandong'),('Taichung','RC','Taiwan'),('Tainan','RC','Taiwan'),('Taïnaste‎','MA',''),('Taipei','RC','Taiwan'),('Taiping','MY','Perak'),('Taitung','RC','Taiwan'),('Taiyuan','TJ','Shanxi'),('Taizhou','TJ','Jiangsu'),('Takamatsu','JP','Kagawa'),('Takoradi','GH','Ghana'),('Tala Tazegwaght‎','MA',''),('Talara','PE','Piura'),('Taldyqorghan','KAZ','Taldyqorghan'),('Taliouine','MA',''),('Tallahassee','US','Florida'),('Tallinn','EE','Estonia'),('Talmest','MA',''),('Talsint','MA',''),('Tamale','GH','Ghana'),('Tamallalt','MA',''),('Tamanar','MA',''),('Tamansourt','MA',''),('Tamassint‎','MA',''),('Tamatave','MG','Toamasina'),('Tambacounda','SN','Tambacounda'),('Tambov','RU','Tambovskaya oblast'),('Tamegroute','MA',''),('Tameside','GB','Greater Manchester'),('Tameslouht','MA',''),('Tamesna','MA',''),('Tampa','US','Florida'),('Tampere','FI','Haeme'),('Tampico','MX','Tamaulipas'),('Tamraght','MA',''),('Tan-Tan','MA',''),('Tanalt','MA',''),('Tanchon','NOK','North Korea'),('Tanga','TZ','Tanga'),('Tangail','BD','Bangladesh'),('Tanger‎','MA',''),('Tangshan','TJ','Hebei'),('Tanjung Balai','ID','Indonesia'),('Tanoumrite Nkob Zagora','MA',''),('Tanta','EG','El Gharbiya'),('Taounate‎','MA',''),('Taourirt','MA',''),('Taourirt ait zaghar','MA',''),('Taoyuan','RC','Taiwan'),('Tapachula','MX','Chiapas'),('Taranto','IT','Puglia'),('Tarawa','KI','Kiribati'),('Tarfaya‎','MA',''),('Targuist‎','MA',''),('Tarnobrzeg','PL','Tarnobrzeskie'),('Tarnow','PL','Tarnowskie'),('Taroudant','MA',''),('Tarragona','ES','Catalonia'),('Tarsus','TR','Icel'),('Tashauz','TM','Dashhowuz'),('Tashkent','UZ','Toshkent'),('Tata','MA',''),('Tatabanya','HU','Komarom Esztergom'),('Taubate','BR','Sao Paulo'),('Taunggyi','MYA','Shan'),('Taunton','GB','Somerset'),('Tavoy','MYA','Tanintharyi'),('Tawai','MY','Sabah'),('Taza‎','MA',''),('Tbilisi','GE','Georgia'),('Tebessa','DZ','Algeria'),('Tebing Tinggi','ID','Indonesia'),('Tegal','ID','Indonesia'),('Tegucigalpa','HN','Francisco Morazan'),('Tehran','IR','Tehran'),('Tehuacan','MX','Puebla'),('Tekirdag','TR','Tekirdag'),('Tel Aviv','IL','Tel Aviv'),('Tela','HN','Atlantida'),('Tema','GH','Ghana'),('Témara','MA',''),('Tembisa','ZA','Gauteng'),('Temirtau','KAZ','Qaraghandy'),('Tempe','US','Arizona'),('Temsia','MA',''),('Tendrara','MA',''),('Tengxian','TJ','Shandong'),('Teofilo Otoni','BR','Minas Gerais'),('Tepic','MX','Nayarit'),('Teresina','BR','Piaui'),('Teresopolis','BR','Rio de Janeiro'),('Termiz','UZ','Surkhondare'),('Terni','IT','Umbria'),('Ternopil','UA','Ternopilska'),('Terrassa','ES','Catalonia'),('Tete','MZ','Tete'),('Tétouan‎','MA',''),('Thai Nguyen','VN','Vietnam'),('Thane','IN','Maharashtra'),('Thar Es-Souk‎','MA',''),('The Valley','AI','Anguilla'),('Thessaloniki','GR','Kedriki Makedhonia'),('Thies','SN','Thies'),('Thika','KE','Central'),('Thimphu','BT','Bhutan'),('Thousand Oaks','US','California'),('Thunder Bay','CA','Ontario'),('Tianjin','TJ','Tianjin (munic.)'),('Tianmen','TJ','Hubei'),('Tianshui','TJ','Gansu'),('Tichoute','MA',''),('Tiddas','MA',''),('Tieling','TJ','Liaoning'),('Tiflet','MA',''),('Tifnit','MA',''),('Tighassaline','MA',''),('Tighza','MA',''),('Tijuana','MX','Baja California'),('Tilburg','NL','Noord Brabant'),('Timahdite','MA',''),('Timisoara','RO','Timis'),('Timon','BR','Maranhao'),('Tinejdad','MA',''),('Tirane','AL','Albania'),('Tirgoviste','RO','Dimbovita'),('Tirgu Jiu','RO','Gorj'),('Tirgu Mures','RO','Mures'),('Tiruchchirappalli','IN','Tamil Nadu'),('Tisgdal','MA',''),('Tissa‎','MA',''),('Tit Mellil','MA',''),('Tizguite','MA',''),('Tizi Ouasli‎','MA',''),('Tiznit','MA',''),('Tiztoutine','MA',''),('Tlaquepaque','MX','Jalisco'),('Tlaxcala','MX','Tlaxcala'),('Tlemcen','DZ','Algeria'),('Toensberg','NO','Vestfold'),('Tokat','TR','Tokat'),('Tokchon','NOK','North Korea'),('Tokushima','JP','Tokushima'),('Tokyo','JP','Tokyo'),('Toledo','ES','Castile La Mancha'),('Toledo','US','Ohio'),('Toliara','MG','Toliara'),('Toluca','MX','Mexico, Estado de'),('Toluca de Lerdo','MX','Mexico, Estado de'),('Tolyatti','RU','Samarskaya oblast'),('Tomsk','RU','Tomskaya oblast'),('Tonala','MX','Chiapas'),('Tonbridge','GB','Kent'),('Tongchuan','TJ','Shaanxi'),('Tonghua','TJ','Jilin'),('Tongi','BD','Bangladesh'),('Tongliao','TJ','Nei Monggol'),('Tongling','TJ','Anhui'),('Topeka','US','Kansas'),('Toronto','CA','Ontario'),('Torrance','US','California'),('Torre del Greco','IT','Campania'),('Torreon','MX','Coahuila'),('Torshavn','FO','Faroe Islands'),('Torun','PL','Torunskie'),('Tottori','JP','Tottori'),('Touarga','MA',''),('Touima','MA',''),('Touissit','MA',''),('Toulal','MA',''),('Toulon','FR','Provence Cote dAzur'),('Toulouse','FR','Midi Pyrenees'),('Toundoute','MA',''),('Tounfite','MA',''),('Tours','FR','Centre'),('Townsville','AU','Queensland'),('Toyama','JP','Toyama'),('Trabzon','TR','Trabzon'),('Trafford','GB','Greater Manchester'),('Trento','IT','Trentino Alto Adige'),('Trenton','US','New Jersey'),('Trieste','IT','Friuli Venezia Giulia'),('Tripoli','GR','Peloponnisos'),('Tripoli','LY','Libya'),('Trivandrum','IN','Kerala'),('Tromsoe','NO','Troms'),('Trondheim','NO','Soer Trondelag'),('Trowbridge','GB','Wiltshire'),('Trujillo','HN','Colon'),('Trujillo','PE','La Libertad'),('Trujillo','VE','Trujillo'),('Truro','GB','Cornwall'),('Tshikapa','ZRE','Kasai Occidental'),('Tsu','JP','Mie'),('Tucson','US','Arizona'),('Tucupita','VE','Delta Amacuro'),('Tula','RU','Tulskaya oblast'),('Tulcea','RO','Tulcea'),('Tulsa','US','Oklahoma'),('Tulua','CO','Valle de Cauca'),('Tumaco','CO','Narino'),('Tumbes','PE','Tumbes'),('Tunbridge Wells','GB','Kent'),('Tunceli','TR','Tunceli'),('Tunis','TN','Tunisia'),('Tunja','CO','Boyaca'),('Turbo','CO','Antioquia'),('Turin','IT','Piemonte'),('Turku','FI','Turku-Pori'),('Turmero','VE','Aragua'),('Tuxtla Gutierrez','MX','Chiapas'),('Tver','RU','Tverskaya oblast'),('Tychy','PL','Katowickie'),('Tyumen','RU','Tyumenskaya oblast'),('Uberaba','BR','Minas Gerais'),('Uberlandia','BR','Minas Gerais'),('Ubon Ratchathani','TH','Thailand'),('Ufa','RU','Rep. of Bashkortostan'),('Uige','AO','Uige'),('Ujjain','IN','Madhya Pradesh'),('Ujung Pandang','ID','Indonesia'),('Ukhta','RU','Rep. of Komi'),('Ulaanbaatar','MN','Mongolia'),('Ulan Ude','RU','Rep. of Buryatiya'),('Ulanhot','TJ','Nei Monggol'),('Ulhasnagar','IN','Maharashtra'),('Ulm','DE','Baden Wurttemberg'),('Ulsan','ROK','South Korea'),('Umea','SE','Vasterbotten'),('Uppsala','SE','Uppsala'),('Urawa','JP','Saitama'),('Urfa','TR','Sanliurfa'),('Urganch','UZ','Khorazm'),('Uruapan','MX','Michoacan'),('Uruguaiana','BR','Rio Grande do Sul'),('Urumqi','TJ','Xinjiang Uygur'),('Usak','TR','Usak'),('Ushuaia','AR','Tierra del Fuego'),('Usolye Sibirskoye','RU','Irkutskaya oblast'),('Ussuriysk','RU','Primorsky kray'),('Ust Ilimsk','RU','Irkutskaya oblast'),('Usti nad Labem','CZ','Severocesky'),('Utrecht','NL','Utrecht'),('Utsonomiya','JP','Tochigi'),('Uvira','ZRE','Kivu'),('Uzhhorod','UA','Zakarpatska'),('Vaasa','FI','Vaasa'),('Vadodara','IN','Gujarat'),('Vadsoe','NO','Finnmark'),('Vaduz','LI','Liechtenstein'),('Valencia','ES','Valencia'),('Valencia','VE','Carabobo'),('Valladolid','ES','Castile and Leon'),('Valledupar','CO','Cesar'),('Vallejo','US','California'),('Valletta','MT','Malta'),('Valparaiso','CL','Chile'),('Van','TR','Van'),('Vancouver','CA','British Columbia'),('Vanersborg','SE','Alvsborg'),('Varanasi','IN','Uttar Pradesh'),('Varginha','BR','Minas Gerais'),('Varzea Grande','BR','Mato Grosso'),('Vaslui','RO','Vaslui'),('Vasteras','SE','Vastmanland'),('Vatican City','V','Holy See'),('Vaughan','CA','Ontario'),('Vaxjo','SE','Kronoberg'),('Velikiye Luki','RU','Pskovskaya oblast'),('Velsen','NL','Noord Holland'),('Venice','IT','Veneto'),('Veracruz Llave','MX','Veracruz'),('Verona','IT','Veneto'),('Veszprem','HU','Veszprem'),('Viamao','BR','Rio Grande do Sul'),('Viana do Castelo','PT','Viana do Castelo'),('Vicente Lopez','AR','Buenos Aires'),('Vicenza','IT','Veneto'),('Victoria','CA','British Columbia'),('Victoria','MT','Malta'),('Victoria','SC','Seychelles'),('Victoria de Durango','MX','Durango'),('Victoria de las Tunas','CU','Las Tunas'),('Viedma','AR','Rio Negro'),('Vienna','AT','Vienna'),('Vientiane','LA','Laos'),('Viet Tri','VN','Vietnam'),('Vigo','ES','Galicia'),('Vijayawada','IN','Andhra Pradesh'),('Vila Nova de Gaia','PT','Porto'),('Vila Real','PT','Vila Real'),('Vila Velha','BR','Espirito Santo'),('Villa Nueva','GT','Guatemala'),('Villahermosa','MX','Tabasco'),('Villavicencio','CO','Meta'),('Villeurbanne','FR','Rhone Alpes'),('Vilnius','LT','Lithuania'),('Vinnytsya','UA','Vinnytska'),('Virginia Beach','US','Virginia'),('Visby','SE','Gotland'),('Viseu','PT','Viseu'),('Vishakhapatnam','IN','Andhra Pradesh'),('Vitoria','BR','Espirito Santo'),('Vitoria da Conquista','BR','Bahia'),('Vitoria de Santo Antao','BR','Pernambuco'),('Vitoria Gasteiz','ES','Basque Country'),('Vladikavkaz','RU','Rep. of North Ossetiya'),('Vladimir','RU','Vladimirskaya oblast'),('Vladivostok','RU','Primorsky kray'),('Vlore','AL','Albania'),('Volgodonsk','RU','Rostovskaya oblast'),('Volgograd','RU','Volgogradskaya oblast'),('Vologda','RU','Vologodskaya oblast'),('Volos','GR','Thessalia'),('Volta Redonda','BR','Rio de Janeiro'),('Volzhsky','RU','Volgogradskaya oblast'),('Vorkuta','RU','Rep. of Komi'),('Voronezh','RU','Voronezhskaya oblast'),('Votkinsk','RU','Udmurt Republic'),('Vung Tau','VN','Vietnam'),('Waco','US','Texas'),('Wad Madani','SD','Nil al Asraq'),('Wafangdian','TJ','Liaoning'),('Wah Cantonment','PK','Pakistan'),('Wakayama','JP','Wakayama'),('Wakefield','GB','West Yorkshire'),('Wakrah','QA','Qatar'),('Walbrzych','PL','Walbrzyskie'),('Walsall','GB','West Midlands'),('Wanxian','TJ','Sichuan'),('Warangal','IN','Andhra Pradesh'),('Warren','US','Michigan'),('Warrington','GB','Cheshire'),('Warsaw','PL','Warszwaskie'),('Warwick','GB','Warwickshire'),('Washington','US','Distr. Columbia'),('Waterbury','US','Connecticut'),('Waw','SD','Bahr al Ghazal'),('Weifang','TJ','Shandong'),('Weihai','TJ','Shandong'),('Weinan','TJ','Shaanxi'),('Wellington','NZ','New Zealand'),('Wendeng','TJ','Shandong'),('Wenzhou','TJ','Zhejiang'),('West Bromwich','GB','West Midlands'),('West Covina','US','California'),('West Island','COCO','Cocos Islands'),('Wete','TZ','Kaskazini Pemba'),('Whitehorse','CA','Yukon Territory'),('Wichita','US','Kansas'),('Wichita Falls','US','Texas'),('Wiesbaden','DE','Hessen'),('Wigan','GB','Greater Manchester'),('Willemstad','AN','Netherlands Antilles'),('Winchester','GB','Hampshire'),('Windhoek','NA','Namibia'),('Windsor','CA','Ontario'),('Windsor','GB','Berkshire'),('Winnipeg','CA','Manitoba'),('Winston Salem','US','North Carolina'),('Winterthur','CH','ZH'),('Wiral','GB','Merseyside'),('Witten','DE','Nordrhein Westfalen'),('Wloclawek','PL','Wloclawskie'),('Wodzilaw Slaski','PL','Katowickie'),('Wokingham','GB','Berkshire'),('Wolfsburg','DE','Niedersachsen'),('Wollongong','AU','New South Wales'),('Wolverhampton','GB','West Midlands'),('Wonsan','NOK','North Korea'),('Worcester','GB','Hereford and Worcester'),('Worcester','US','Massachusetts'),('Wrexham','GB','Wrexham'),('Wroclaw','PL','Wroclawskie'),('Wuhai','TJ','Nei Monggol'),('Wuhan','TJ','Hubei'),('Wuhu','TJ','Anhui'),('Wuppertal','DE','Nordrhein Westfalen'),('Wurzburg','DE','Bayern'),('Wuwei','TJ','Gansu'),('Wuxi','TJ','Jiangsu'),('Wuzhou','TJ','Guangxi Zhuangzu'),('Wycombe','GB','Buckinghamshire'),('Xai Xai','MZ','Gaza'),('Xalapa Enriquez','MX','Veracruz'),('Xiamen','TJ','Fujian'),('Xian','TJ','Shaanxi'),('Xiangfan','TJ','Hubei'),('Xiangtan','TJ','Hunan'),('Xianning','TJ','Hubei'),('Xianyang','TJ','Shaanxi'),('Xiaogan','TJ','Hubei'),('Xiaoshan','TJ','Zhejiang'),('Xichang','TJ','Sichuan'),('Xingcheng','TJ','Liaoning'),('Xinghua','TJ','Jiangsu'),('Xingtai','TJ','Hebei'),('Xining','TJ','Qinghai'),('Xintai','TJ','Shandong'),('Xinxiang','TJ','Henan'),('Xinyang','TJ','Henan'),('Xinyu','TJ','Jiangxi'),('Xuancheng','TJ','Anhui'),('Xuchang','TJ','Henan'),('Xuzhou','TJ','Jiangsu'),('Yakeshi','TJ','Nei Monggol'),('Yakutsk','RU','Rep. of Sakha'),('Yamagata','JP','Yamagata'),('Yamaguchi','JP','Yamaguchi'),('Yamoussoukro','CI','Cote dIvoire'),('Yanan','TJ','Shaanxi'),('Yancheng','TJ','Jiangsu'),('Yangjiang','TJ','Guangdong'),('Yangquan','TJ','Shanxi'),('Yangzhou','TJ','Jiangsu'),('Yanji','TJ','Jilin'),('Yantai','TJ','Shandong'),('Yaounde','CM','Centre'),('Yaren','NR','Nauru'),('Yaroslavl','RU','Yaroslavskaya oblast'),('Yasuj','IR','Boyer Ahmad e Kohkiluyeh'),('Yazd','IR','Yazd'),('Yekaterinburg','RU','Sverdlovskaya oblast'),('Yelets','RU','Lipetskaya oblast'),('Yellowknife','CA','Northwest Territories'),('Yerevan','AM','Armenia'),('Yibin','TJ','Sichuan'),('Yichang','TJ','Hubei'),('Yichun','TJ','Heilongjiang'),('Yichun','TJ','Jiangxi'),('Yinchuan','TJ','Ningxia Huizu'),('Yingkou','TJ','Liaoning'),('Yining','TJ','Xinjiang Uygur'),('Yixing','TJ','Jiangsu'),('Yiyang','TJ','Hunan'),('Yizheng','TJ','Jiangsu'),('Yogyakarta','ID','Indonesia'),('Yokohama','JP','Kanagawa'),('Yongan','TJ','Fujian'),('Yonkers','US','New York'),('Yopal','CO','Casanare'),('York','CA','Ontario'),('York','GB','North Yorkshire'),('Yoro','HN','Yoro'),('Yoshkar Ola','RU','Rep. of Mariy El'),('Yosu','ROK','South Korea'),('Youssoufia','MA',''),('Yozgat','TR','Yozgat'),('Ystrad Fawr','GB','Caerphilly'),('Yuanjiang','TJ','Hunan'),('Yuci','TJ','Shanxi'),('Yueyang','TJ','Hunan'),('Yumen','TJ','Gansu'),('Yungho','RC','Taiwan'),('Yuscaran','HN','El Paraiso'),('Yushu','TJ','Qinghai'),('Yuyao','TJ','Zhejiang'),('Yuzhno Sakhalinsk','RU','Sakhalinskaya oblast'),('Zaanstreek','NL','Noord Holland'),('Zabrze','PL','Katowickie'),('Zacatecas','MX','Zacatecas'),('Zag','MA',''),('Zagazig','EG','Sharqiya'),('Zagora','MA',''),('Zagorsk','RU','Moskovskaya oblast'),('Zagreb','HR','Croatia'),('Zahedan','IR','Sistan e Baluchestan'),('Zaïda','MA',''),('Zaïo','MA',''),('Zalaegerszeg','HU','Zala'),('Zalau','RO','Salaj'),('Zamboanga','PH','Philippines'),('Zamora','MX','Michoacan'),('Zamosc','PL','Zamojskie'),('Zanjan','IR','Zanjan'),('Zanzibar','TZ','Mjini Magharibi'),('Zaouia d\'Ifrane','MA',''),('Zaouïat Cheikh','MA',''),('Zaoyang','TJ','Hubei'),('Zaozhuang','TJ','Shandong'),('Zapopan','MX','Jalisco'),('Zaporizhzhya','UA','Zaporizka'),('Zaragoza','ES','Aragon'),('Zaria','NG','Nigeria'),('Zeghanghane','MA',''),('Zelenodolysk','RU','Rep. of Tatarstan'),('Zelenograd','RU','Moskovskaya oblast'),('Zeubelemok','MA',''),('Zhambyl','KAZ','Zhambyl'),('Zhangjiakou','TJ','Hebei'),('Zhangzhou','TJ','Fujian'),('Zhanjiang','TJ','Guangdong'),('Zhaodong','TJ','Heilongjiang'),('Zhaoqing','TJ','Guangdong'),('Zhengzhou','TJ','Henan'),('Zhenjiang','TJ','Jiangsu'),('Zhezkazghan','KAZ','Zhezkazghan'),('Zhezqazghan','KAZ','Zhezkazghan'),('Zhongshan','TJ','Guangdong'),('Zhoukou','TJ','Henan'),('Zhoushan','TJ','Zhejiang'),('Zhucheng','TJ','Shandong'),('Zhuhai','TJ','Guangdong'),('Zhumadian','TJ','Henan'),('Zhuzhou','TJ','Hunan'),('Zhytomyr','UA','Zhytomyrska'),('Zibo','TJ','Shandong'),('Zielona Gora','PL','Zielonogorskie'),('Zigong','TJ','Sichuan'),('Ziguinchor','SN','Ziguinchor'),('Zinat','MA',''),('Zixing','TJ','Hunan'),('Zlatoust','RU','Chelyabinskaya oblast'),('Zlin','CZ','Jihomoravsky'),('Zonguldak','TR','Zonguldak'),('Zug','CH','ZG'),('Zunyi','TJ','Guizhou'),('Zurich','CH','ZH'),('Zwickau','DE','Sachsen'),('Zwolle','NL','Overijssel');
/*!40000 ALTER TABLE `villes` ENABLE KEYS */;
UNLOCK TABLES;
/*!40103 SET TIME_ZONE=@OLD_TIME_ZONE */;

/*!40101 SET SQL_MODE=@OLD_SQL_MODE */;
/*!40014 SET FOREIGN_KEY_CHECKS=@OLD_FOREIGN_KEY_CHECKS */;
/*!40014 SET UNIQUE_CHECKS=@OLD_UNIQUE_CHECKS */;
/*!40101 SET CHARACTER_SET_CLIENT=@OLD_CHARACTER_SET_CLIENT */;
/*!40101 SET CHARACTER_SET_RESULTS=@OLD_CHARACTER_SET_RESULTS */;
/*!40101 SET COLLATION_CONNECTION=@OLD_COLLATION_CONNECTION */;
/*!40111 SET SQL_NOTES=@OLD_SQL_NOTES */;

-- Dump completed on 2017-10-23 23:44:03
